#
# There is insufficient memory for the Java Runtime Environment to continue.
# Native memory allocation (mmap) failed to map 105906176 bytes. Error detail: G1 virtual space
# Possible reasons:
#   The system is out of physical RAM or swap space
#   This process is running with CompressedOops enabled, and the Java Heap may be blocking the growth of the native heap
# Possible solutions:
#   Reduce memory load on the system
#   Increase physical memory or swap space
#   Check if swap backing store is full
#   Decrease Java heap size (-Xmx/-Xms)
#   Decrease number of Java threads
#   Decrease Java thread stack sizes (-Xss)
#   Set larger code cache with -XX:ReservedCodeCacheSize=
#   JVM is running with Unscaled Compressed Oops mode in which the Java heap is
#     placed in the first 4GB address space. The Java Heap base address is the
#     maximum limit for the native heap growth. Please use -XX:HeapBaseMinAddress
#     to set the Java Heap base and to place the Java Heap above 4GB virtual address.
# This output file may be truncated or incomplete.
#
#  Out of Memory Error (os_windows.cpp:3766), pid=15612, tid=11100
#
# JRE version: OpenJDK Runtime Environment (25.0.2) (build 25.0.2+-15348964-b329.117)
# Java VM: OpenJDK 64-Bit Server VM (25.0.2+-15348964-b329.117, mixed mode, tiered, compressed oops, compressed class ptrs, g1 gc, windows-amd64)
# No core dump will be written. Minidumps are not enabled by default on client versions of Windows
#

---------------  S U M M A R Y ------------

Command Line: --add-opens=java.base/java.lang=ALL-UNNAMED --add-opens=java.base/java.lang.invoke=ALL-UNNAMED --add-opens=java.base/java.util=ALL-UNNAMED --add-opens=java.prefs/java.util.prefs=ALL-UNNAMED --add-exports=jdk.compiler/com.sun.tools.javac.api=ALL-UNNAMED --add-exports=jdk.compiler/com.sun.tools.javac.util=ALL-UNNAMED --add-opens=java.base/java.nio.charset=ALL-UNNAMED --add-opens=java.base/java.net=ALL-UNNAMED --add-opens=java.base/java.util.concurrent=ALL-UNNAMED --add-opens=java.base/java.util.concurrent.atomic=ALL-UNNAMED --add-opens=java.xml/javax.xml.namespace=ALL-UNNAMED --add-opens=java.base/java.time=ALL-UNNAMED --enable-native-access=ALL-UNNAMED -Xmx2048m -Dfile.encoding=UTF-8 -Duser.country=RU -Duser.language=ru -Duser.variant -javaagent:D:\gradle\wrapper\dists\gradle-9.5.0-bin\bvnork1r7n8i6kp5cnkibsc9q\gradle-9.5.0\lib\agents\gradle-instrumentation-agent-9.5.0.jar org.gradle.launcher.daemon.bootstrap.GradleDaemon 9.5.0

Host: 11th Gen Intel(R) Core(TM) i5-11300H @ 3.10GHz, 8 cores, 15G,  Windows 11 , 64 bit Build 26100 (10.0.26100.8972)
Time: Mon Aug 10 23:09:25 2026 elapsed time: 13.131714 seconds (0d 0h 0m 13s)

---------------  T H R E A D  ---------------

Current thread (0x0000028124004980):  VMThread "VM Thread"          [id=11100, stack(0x000000f19fb00000,0x000000f19fc00000) (1024K)]

Stack: [0x000000f19fb00000,0x000000f19fc00000]
Native frames: (J=compiled Java code, j=interpreted, Vv=VM code, C=native code)
V  [jvm.dll+0x7bd439]  (no source info available)
V  [jvm.dll+0x78763d]  (no source info available)
V  [jvm.dll+0xa0c885]  (no source info available)
V  [jvm.dll+0xa0ef04]  (no source info available)
V  [jvm.dll+0xa0f603]  (no source info available)
V  [jvm.dll+0x309bf6]  (no source info available)
V  [jvm.dll+0x7b9545]  (no source info available)
V  [jvm.dll+0x7ac047]  (no source info available)
V  [jvm.dll+0x3fdeab]  (no source info available)
V  [jvm.dll+0x406066]  (no source info available)
V  [jvm.dll+0x3f2516]  (no source info available)
V  [jvm.dll+0x3f27f8]  (no source info available)
V  [jvm.dll+0x3c7b82]  (no source info available)
V  [jvm.dll+0x3c7c1a]  (no source info available)
V  [jvm.dll+0x4172d0]  (no source info available)
V  [jvm.dll+0x415bf1]  (no source info available)
V  [jvm.dll+0x3c72b7]  (no source info available)
V  [jvm.dll+0x415389]  (no source info available)
V  [jvm.dll+0xa158ca]  (no source info available)
V  [jvm.dll+0xa16bd1]  (no source info available)
V  [jvm.dll+0xa17148]  (no source info available)
V  [jvm.dll+0xa173d3]  (no source info available)
V  [jvm.dll+0x9ab9c8]  (no source info available)
V  [jvm.dll+0x7bb985]  (no source info available)
C  [ucrtbase.dll+0x2cd30]  (no source info available)
C  [KERNEL32.DLL+0x2ccb7]  (no source info available)
C  [ntdll.dll+0xaad6c]  (no source info available)

VM_Operation (0x000000f1a34fdaf8): G1TryInitiateConcMark, mode: safepoint, requested by thread 0x000002812bff7f60


---------------  P R O C E S S  ---------------

Threads class SMR info:
_java_thread_list=0x000002812cc7ae90, length=49, elements={
0x000002810c411460, 0x00000281240345d0, 0x00000281240614e0, 0x0000028124037ca0,
0x000002812406a3b0, 0x000002812406af70, 0x000002812406db40, 0x0000028124042820,
0x0000028124045850, 0x0000028124041890, 0x0000028124508a50, 0x000002812ae72030,
0x000002812a75df40, 0x000002812ac1cd30, 0x0000028129f2d0e0, 0x0000028129f313f0,
0x000002812b7c15a0, 0x000002812add5060, 0x000002812add8710, 0x000002812add6fa0,
0x000002812add7f40, 0x000002812add6000, 0x000002812addb5f0, 0x000002812addbdc0,
0x000002812c82e180, 0x000002812c82ba70, 0x000002812c82d9b0, 0x000002812c832000,
0x000002812c82e950, 0x000002812c831060, 0x000002812c8300c0, 0x000002812c830890,
0x000002812b374cc0, 0x000002812b375c60, 0x000002812b372d80, 0x000002812b376c00,
0x000002812b378370, 0x000002812b3773d0, 0x000002812b378b40, 0x000002812bccd390,
0x000002812bccfaa0, 0x000002812bcd19e0, 0x000002812bcd2980, 0x000002812bcd40f0,
0x000002812bff3910, 0x000002812bff8730, 0x000002812bff7790, 0x000002812bff7f60,
0x000002812d7c9ef0
}

Java Threads: ( => current thread )
  0x000002810c411460 JavaThread "main"                              [_thread_blocked, id=18196, stack(0x000000f19f400000,0x000000f19f500000) (1024K)]
  0x00000281240345d0 JavaThread "Common-Cleaner"             daemon [_thread_blocked, id=11576, stack(0x000000f19fc00000,0x000000f19fd00000) (1024K)]
  0x00000281240614e0 JavaThread "Reference Handler"          daemon [_thread_blocked, id=20036, stack(0x000000f19fd00000,0x000000f19fe00000) (1024K)]
  0x0000028124037ca0 JavaThread "Finalizer"                  daemon [_thread_blocked, id=2916, stack(0x000000f19fe00000,0x000000f19ff00000) (1024K)]
  0x000002812406a3b0 JavaThread "Signal Dispatcher"          daemon [_thread_blocked, id=8748, stack(0x000000f19ff00000,0x000000f1a0000000) (1024K)]
  0x000002812406af70 JavaThread "Attach Listener"            daemon [_thread_blocked, id=14168, stack(0x000000f1a0000000,0x000000f1a0100000) (1024K)]
  0x000002812406db40 JavaThread "Service Thread"             daemon [_thread_blocked, id=7872, stack(0x000000f1a0100000,0x000000f1a0200000) (1024K)]
  0x0000028124042820 JavaThread "Monitor Deflation Thread"   daemon [_thread_blocked, id=556, stack(0x000000f1a0200000,0x000000f1a0300000) (1024K)]
  0x0000028124045850 JavaThread "C2 CompilerThread0"         daemon [_thread_blocked, id=15548, stack(0x000000f1a0300000,0x000000f1a0400000) (1024K)]
  0x0000028124041890 JavaThread "C1 CompilerThread0"         daemon [_thread_blocked, id=18156, stack(0x000000f1a0400000,0x000000f1a0500000) (1024K)]
  0x0000028124508a50 JavaThread "Notification Thread"        daemon [_thread_blocked, id=3440, stack(0x000000f1a0500000,0x000000f1a0600000) (1024K)]
  0x000002812ae72030 JavaThread "Daemon health stats"               [_thread_blocked, id=15260, stack(0x000000f1a0d00000,0x000000f1a0e00000) (1024K)]
  0x000002812a75df40 JavaThread "Incoming local TCP Connector on port 63198"        [_thread_in_native, id=16556, stack(0x000000f1a0e00000,0x000000f1a0f00000) (1024K)]
  0x000002812ac1cd30 JavaThread "Daemon periodic checks"            [_thread_blocked, id=14316, stack(0x000000f1a0f00000,0x000000f1a1000000) (1024K)]
  0x0000028129f2d0e0 JavaThread "Daemon"                            [_thread_blocked, id=20072, stack(0x000000f1a1300000,0x000000f1a1400000) (1024K)]
  0x0000028129f313f0 JavaThread "Handler for socket connection from /127.0.0.1:63198 to /127.0.0.1:63199"        [_thread_in_native, id=17256, stack(0x000000f1a1400000,0x000000f1a1500000) (1024K)]
  0x000002812b7c15a0 JavaThread "Cancel handler"                    [_thread_blocked, id=860, stack(0x000000f1a1500000,0x000000f1a1600000) (1024K)]
  0x000002812add5060 JavaThread "Daemon worker"                     [_thread_blocked, id=12916, stack(0x000000f1a1600000,0x000000f1a1700000) (1024K)]
  0x000002812add8710 JavaThread "Asynchronous log dispatcher for DefaultDaemonConnection: socket connection from /127.0.0.1:63198 to /127.0.0.1:63199"        [_thread_blocked, id=16636, stack(0x000000f1a1700000,0x000000f1a1800000) (1024K)]
  0x000002812add6fa0 JavaThread "Stdin handler"                     [_thread_blocked, id=12356, stack(0x000000f1a1800000,0x000000f1a1900000) (1024K)]
  0x000002812add7f40 JavaThread "Daemon client event forwarder"        [_thread_blocked, id=6328, stack(0x000000f1a1900000,0x000000f1a1a00000) (1024K)]
  0x000002812add6000 JavaThread "Cache worker for journal cache (D:\gradle\caches\journal-1)"        [_thread_blocked, id=17112, stack(0x000000f1a1a00000,0x000000f1a1b00000) (1024K)]
  0x000002812addb5f0 JavaThread "File lock request listener"        [_thread_in_native, id=15620, stack(0x000000f1a1b00000,0x000000f1a1c00000) (1024K)]
  0x000002812addbdc0 JavaThread "Cache worker for file hash cache (D:\gradle\caches\9.5.0\fileHashes)"        [_thread_blocked, id=13820, stack(0x000000f1a1c00000,0x000000f1a1d00000) (1024K)]
  0x000002812c82e180 JavaThread "Cache worker for file hash cache (D:\itdetiApp\.gradle\9.5.0\fileHashes)"        [_thread_blocked, id=2128, stack(0x000000f1a1d00000,0x000000f1a1e00000) (1024K)]
  0x000002812c82ba70 JavaThread "Cache worker for Build Output Cleanup Cache (D:\itdetiApp\.gradle\buildOutputCleanup)"        [_thread_blocked, id=1708, stack(0x000000f1a1e00000,0x000000f1a1f00000) (1024K)]
  0x000002812c82d9b0 JavaThread "File watcher server"        daemon [_thread_in_native, id=14908, stack(0x000000f1a1f00000,0x000000f1a2000000) (1024K)]
  0x000002812c832000 JavaThread "File watcher consumer"      daemon [_thread_blocked, id=18976, stack(0x000000f1a2000000,0x000000f1a2100000) (1024K)]
  0x000002812c82e950 JavaThread "jar transforms"                    [_thread_blocked, id=2376, stack(0x000000f1a2100000,0x000000f1a2200000) (1024K)]
  0x000002812c831060 JavaThread "jar transforms Thread 2"           [_thread_blocked, id=4156, stack(0x000000f1a2200000,0x000000f1a2300000) (1024K)]
  0x000002812c8300c0 JavaThread "jar transforms Thread 3"           [_thread_blocked, id=9684, stack(0x000000f1a2300000,0x000000f1a2400000) (1024K)]
  0x000002812c830890 JavaThread "jar transforms Thread 4"           [_thread_blocked, id=19412, stack(0x000000f1a2400000,0x000000f1a2500000) (1024K)]
  0x000002812b374cc0 JavaThread "jar transforms Thread 5"           [_thread_blocked, id=7560, stack(0x000000f1a2500000,0x000000f1a2600000) (1024K)]
  0x000002812b375c60 JavaThread "jar transforms Thread 6"           [_thread_blocked, id=14096, stack(0x000000f1a2600000,0x000000f1a2700000) (1024K)]
  0x000002812b372d80 JavaThread "jar transforms Thread 7"           [_thread_blocked, id=20040, stack(0x000000f1a2700000,0x000000f1a2800000) (1024K)]
  0x000002812b376c00 JavaThread "jar transforms Thread 8"           [_thread_blocked, id=17472, stack(0x000000f1a2800000,0x000000f1a2900000) (1024K)]
  0x000002812b378370 JavaThread "Cache worker for file content cache (D:\gradle\caches\9.5.0\fileContent)"        [_thread_blocked, id=19684, stack(0x000000f1a2900000,0x000000f1a2a00000) (1024K)]
  0x000002812b3773d0 JavaThread "Cache worker for checksums cache (D:\itdetiApp\.gradle\9.5.0\checksums)"        [_thread_blocked, id=17020, stack(0x000000f1a2a00000,0x000000f1a2b00000) (1024K)]
  0x000002812b378b40 JavaThread "Cache worker for cache directory md-supplier (D:\gradle\caches\9.5.0\md-supplier)"        [_thread_blocked, id=18852, stack(0x000000f1a2b00000,0x000000f1a2c00000) (1024K)]
  0x000002812bccd390 JavaThread "Cache worker for cache directory md-rule (D:\gradle\caches\9.5.0\md-rule)"        [_thread_blocked, id=5592, stack(0x000000f1a2c00000,0x000000f1a2d00000) (1024K)]
  0x000002812bccfaa0 JavaThread "Build operations"                  [_thread_blocked, id=2564, stack(0x000000f1a2d00000,0x000000f1a2e00000) (1024K)]
  0x000002812bcd19e0 JavaThread "Build operations Thread 2"         [_thread_blocked, id=14864, stack(0x000000f1a2e00000,0x000000f1a2f00000) (1024K)]
  0x000002812bcd2980 JavaThread "Build operations Thread 3"         [_thread_blocked, id=14008, stack(0x000000f1a2f00000,0x000000f1a3000000) (1024K)]
  0x000002812bcd40f0 JavaThread "Build operations Thread 4"         [_thread_blocked, id=8124, stack(0x000000f1a3000000,0x000000f1a3100000) (1024K)]
  0x000002812bff3910 JavaThread "Build operations Thread 5"         [_thread_blocked, id=12684, stack(0x000000f1a3100000,0x000000f1a3200000) (1024K)]
  0x000002812bff8730 JavaThread "Build operations Thread 6"         [_thread_blocked, id=10488, stack(0x000000f1a3200000,0x000000f1a3300000) (1024K)]
  0x000002812bff7790 JavaThread "Build operations Thread 7"         [_thread_blocked, id=13716, stack(0x000000f1a3300000,0x000000f1a3400000) (1024K)]
  0x000002812bff7f60 JavaThread "Build operations Thread 8"         [_thread_blocked, id=13356, stack(0x000000f1a3400000,0x000000f1a3500000) (1024K)]
  0x000002812d7c9ef0 JavaThread "shaded jar writer"          daemon [_thread_blocked, id=16320, stack(0x000000f1a3500000,0x000000f1a3600000) (1024K)]
Total: 49

Other Threads:
=>0x0000028124004980 VMThread "VM Thread"                           [id=11100, stack(0x000000f19fb00000,0x000000f19fc00000) (1024K)]
  0x0000028123fc1d60 WatcherThread "VM Periodic Task Thread"        [id=392, stack(0x000000f19fa00000,0x000000f19fb00000) (1024K)]
  0x000002810c469e00 WorkerThread "GC Thread#0"                     [id=17576, stack(0x000000f19f500000,0x000000f19f600000) (1024K)]
  0x00000281240022b0 WorkerThread "GC Thread#1"                     [id=4152, stack(0x000000f1a0800000,0x000000f1a0900000) (1024K)]
  0x0000028124005220 WorkerThread "GC Thread#2"                     [id=16928, stack(0x000000f1a0900000,0x000000f1a0a00000) (1024K)]
  0x0000028124001e60 WorkerThread "GC Thread#3"                     [id=16316, stack(0x000000f1a0a00000,0x000000f1a0b00000) (1024K)]
  0x0000028124002fa0 WorkerThread "GC Thread#4"                     [id=12428, stack(0x000000f1a0b00000,0x000000f1a0c00000) (1024K)]
  0x0000028124004dd0 WorkerThread "GC Thread#5"                     [id=11964, stack(0x000000f1a0c00000,0x000000f1a0d00000) (1024K)]
  0x000002812b3962e0 WorkerThread "GC Thread#6"                     [id=180, stack(0x000000f1a1000000,0x000000f1a1100000) (1024K)]
  0x000002812b396730 WorkerThread "GC Thread#7"                     [id=12560, stack(0x000000f1a1100000,0x000000f1a1200000) (1024K)]
  0x000002810c482ed0 ConcurrentGCThread "G1 Main Marker"            [id=8916, stack(0x000000f19f600000,0x000000f19f700000) (1024K)]
  0x000002810c484950 WorkerThread "G1 Conc#0"                       [id=5424, stack(0x000000f19f700000,0x000000f19f800000) (1024K)]
  0x000002812b396fd0 WorkerThread "G1 Conc#1"                       [id=16368, stack(0x000000f1a1200000,0x000000f1a1300000) (1024K)]
  0x0000028123e8b170 ConcurrentGCThread "G1 Refine#0"               [id=13384, stack(0x000000f19f800000,0x000000f19f900000) (1024K)]
  0x0000028123e8db90 ConcurrentGCThread "G1 Service"                [id=12620, stack(0x000000f19f900000,0x000000f19fa00000) (1024K)]
Total: 15

Threads with active compile tasks:
Total: 0

VM state: at safepoint (normal execution)

VM Mutex/Monitor currently owned by a thread:  ([mutex/lock_event])
[0x00007ff96cab4698] Threads_lock - owner thread: 0x0000028124004980
[0x00007ff96cab4818] Heap_lock - owner thread: 0x000002812bff7f60

Heap address: 0x0000000080000000, size: 2048 MB, Compressed Oops mode: 32-bit

CDS archive(s) not mapped
Compressed class space mapped at: 0x000000000e000000-0x000000004e000000, reserved size: 1073741824
UseCompressedClassPointers 1, UseCompactObjectHeaders 0
Narrow klass pointer bits 32, Max shift 3
Narrow klass base: 0x0000000000000000, Narrow klass shift: 0
Encoding Range: [0x0000000000000000 - 0x0000000100000000), (4294967296 bytes)
Klass Range:    [0x000000000e000000 - 0x000000004e000000), (1073741824 bytes)
Klass ID Range:  [234881024 - 1308622841) (1073741817)
No protection zone.

GC Precious Log:
 CardTable entry size: 512
 Card Set container configuration: InlinePtr #cards 5 size 8 Array Of Cards #cards 10 size 36 Howl #buckets 4 coarsen threshold 1843 Howl Bitmap #cards 512 size 80 coarsen threshold 460 Card regions per heap region 1 cards per card region 2048
 CPUs: 8 total, 8 available
 Memory: 16073M
 Large Page Support: Disabled
 NUMA Support: Disabled
 Compressed Oops: Enabled (32-bit)
 Heap Region Size: 1M
 Heap Min Capacity: 8M
 Heap Initial Capacity: 252M
 Heap Max Capacity: 2G
 Pre-touch: Disabled
 Parallel Workers: 8
 Concurrent Workers: 2
 Concurrent Refinement Workers: 8
 Periodic GC: Disabled

Heap:
 garbage-first heap   total reserved 2097152K, committed 504832K, used 226640K [0x0000000080000000, 0x0000000100000000)
  region size 1024K, 17 young (17408K), 17 survivors (17408K)

Heap Regions: E=young(eden), S=young(survivor), O=old, HS=humongous(starts), HC=humongous(continues), CS=collection set, F=free, TAMS=top-at-mark-start, PB=parsable bottom
|   0|0x0000000080000000, 0x0000000080100000, 0x0000000080100000|100%|HS|  |TAMS 0x0000000080100000| PB 0x0000000080000000| Complete |  0
|   1|0x0000000080100000, 0x0000000080200000, 0x0000000080200000|100%|HC|  |TAMS 0x0000000080200000| PB 0x0000000080100000| Complete |  0
|   2|0x0000000080200000, 0x0000000080300000, 0x0000000080300000|100%|HC|  |TAMS 0x0000000080300000| PB 0x0000000080200000| Complete |  0
|   3|0x0000000080300000, 0x0000000080400000, 0x0000000080400000|100%|HC|  |TAMS 0x0000000080400000| PB 0x0000000080300000| Complete |  0
|   4|0x0000000080400000, 0x0000000080500000, 0x0000000080500000|100%| O|  |TAMS 0x0000000080500000| PB 0x0000000080400000| Untracked |  0
|   5|0x0000000080500000, 0x0000000080600000, 0x0000000080600000|100%| O|  |TAMS 0x0000000080600000| PB 0x0000000080500000| Untracked |  0
|   6|0x0000000080600000, 0x0000000080700000, 0x0000000080700000|100%|HS|  |TAMS 0x0000000080700000| PB 0x0000000080600000| Complete |  0
|   7|0x0000000080700000, 0x0000000080800000, 0x0000000080800000|100%| O|  |TAMS 0x0000000080800000| PB 0x0000000080700000| Untracked |  0
|   8|0x0000000080800000, 0x0000000080900000, 0x0000000080900000|100%| O|  |TAMS 0x0000000080900000| PB 0x0000000080800000| Untracked |  0
|   9|0x0000000080900000, 0x0000000080a00000, 0x0000000080a00000|100%| O|  |TAMS 0x0000000080a00000| PB 0x0000000080900000| Untracked |  0
|  10|0x0000000080a00000, 0x0000000080b00000, 0x0000000080b00000|100%| O|  |TAMS 0x0000000080b00000| PB 0x0000000080a00000| Untracked |  0
|  11|0x0000000080b00000, 0x0000000080c00000, 0x0000000080c00000|100%| O|  |TAMS 0x0000000080c00000| PB 0x0000000080b00000| Untracked |  0
|  12|0x0000000080c00000, 0x0000000080d00000, 0x0000000080d00000|100%| O|  |TAMS 0x0000000080d00000| PB 0x0000000080c00000| Untracked |  0
|  13|0x0000000080d00000, 0x0000000080e00000, 0x0000000080e00000|100%| O|  |TAMS 0x0000000080e00000| PB 0x0000000080d00000| Untracked |  0
|  14|0x0000000080e00000, 0x0000000080f00000, 0x0000000080f00000|100%| O|  |TAMS 0x0000000080f00000| PB 0x0000000080e00000| Untracked |  0
|  15|0x0000000080f00000, 0x0000000081000000, 0x0000000081000000|100%| O|  |TAMS 0x0000000081000000| PB 0x0000000080f00000| Untracked |  0
|  16|0x0000000081000000, 0x0000000081100000, 0x0000000081100000|100%| O|  |TAMS 0x0000000081100000| PB 0x0000000081000000| Untracked |  0
|  17|0x0000000081100000, 0x0000000081200000, 0x0000000081200000|100%| O|  |TAMS 0x0000000081200000| PB 0x0000000081100000| Untracked |  0
|  18|0x0000000081200000, 0x0000000081300000, 0x0000000081300000|100%| O|  |TAMS 0x0000000081300000| PB 0x0000000081200000| Untracked |  0
|  19|0x0000000081300000, 0x0000000081400000, 0x0000000081400000|100%| O|  |TAMS 0x0000000081400000| PB 0x0000000081300000| Untracked |  0
|  20|0x0000000081400000, 0x0000000081500000, 0x0000000081500000|100%| O|  |TAMS 0x0000000081500000| PB 0x0000000081400000| Untracked |  0
|  21|0x0000000081500000, 0x0000000081600000, 0x0000000081600000|100%| O|  |TAMS 0x0000000081600000| PB 0x0000000081500000| Untracked |  0
|  22|0x0000000081600000, 0x0000000081700000, 0x0000000081700000|100%| O|  |TAMS 0x0000000081700000| PB 0x0000000081600000| Untracked |  0
|  23|0x0000000081700000, 0x0000000081800000, 0x0000000081800000|100%| O|  |TAMS 0x0000000081800000| PB 0x0000000081700000| Untracked |  0
|  24|0x0000000081800000, 0x0000000081900000, 0x0000000081900000|100%|HS|  |TAMS 0x0000000081900000| PB 0x0000000081800000| Complete |  0
|  25|0x0000000081900000, 0x0000000081a00000, 0x0000000081a00000|100%|HC|  |TAMS 0x0000000081a00000| PB 0x0000000081900000| Complete |  0
|  26|0x0000000081a00000, 0x0000000081b00000, 0x0000000081b00000|100%|HC|  |TAMS 0x0000000081b00000| PB 0x0000000081a00000| Complete |  0
|  27|0x0000000081b00000, 0x0000000081c00000, 0x0000000081c00000|100%|HC|  |TAMS 0x0000000081c00000| PB 0x0000000081b00000| Complete |  0
|  28|0x0000000081c00000, 0x0000000081d00000, 0x0000000081d00000|100%|HC|  |TAMS 0x0000000081d00000| PB 0x0000000081c00000| Complete |  0
|  29|0x0000000081d00000, 0x0000000081e00000, 0x0000000081e00000|100%|HC|  |TAMS 0x0000000081e00000| PB 0x0000000081d00000| Complete |  0
|  30|0x0000000081e00000, 0x0000000081f00000, 0x0000000081f00000|100%|HS|  |TAMS 0x0000000081f00000| PB 0x0000000081e00000| Complete |  0
|  31|0x0000000081f00000, 0x0000000082000000, 0x0000000082000000|100%| O|  |TAMS 0x0000000082000000| PB 0x0000000081f00000| Untracked |  0
|  32|0x0000000082000000, 0x0000000082100000, 0x0000000082100000|100%| O|  |TAMS 0x0000000082100000| PB 0x0000000082000000| Untracked |  0
|  33|0x0000000082100000, 0x0000000082200000, 0x0000000082200000|100%| O|  |TAMS 0x0000000082200000| PB 0x0000000082100000| Untracked |  0
|  34|0x0000000082200000, 0x0000000082300000, 0x0000000082300000|100%| O|  |TAMS 0x0000000082300000| PB 0x0000000082200000| Untracked |  0
|  35|0x0000000082300000, 0x0000000082400000, 0x0000000082400000|100%|HS|  |TAMS 0x0000000082400000| PB 0x0000000082300000| Complete |  0
|  36|0x0000000082400000, 0x0000000082500000, 0x0000000082500000|100%|HS|  |TAMS 0x0000000082500000| PB 0x0000000082400000| Complete |  0
|  37|0x0000000082500000, 0x0000000082600000, 0x0000000082600000|100%|HC|  |TAMS 0x0000000082600000| PB 0x0000000082500000| Complete |  0
|  38|0x0000000082600000, 0x0000000082700000, 0x0000000082700000|100%|HC|  |TAMS 0x0000000082700000| PB 0x0000000082600000| Complete |  0
|  39|0x0000000082700000, 0x0000000082800000, 0x0000000082800000|100%|HC|  |TAMS 0x0000000082800000| PB 0x0000000082700000| Complete |  0
|  40|0x0000000082800000, 0x0000000082900000, 0x0000000082900000|100%|HC|  |TAMS 0x0000000082900000| PB 0x0000000082800000| Complete |  0
|  41|0x0000000082900000, 0x0000000082a00000, 0x0000000082a00000|100%|HC|  |TAMS 0x0000000082a00000| PB 0x0000000082900000| Complete |  0
|  42|0x0000000082a00000, 0x0000000082b00000, 0x0000000082b00000|100%|HS|  |TAMS 0x0000000082b00000| PB 0x0000000082a00000| Complete |  0
|  43|0x0000000082b00000, 0x0000000082c00000, 0x0000000082c00000|100%|HS|  |TAMS 0x0000000082c00000| PB 0x0000000082b00000| Complete |  0
|  44|0x0000000082c00000, 0x0000000082d00000, 0x0000000082d00000|100%| O|  |TAMS 0x0000000082d00000| PB 0x0000000082c00000| Untracked |  0
|  45|0x0000000082d00000, 0x0000000082e00000, 0x0000000082e00000|100%| O|  |TAMS 0x0000000082e00000| PB 0x0000000082d00000| Untracked |  0
|  46|0x0000000082e00000, 0x0000000082f00000, 0x0000000082f00000|100%| O|  |TAMS 0x0000000082f00000| PB 0x0000000082e00000| Untracked |  0
|  47|0x0000000082f00000, 0x0000000083000000, 0x0000000083000000|100%| O|  |TAMS 0x0000000083000000| PB 0x0000000082f00000| Untracked |  0
|  48|0x0000000083000000, 0x0000000083100000, 0x0000000083100000|100%| O|  |TAMS 0x0000000083100000| PB 0x0000000083000000| Untracked |  0
|  49|0x0000000083100000, 0x0000000083200000, 0x0000000083200000|100%| O|  |TAMS 0x0000000083200000| PB 0x0000000083100000| Untracked |  0
|  50|0x0000000083200000, 0x0000000083300000, 0x0000000083300000|100%| O|  |TAMS 0x0000000083300000| PB 0x0000000083200000| Untracked |  0
|  51|0x0000000083300000, 0x0000000083400000, 0x0000000083400000|100%| O|  |TAMS 0x0000000083400000| PB 0x0000000083300000| Untracked |  0
|  52|0x0000000083400000, 0x0000000083500000, 0x0000000083500000|100%| O|  |TAMS 0x0000000083500000| PB 0x0000000083400000| Untracked |  0
|  53|0x0000000083500000, 0x0000000083600000, 0x0000000083600000|100%| O|  |TAMS 0x0000000083600000| PB 0x0000000083500000| Untracked |  0
|  54|0x0000000083600000, 0x0000000083700000, 0x0000000083700000|100%| O|  |TAMS 0x0000000083700000| PB 0x0000000083600000| Untracked |  0
|  55|0x0000000083700000, 0x0000000083800000, 0x0000000083800000|100%| O|  |TAMS 0x0000000083800000| PB 0x0000000083700000| Untracked |  0
|  56|0x0000000083800000, 0x0000000083900000, 0x0000000083900000|100%| O|  |TAMS 0x0000000083900000| PB 0x0000000083800000| Untracked |  0
|  57|0x0000000083900000, 0x0000000083a00000, 0x0000000083a00000|100%| O|  |TAMS 0x0000000083a00000| PB 0x0000000083900000| Untracked |  0
|  58|0x0000000083a00000, 0x0000000083b00000, 0x0000000083b00000|100%| O|  |TAMS 0x0000000083b00000| PB 0x0000000083a00000| Untracked |  0
|  59|0x0000000083b00000, 0x0000000083c00000, 0x0000000083c00000|100%| O|  |TAMS 0x0000000083c00000| PB 0x0000000083b00000| Untracked |  0
|  60|0x0000000083c00000, 0x0000000083d00000, 0x0000000083d00000|100%| O|  |TAMS 0x0000000083d00000| PB 0x0000000083c00000| Untracked |  0
|  61|0x0000000083d00000, 0x0000000083e00000, 0x0000000083e00000|100%| O|  |TAMS 0x0000000083e00000| PB 0x0000000083d00000| Untracked |  0
|  62|0x0000000083e00000, 0x0000000083f00000, 0x0000000083f00000|100%| O|  |TAMS 0x0000000083f00000| PB 0x0000000083e00000| Untracked |  0
|  63|0x0000000083f00000, 0x0000000084000000, 0x0000000084000000|100%| O|  |TAMS 0x0000000084000000| PB 0x0000000083f00000| Untracked |  0
|  64|0x0000000084000000, 0x0000000084100000, 0x0000000084100000|100%| O|  |TAMS 0x0000000084100000| PB 0x0000000084000000| Untracked |  0
|  65|0x0000000084100000, 0x0000000084200000, 0x0000000084200000|100%| O|  |TAMS 0x0000000084200000| PB 0x0000000084100000| Untracked |  0
|  66|0x0000000084200000, 0x0000000084300000, 0x0000000084300000|100%| O|  |TAMS 0x0000000084300000| PB 0x0000000084200000| Untracked |  0
|  67|0x0000000084300000, 0x0000000084400000, 0x0000000084400000|100%| O|  |TAMS 0x0000000084400000| PB 0x0000000084300000| Untracked |  0
|  68|0x0000000084400000, 0x0000000084500000, 0x0000000084500000|100%| O|  |TAMS 0x0000000084500000| PB 0x0000000084400000| Untracked |  0
|  69|0x0000000084500000, 0x0000000084600000, 0x0000000084600000|100%| O|  |TAMS 0x0000000084600000| PB 0x0000000084500000| Untracked |  0
|  70|0x0000000084600000, 0x0000000084700000, 0x0000000084700000|100%| O|  |TAMS 0x0000000084700000| PB 0x0000000084600000| Untracked |  0
|  71|0x0000000084700000, 0x0000000084800000, 0x0000000084800000|100%| O|  |TAMS 0x0000000084800000| PB 0x0000000084700000| Untracked |  0
|  72|0x0000000084800000, 0x0000000084900000, 0x0000000084900000|100%| O|  |TAMS 0x0000000084900000| PB 0x0000000084800000| Untracked |  0
|  73|0x0000000084900000, 0x0000000084a00000, 0x0000000084a00000|100%| O|  |TAMS 0x0000000084a00000| PB 0x0000000084900000| Untracked |  0
|  74|0x0000000084a00000, 0x0000000084b00000, 0x0000000084b00000|100%| O|  |TAMS 0x0000000084b00000| PB 0x0000000084a00000| Untracked |  0
|  75|0x0000000084b00000, 0x0000000084c00000, 0x0000000084c00000|100%| O|  |TAMS 0x0000000084c00000| PB 0x0000000084b00000| Untracked |  0
|  76|0x0000000084c00000, 0x0000000084d00000, 0x0000000084d00000|100%| O|  |TAMS 0x0000000084d00000| PB 0x0000000084c00000| Untracked |  0
|  77|0x0000000084d00000, 0x0000000084e00000, 0x0000000084e00000|100%| O|  |TAMS 0x0000000084e00000| PB 0x0000000084d00000| Untracked |  0
|  78|0x0000000084e00000, 0x0000000084f00000, 0x0000000084f00000|100%| O|  |TAMS 0x0000000084f00000| PB 0x0000000084e00000| Untracked |  0
|  79|0x0000000084f00000, 0x0000000085000000, 0x0000000085000000|100%| O|  |TAMS 0x0000000085000000| PB 0x0000000084f00000| Untracked |  0
|  80|0x0000000085000000, 0x0000000085100000, 0x0000000085100000|100%| O|  |TAMS 0x0000000085100000| PB 0x0000000085000000| Untracked |  0
|  81|0x0000000085100000, 0x0000000085200000, 0x0000000085200000|100%| O|  |TAMS 0x0000000085200000| PB 0x0000000085100000| Untracked |  0
|  82|0x0000000085200000, 0x0000000085300000, 0x0000000085300000|100%| O|  |TAMS 0x0000000085300000| PB 0x0000000085200000| Untracked |  0
|  83|0x0000000085300000, 0x0000000085400000, 0x0000000085400000|100%| O|  |TAMS 0x0000000085400000| PB 0x0000000085300000| Untracked |  0
|  84|0x0000000085400000, 0x0000000085500000, 0x0000000085500000|100%| O|  |TAMS 0x0000000085500000| PB 0x0000000085400000| Untracked |  0
|  85|0x0000000085500000, 0x0000000085600000, 0x0000000085600000|100%| O|  |TAMS 0x0000000085600000| PB 0x0000000085500000| Untracked |  0
|  86|0x0000000085600000, 0x0000000085700000, 0x0000000085700000|100%| O|  |TAMS 0x0000000085700000| PB 0x0000000085600000| Untracked |  0
|  87|0x0000000085700000, 0x0000000085800000, 0x0000000085800000|100%| O|  |TAMS 0x0000000085800000| PB 0x0000000085700000| Untracked |  0
|  88|0x0000000085800000, 0x0000000085900000, 0x0000000085900000|100%| O|  |TAMS 0x0000000085900000| PB 0x0000000085800000| Untracked |  0
|  89|0x0000000085900000, 0x0000000085a00000, 0x0000000085a00000|100%| O|  |TAMS 0x0000000085a00000| PB 0x0000000085900000| Untracked |  0
|  90|0x0000000085a00000, 0x0000000085b00000, 0x0000000085b00000|100%| O|  |TAMS 0x0000000085b00000| PB 0x0000000085a00000| Untracked |  0
|  91|0x0000000085b00000, 0x0000000085c00000, 0x0000000085c00000|100%| O|  |TAMS 0x0000000085c00000| PB 0x0000000085b00000| Untracked |  0
|  92|0x0000000085c00000, 0x0000000085d00000, 0x0000000085d00000|100%| O|  |TAMS 0x0000000085d00000| PB 0x0000000085c00000| Untracked |  0
|  93|0x0000000085d00000, 0x0000000085e00000, 0x0000000085e00000|100%| O|  |TAMS 0x0000000085e00000| PB 0x0000000085d00000| Untracked |  0
|  94|0x0000000085e00000, 0x0000000085f00000, 0x0000000085f00000|100%| O|  |TAMS 0x0000000085f00000| PB 0x0000000085e00000| Untracked |  0
|  95|0x0000000085f00000, 0x0000000086000000, 0x0000000086000000|100%| O|  |TAMS 0x0000000086000000| PB 0x0000000085f00000| Untracked |  0
|  96|0x0000000086000000, 0x0000000086100000, 0x0000000086100000|100%| O|  |TAMS 0x0000000086100000| PB 0x0000000086000000| Untracked |  0
|  97|0x0000000086100000, 0x0000000086200000, 0x0000000086200000|100%| O|  |TAMS 0x0000000086200000| PB 0x0000000086100000| Untracked |  0
|  98|0x0000000086200000, 0x0000000086300000, 0x0000000086300000|100%| O|  |TAMS 0x0000000086300000| PB 0x0000000086200000| Untracked |  0
|  99|0x0000000086300000, 0x0000000086400000, 0x0000000086400000|100%| O|  |TAMS 0x0000000086400000| PB 0x0000000086300000| Untracked |  0
| 100|0x0000000086400000, 0x0000000086500000, 0x0000000086500000|100%| O|  |TAMS 0x0000000086500000| PB 0x0000000086400000| Untracked |  0
| 101|0x0000000086500000, 0x0000000086600000, 0x0000000086600000|100%| O|  |TAMS 0x0000000086600000| PB 0x0000000086500000| Untracked |  0
| 102|0x0000000086600000, 0x0000000086700000, 0x0000000086700000|100%| O|  |TAMS 0x0000000086700000| PB 0x0000000086600000| Untracked |  0
| 103|0x0000000086700000, 0x0000000086800000, 0x0000000086800000|100%|HS|  |TAMS 0x0000000086800000| PB 0x0000000086700000| Complete |  0
| 104|0x0000000086800000, 0x0000000086900000, 0x0000000086900000|100%|HS|  |TAMS 0x0000000086900000| PB 0x0000000086800000| Complete |  0
| 105|0x0000000086900000, 0x0000000086a00000, 0x0000000086a00000|100%| O|  |TAMS 0x0000000086a00000| PB 0x0000000086900000| Untracked |  0
| 106|0x0000000086a00000, 0x0000000086b00000, 0x0000000086b00000|100%| O|  |TAMS 0x0000000086b00000| PB 0x0000000086a00000| Untracked |  0
| 107|0x0000000086b00000, 0x0000000086c00000, 0x0000000086c00000|100%| O|  |TAMS 0x0000000086c00000| PB 0x0000000086b00000| Untracked |  0
| 108|0x0000000086c00000, 0x0000000086d00000, 0x0000000086d00000|100%| O|  |TAMS 0x0000000086d00000| PB 0x0000000086c00000| Untracked |  0
| 109|0x0000000086d00000, 0x0000000086e00000, 0x0000000086e00000|100%| O|  |TAMS 0x0000000086e00000| PB 0x0000000086d00000| Untracked |  0
| 110|0x0000000086e00000, 0x0000000086f00000, 0x0000000086f00000|100%| O|  |TAMS 0x0000000086f00000| PB 0x0000000086e00000| Untracked |  0
| 111|0x0000000086f00000, 0x0000000087000000, 0x0000000087000000|100%| O|  |TAMS 0x0000000087000000| PB 0x0000000086f00000| Untracked |  0
| 112|0x0000000087000000, 0x0000000087100000, 0x0000000087100000|100%| O|  |TAMS 0x0000000087100000| PB 0x0000000087000000| Untracked |  0
| 113|0x0000000087100000, 0x0000000087200000, 0x0000000087200000|100%| O|  |TAMS 0x0000000087200000| PB 0x0000000087100000| Untracked |  0
| 114|0x0000000087200000, 0x0000000087300000, 0x0000000087300000|100%| O|  |TAMS 0x0000000087300000| PB 0x0000000087200000| Untracked |  0
| 115|0x0000000087300000, 0x0000000087400000, 0x0000000087400000|100%| O|  |TAMS 0x0000000087400000| PB 0x0000000087300000| Untracked |  0
| 116|0x0000000087400000, 0x0000000087500000, 0x0000000087500000|100%| O|  |TAMS 0x0000000087500000| PB 0x0000000087400000| Untracked |  0
| 117|0x0000000087500000, 0x0000000087600000, 0x0000000087600000|100%| O|  |TAMS 0x0000000087600000| PB 0x0000000087500000| Untracked |  0
| 118|0x0000000087600000, 0x0000000087700000, 0x0000000087700000|100%| O|  |TAMS 0x0000000087700000| PB 0x0000000087600000| Untracked |  0
| 119|0x0000000087700000, 0x0000000087800000, 0x0000000087800000|100%| O|  |TAMS 0x0000000087800000| PB 0x0000000087700000| Untracked |  0
| 120|0x0000000087800000, 0x0000000087900000, 0x0000000087900000|100%| O|  |TAMS 0x0000000087900000| PB 0x0000000087800000| Untracked |  0
| 121|0x0000000087900000, 0x0000000087a00000, 0x0000000087a00000|100%| O|  |TAMS 0x0000000087a00000| PB 0x0000000087900000| Untracked |  0
| 122|0x0000000087a00000, 0x0000000087b00000, 0x0000000087b00000|100%| O|  |TAMS 0x0000000087b00000| PB 0x0000000087a00000| Untracked |  0
| 123|0x0000000087b00000, 0x0000000087c00000, 0x0000000087c00000|100%| O|  |TAMS 0x0000000087c00000| PB 0x0000000087b00000| Untracked |  0
| 124|0x0000000087c00000, 0x0000000087d00000, 0x0000000087d00000|100%| O|  |TAMS 0x0000000087d00000| PB 0x0000000087c00000| Untracked |  0
| 125|0x0000000087d00000, 0x0000000087e00000, 0x0000000087e00000|100%| O|  |TAMS 0x0000000087e00000| PB 0x0000000087d00000| Untracked |  0
| 126|0x0000000087e00000, 0x0000000087f00000, 0x0000000087f00000|100%| O|  |TAMS 0x0000000087ed54e0| PB 0x0000000087e00000| Untracked |  0
| 127|0x0000000087f00000, 0x0000000088000000, 0x0000000088000000|100%| O|  |TAMS 0x0000000088000000| PB 0x0000000087f00000| Untracked |  0
| 128|0x0000000088000000, 0x0000000088100000, 0x0000000088100000|100%| O|  |TAMS 0x0000000088000000| PB 0x0000000088000000| Untracked |  0
| 129|0x0000000088100000, 0x0000000088200000, 0x0000000088200000|100%| O|  |TAMS 0x0000000088100000| PB 0x0000000088100000| Untracked |  0
| 130|0x0000000088200000, 0x0000000088300000, 0x0000000088300000|100%| O|  |TAMS 0x0000000088200000| PB 0x0000000088200000| Untracked |  0
| 131|0x0000000088300000, 0x0000000088400000, 0x0000000088400000|100%| O|  |TAMS 0x0000000088300000| PB 0x0000000088300000| Untracked |  0
| 132|0x0000000088400000, 0x0000000088500000, 0x0000000088500000|100%| O|  |TAMS 0x0000000088400000| PB 0x0000000088400000| Untracked |  0
| 133|0x0000000088500000, 0x0000000088600000, 0x0000000088600000|100%| O|  |TAMS 0x0000000088500000| PB 0x0000000088500000| Untracked |  0
| 134|0x0000000088600000, 0x0000000088700000, 0x0000000088700000|100%| O|  |TAMS 0x0000000088600000| PB 0x0000000088600000| Untracked |  0
| 135|0x0000000088700000, 0x0000000088800000, 0x0000000088800000|100%| O|  |TAMS 0x0000000088800000| PB 0x0000000088700000| Untracked |  0
| 136|0x0000000088800000, 0x0000000088900000, 0x0000000088900000|100%| O|  |TAMS 0x0000000088800000| PB 0x0000000088800000| Untracked |  0
| 137|0x0000000088900000, 0x0000000088a00000, 0x0000000088a00000|100%|HS|  |TAMS 0x0000000088a00000| PB 0x0000000088900000| Complete |  0
| 138|0x0000000088a00000, 0x0000000088b00000, 0x0000000088b00000|100%|HS|  |TAMS 0x0000000088b00000| PB 0x0000000088a00000| Complete |  0
| 139|0x0000000088b00000, 0x0000000088c00000, 0x0000000088c00000|100%| O|  |TAMS 0x0000000088c00000| PB 0x0000000088b00000| Untracked |  0
| 140|0x0000000088c00000, 0x0000000088d00000, 0x0000000088d00000|100%| O|  |TAMS 0x0000000088d00000| PB 0x0000000088c00000| Untracked |  0
| 141|0x0000000088d00000, 0x0000000088e00000, 0x0000000088e00000|100%| O|  |TAMS 0x0000000088e00000| PB 0x0000000088d00000| Untracked |  0
| 142|0x0000000088e00000, 0x0000000088f00000, 0x0000000088f00000|100%| O|  |TAMS 0x0000000088e00000| PB 0x0000000088e00000| Untracked |  0
| 143|0x0000000088f00000, 0x0000000089000000, 0x0000000089000000|100%| O|  |TAMS 0x0000000088f00000| PB 0x0000000088f00000| Untracked |  0
| 144|0x0000000089000000, 0x0000000089100000, 0x0000000089100000|100%| O|  |TAMS 0x0000000089100000| PB 0x0000000089000000| Untracked |  0
| 145|0x0000000089100000, 0x0000000089200000, 0x0000000089200000|100%| O|  |TAMS 0x0000000089200000| PB 0x0000000089100000| Untracked |  0
| 146|0x0000000089200000, 0x0000000089300000, 0x0000000089300000|100%| O|  |TAMS 0x0000000089200000| PB 0x0000000089200000| Untracked |  0
| 147|0x0000000089300000, 0x0000000089380000, 0x0000000089400000| 50%| O|  |TAMS 0x0000000089300000| PB 0x0000000089300000| Untracked |  0
| 148|0x0000000089400000, 0x0000000089400000, 0x0000000089500000|  0%| F|  |TAMS 0x0000000089400000| PB 0x0000000089400000| Untracked |  0
| 149|0x0000000089500000, 0x0000000089600000, 0x0000000089600000|100%| O|  |TAMS 0x0000000089600000| PB 0x0000000089500000| Untracked |  0
| 150|0x0000000089600000, 0x0000000089700000, 0x0000000089700000|100%| O|  |TAMS 0x0000000089700000| PB 0x0000000089600000| Untracked |  0
| 151|0x0000000089700000, 0x0000000089800000, 0x0000000089800000|100%| O|  |TAMS 0x0000000089800000| PB 0x0000000089700000| Untracked |  0
| 152|0x0000000089800000, 0x0000000089900000, 0x0000000089900000|100%| O|  |TAMS 0x0000000089900000| PB 0x0000000089800000| Untracked |  0
| 153|0x0000000089900000, 0x0000000089a00000, 0x0000000089a00000|100%| O|  |TAMS 0x0000000089a00000| PB 0x0000000089900000| Untracked |  0
| 154|0x0000000089a00000, 0x0000000089a00000, 0x0000000089b00000|  0%| F|  |TAMS 0x0000000089a00000| PB 0x0000000089a00000| Untracked |  0
| 155|0x0000000089b00000, 0x0000000089b00000, 0x0000000089c00000|  0%| F|  |TAMS 0x0000000089b00000| PB 0x0000000089b00000| Untracked |  0
| 156|0x0000000089c00000, 0x0000000089c00000, 0x0000000089d00000|  0%| F|  |TAMS 0x0000000089c00000| PB 0x0000000089c00000| Untracked |  0
| 157|0x0000000089d00000, 0x0000000089e00000, 0x0000000089e00000|100%| O|  |TAMS 0x0000000089e00000| PB 0x0000000089d00000| Untracked |  0
| 158|0x0000000089e00000, 0x0000000089f00000, 0x0000000089f00000|100%| O|  |TAMS 0x0000000089f00000| PB 0x0000000089e00000| Untracked |  0
| 159|0x0000000089f00000, 0x000000008a000000, 0x000000008a000000|100%| O|  |TAMS 0x000000008a000000| PB 0x0000000089f00000| Untracked |  0
| 160|0x000000008a000000, 0x000000008a100000, 0x000000008a100000|100%| O|  |TAMS 0x000000008a100000| PB 0x000000008a000000| Untracked |  0
| 161|0x000000008a100000, 0x000000008a200000, 0x000000008a200000|100%| O|  |TAMS 0x000000008a200000| PB 0x000000008a100000| Untracked |  0
| 162|0x000000008a200000, 0x000000008a300000, 0x000000008a300000|100%| O|  |TAMS 0x000000008a300000| PB 0x000000008a200000| Untracked |  0
| 163|0x000000008a300000, 0x000000008a400000, 0x000000008a400000|100%| O|  |TAMS 0x000000008a400000| PB 0x000000008a300000| Untracked |  0
| 164|0x000000008a400000, 0x000000008a500000, 0x000000008a500000|100%| O|  |TAMS 0x000000008a500000| PB 0x000000008a400000| Untracked |  0
| 165|0x000000008a500000, 0x000000008a600000, 0x000000008a600000|100%| O|  |TAMS 0x000000008a600000| PB 0x000000008a500000| Untracked |  0
| 166|0x000000008a600000, 0x000000008a700000, 0x000000008a700000|100%| O|  |TAMS 0x000000008a700000| PB 0x000000008a600000| Untracked |  0
| 167|0x000000008a700000, 0x000000008a800000, 0x000000008a800000|100%| O|  |TAMS 0x000000008a800000| PB 0x000000008a700000| Untracked |  0
| 168|0x000000008a800000, 0x000000008a900000, 0x000000008a900000|100%| O|  |TAMS 0x000000008a900000| PB 0x000000008a800000| Untracked |  0
| 169|0x000000008a900000, 0x000000008aa00000, 0x000000008aa00000|100%| O|  |TAMS 0x000000008aa00000| PB 0x000000008a900000| Untracked |  0
| 170|0x000000008aa00000, 0x000000008ab00000, 0x000000008ab00000|100%|HS|  |TAMS 0x000000008ab00000| PB 0x000000008aa00000| Complete |  0
| 171|0x000000008ab00000, 0x000000008ac00000, 0x000000008ac00000|100%|HS|  |TAMS 0x000000008ac00000| PB 0x000000008ab00000| Complete |  0
| 172|0x000000008ac00000, 0x000000008ad00000, 0x000000008ad00000|100%|HS|  |TAMS 0x000000008ad00000| PB 0x000000008ac00000| Complete |  0
| 173|0x000000008ad00000, 0x000000008ae00000, 0x000000008ae00000|100%|HS|  |TAMS 0x000000008ae00000| PB 0x000000008ad00000| Complete |  0
| 174|0x000000008ae00000, 0x000000008af00000, 0x000000008af00000|100%|HS|  |TAMS 0x000000008af00000| PB 0x000000008ae00000| Complete |  0
| 175|0x000000008af00000, 0x000000008b000000, 0x000000008b000000|100%| O|  |TAMS 0x000000008b000000| PB 0x000000008af00000| Untracked |  0
| 176|0x000000008b000000, 0x000000008b100000, 0x000000008b100000|100%| O|  |TAMS 0x000000008b100000| PB 0x000000008b000000| Untracked |  0
| 177|0x000000008b100000, 0x000000008b200000, 0x000000008b200000|100%| O|  |TAMS 0x000000008b200000| PB 0x000000008b100000| Untracked |  0
| 178|0x000000008b200000, 0x000000008b300000, 0x000000008b300000|100%| O|  |TAMS 0x000000008b300000| PB 0x000000008b200000| Untracked |  0
| 179|0x000000008b300000, 0x000000008b400000, 0x000000008b400000|100%| O|  |TAMS 0x000000008b400000| PB 0x000000008b300000| Untracked |  0
| 180|0x000000008b400000, 0x000000008b500000, 0x000000008b500000|100%| O|  |TAMS 0x000000008b500000| PB 0x000000008b400000| Untracked |  0
| 181|0x000000008b500000, 0x000000008b600000, 0x000000008b600000|100%| O|  |TAMS 0x000000008b600000| PB 0x000000008b500000| Untracked |  0
| 182|0x000000008b600000, 0x000000008b700000, 0x000000008b700000|100%| O|  |TAMS 0x000000008b700000| PB 0x000000008b600000| Untracked |  0
| 183|0x000000008b700000, 0x000000008b800000, 0x000000008b800000|100%| O|  |TAMS 0x000000008b800000| PB 0x000000008b700000| Untracked |  0
| 184|0x000000008b800000, 0x000000008b900000, 0x000000008b900000|100%| O|  |TAMS 0x000000008b900000| PB 0x000000008b800000| Untracked |  0
| 185|0x000000008b900000, 0x000000008ba00000, 0x000000008ba00000|100%| O|  |TAMS 0x000000008ba00000| PB 0x000000008b900000| Untracked |  0
| 186|0x000000008ba00000, 0x000000008bb00000, 0x000000008bb00000|100%| O|  |TAMS 0x000000008bb00000| PB 0x000000008ba00000| Untracked |  0
| 187|0x000000008bb00000, 0x000000008bc00000, 0x000000008bc00000|100%| O|  |TAMS 0x000000008bc00000| PB 0x000000008bb00000| Untracked |  0
| 188|0x000000008bc00000, 0x000000008bd00000, 0x000000008bd00000|100%| O|  |TAMS 0x000000008bd00000| PB 0x000000008bc00000| Untracked |  0
| 189|0x000000008bd00000, 0x000000008be00000, 0x000000008be00000|100%| O|  |TAMS 0x000000008be00000| PB 0x000000008bd00000| Untracked |  0
| 190|0x000000008be00000, 0x000000008bf00000, 0x000000008bf00000|100%| O|  |TAMS 0x000000008bf00000| PB 0x000000008be00000| Untracked |  0
| 191|0x000000008bf00000, 0x000000008c000000, 0x000000008c000000|100%| O|  |TAMS 0x000000008c000000| PB 0x000000008bf00000| Untracked |  0
| 192|0x000000008c000000, 0x000000008c100000, 0x000000008c100000|100%| O|  |TAMS 0x000000008c100000| PB 0x000000008c000000| Untracked |  0
| 193|0x000000008c100000, 0x000000008c200000, 0x000000008c200000|100%| O|  |TAMS 0x000000008c200000| PB 0x000000008c100000| Untracked |  0
| 194|0x000000008c200000, 0x000000008c200000, 0x000000008c300000|  0%| F|  |TAMS 0x000000008c200000| PB 0x000000008c200000| Untracked |  0
| 195|0x000000008c300000, 0x000000008c300000, 0x000000008c400000|  0%| F|  |TAMS 0x000000008c300000| PB 0x000000008c300000| Untracked |  0
| 196|0x000000008c400000, 0x000000008c400000, 0x000000008c500000|  0%| F|  |TAMS 0x000000008c400000| PB 0x000000008c400000| Untracked |  0
| 197|0x000000008c500000, 0x000000008c500000, 0x000000008c600000|  0%| F|  |TAMS 0x000000008c500000| PB 0x000000008c500000| Untracked |  0
| 198|0x000000008c600000, 0x000000008c600000, 0x000000008c700000|  0%| F|  |TAMS 0x000000008c600000| PB 0x000000008c600000| Untracked |  0
| 199|0x000000008c700000, 0x000000008c700000, 0x000000008c800000|  0%| F|  |TAMS 0x000000008c700000| PB 0x000000008c700000| Untracked |  0
| 200|0x000000008c800000, 0x000000008c800000, 0x000000008c900000|  0%| F|  |TAMS 0x000000008c800000| PB 0x000000008c800000| Untracked |  0
| 201|0x000000008c900000, 0x000000008c900000, 0x000000008ca00000|  0%| F|  |TAMS 0x000000008c900000| PB 0x000000008c900000| Untracked |  0
| 202|0x000000008ca00000, 0x000000008ca00000, 0x000000008cb00000|  0%| F|  |TAMS 0x000000008ca00000| PB 0x000000008ca00000| Untracked |  0
| 203|0x000000008cb00000, 0x000000008cb00000, 0x000000008cc00000|  0%| F|  |TAMS 0x000000008cb00000| PB 0x000000008cb00000| Untracked |  0
| 204|0x000000008cc00000, 0x000000008cc00000, 0x000000008cd00000|  0%| F|  |TAMS 0x000000008cc00000| PB 0x000000008cc00000| Untracked |  0
| 205|0x000000008cd00000, 0x000000008cd00000, 0x000000008ce00000|  0%| F|  |TAMS 0x000000008cd00000| PB 0x000000008cd00000| Untracked |  0
| 206|0x000000008ce00000, 0x000000008ce00000, 0x000000008cf00000|  0%| F|  |TAMS 0x000000008ce00000| PB 0x000000008ce00000| Untracked |  0
| 207|0x000000008cf00000, 0x000000008cf00000, 0x000000008d000000|  0%| F|  |TAMS 0x000000008cf00000| PB 0x000000008cf00000| Untracked |  0
| 208|0x000000008d000000, 0x000000008d000000, 0x000000008d100000|  0%| F|  |TAMS 0x000000008d000000| PB 0x000000008d000000| Untracked |  0
| 209|0x000000008d100000, 0x000000008d100000, 0x000000008d200000|  0%| F|  |TAMS 0x000000008d100000| PB 0x000000008d100000| Untracked |  0
| 210|0x000000008d200000, 0x000000008d200000, 0x000000008d300000|  0%| F|  |TAMS 0x000000008d200000| PB 0x000000008d200000| Untracked |  0
| 211|0x000000008d300000, 0x000000008d300000, 0x000000008d400000|  0%| F|  |TAMS 0x000000008d300000| PB 0x000000008d300000| Untracked |  0
| 212|0x000000008d400000, 0x000000008d400000, 0x000000008d500000|  0%| F|  |TAMS 0x000000008d400000| PB 0x000000008d400000| Untracked |  0
| 213|0x000000008d500000, 0x000000008d500000, 0x000000008d600000|  0%| F|  |TAMS 0x000000008d500000| PB 0x000000008d500000| Untracked |  0
| 214|0x000000008d600000, 0x000000008d600000, 0x000000008d700000|  0%| F|  |TAMS 0x000000008d600000| PB 0x000000008d600000| Untracked |  0
| 215|0x000000008d700000, 0x000000008d700000, 0x000000008d800000|  0%| F|  |TAMS 0x000000008d700000| PB 0x000000008d700000| Untracked |  0
| 216|0x000000008d800000, 0x000000008d800000, 0x000000008d900000|  0%| F|  |TAMS 0x000000008d800000| PB 0x000000008d800000| Untracked |  0
| 217|0x000000008d900000, 0x000000008d900000, 0x000000008da00000|  0%| F|  |TAMS 0x000000008d900000| PB 0x000000008d900000| Untracked |  0
| 218|0x000000008da00000, 0x000000008da00000, 0x000000008db00000|  0%| F|  |TAMS 0x000000008da00000| PB 0x000000008da00000| Untracked |  0
| 219|0x000000008db00000, 0x000000008db00000, 0x000000008dc00000|  0%| F|  |TAMS 0x000000008db00000| PB 0x000000008db00000| Untracked |  0
| 220|0x000000008dc00000, 0x000000008dc00000, 0x000000008dd00000|  0%| F|  |TAMS 0x000000008dc00000| PB 0x000000008dc00000| Untracked |  0
| 221|0x000000008dd00000, 0x000000008dd00000, 0x000000008de00000|  0%| F|  |TAMS 0x000000008dd00000| PB 0x000000008dd00000| Untracked |  0
| 222|0x000000008de00000, 0x000000008de00000, 0x000000008df00000|  0%| F|  |TAMS 0x000000008de00000| PB 0x000000008de00000| Untracked |  0
| 223|0x000000008df00000, 0x000000008df00000, 0x000000008e000000|  0%| F|  |TAMS 0x000000008df00000| PB 0x000000008df00000| Untracked |  0
| 224|0x000000008e000000, 0x000000008e000000, 0x000000008e100000|  0%| F|  |TAMS 0x000000008e000000| PB 0x000000008e000000| Untracked |  0
| 225|0x000000008e100000, 0x000000008e100000, 0x000000008e200000|  0%| F|  |TAMS 0x000000008e100000| PB 0x000000008e100000| Untracked |  0
| 226|0x000000008e200000, 0x000000008e200000, 0x000000008e300000|  0%| F|  |TAMS 0x000000008e200000| PB 0x000000008e200000| Untracked |  0
| 227|0x000000008e300000, 0x000000008e300000, 0x000000008e400000|  0%| F|  |TAMS 0x000000008e300000| PB 0x000000008e300000| Untracked |  0
| 228|0x000000008e400000, 0x000000008e400000, 0x000000008e500000|  0%| F|  |TAMS 0x000000008e400000| PB 0x000000008e400000| Untracked |  0
| 229|0x000000008e500000, 0x000000008e500000, 0x000000008e600000|  0%| F|  |TAMS 0x000000008e500000| PB 0x000000008e500000| Untracked |  0
| 230|0x000000008e600000, 0x000000008e600000, 0x000000008e700000|  0%| F|  |TAMS 0x000000008e600000| PB 0x000000008e600000| Untracked |  0
| 231|0x000000008e700000, 0x000000008e700000, 0x000000008e800000|  0%| F|  |TAMS 0x000000008e700000| PB 0x000000008e700000| Untracked |  0
| 232|0x000000008e800000, 0x000000008e800000, 0x000000008e900000|  0%| F|  |TAMS 0x000000008e800000| PB 0x000000008e800000| Untracked |  0
| 233|0x000000008e900000, 0x000000008e900000, 0x000000008ea00000|  0%| F|  |TAMS 0x000000008e900000| PB 0x000000008e900000| Untracked |  0
| 234|0x000000008ea00000, 0x000000008ea00000, 0x000000008eb00000|  0%| F|  |TAMS 0x000000008ea00000| PB 0x000000008ea00000| Untracked |  0
| 235|0x000000008eb00000, 0x000000008eb00000, 0x000000008ec00000|  0%| F|  |TAMS 0x000000008eb00000| PB 0x000000008eb00000| Untracked |  0
| 236|0x000000008ec00000, 0x000000008ec00000, 0x000000008ed00000|  0%| F|  |TAMS 0x000000008ec00000| PB 0x000000008ec00000| Untracked |  0
| 237|0x000000008ed00000, 0x000000008ed00000, 0x000000008ee00000|  0%| F|  |TAMS 0x000000008ed00000| PB 0x000000008ed00000| Untracked |  0
| 238|0x000000008ee00000, 0x000000008ee00000, 0x000000008ef00000|  0%| F|  |TAMS 0x000000008ee00000| PB 0x000000008ee00000| Untracked |  0
| 239|0x000000008ef00000, 0x000000008ef00000, 0x000000008f000000|  0%| F|  |TAMS 0x000000008ef00000| PB 0x000000008ef00000| Untracked |  0
| 240|0x000000008f000000, 0x000000008f000000, 0x000000008f100000|  0%| F|  |TAMS 0x000000008f000000| PB 0x000000008f000000| Untracked |  0
| 241|0x000000008f100000, 0x000000008f100000, 0x000000008f200000|  0%| F|  |TAMS 0x000000008f100000| PB 0x000000008f100000| Untracked |  0
| 242|0x000000008f200000, 0x000000008f200000, 0x000000008f300000|  0%| F|  |TAMS 0x000000008f200000| PB 0x000000008f200000| Untracked |  0
| 243|0x000000008f300000, 0x000000008f300000, 0x000000008f400000|  0%| F|  |TAMS 0x000000008f300000| PB 0x000000008f300000| Untracked |  0
| 244|0x000000008f400000, 0x000000008f400000, 0x000000008f500000|  0%| F|  |TAMS 0x000000008f400000| PB 0x000000008f400000| Untracked |  0
| 245|0x000000008f500000, 0x000000008f500000, 0x000000008f600000|  0%| F|  |TAMS 0x000000008f500000| PB 0x000000008f500000| Untracked |  0
| 246|0x000000008f600000, 0x000000008f600000, 0x000000008f700000|  0%| F|  |TAMS 0x000000008f600000| PB 0x000000008f600000| Untracked |  0
| 247|0x000000008f700000, 0x000000008f700000, 0x000000008f800000|  0%| F|  |TAMS 0x000000008f700000| PB 0x000000008f700000| Untracked |  0
| 248|0x000000008f800000, 0x000000008f800000, 0x000000008f900000|  0%| F|  |TAMS 0x000000008f800000| PB 0x000000008f800000| Untracked |  0
| 249|0x000000008f900000, 0x000000008f900000, 0x000000008fa00000|  0%| F|  |TAMS 0x000000008f900000| PB 0x000000008f900000| Untracked |  0
| 250|0x000000008fa00000, 0x000000008fa00000, 0x000000008fb00000|  0%| F|  |TAMS 0x000000008fa00000| PB 0x000000008fa00000| Untracked |  0
| 251|0x000000008fb00000, 0x000000008fb00000, 0x000000008fc00000|  0%| F|  |TAMS 0x000000008fb00000| PB 0x000000008fb00000| Untracked |  0
| 252|0x000000008fc00000, 0x000000008fc00000, 0x000000008fd00000|  0%| F|  |TAMS 0x000000008fc00000| PB 0x000000008fc00000| Untracked |  0
| 253|0x000000008fd00000, 0x000000008fd00000, 0x000000008fe00000|  0%| F|  |TAMS 0x000000008fd00000| PB 0x000000008fd00000| Untracked |  0
| 254|0x000000008fe00000, 0x000000008fe00000, 0x000000008ff00000|  0%| F|  |TAMS 0x000000008fe00000| PB 0x000000008fe00000| Untracked |  0
| 255|0x000000008ff00000, 0x000000008ff00000, 0x0000000090000000|  0%| F|  |TAMS 0x000000008ff00000| PB 0x000000008ff00000| Untracked |  0
| 256|0x0000000090000000, 0x0000000090000000, 0x0000000090100000|  0%| F|  |TAMS 0x0000000090000000| PB 0x0000000090000000| Untracked |  0
| 257|0x0000000090100000, 0x0000000090100000, 0x0000000090200000|  0%| F|  |TAMS 0x0000000090100000| PB 0x0000000090100000| Untracked |  0
| 258|0x0000000090200000, 0x0000000090200000, 0x0000000090300000|  0%| F|  |TAMS 0x0000000090200000| PB 0x0000000090200000| Untracked |  0
| 259|0x0000000090300000, 0x0000000090300000, 0x0000000090400000|  0%| F|  |TAMS 0x0000000090300000| PB 0x0000000090300000| Untracked |  0
| 260|0x0000000090400000, 0x0000000090400000, 0x0000000090500000|  0%| F|  |TAMS 0x0000000090400000| PB 0x0000000090400000| Untracked |  0
| 261|0x0000000090500000, 0x0000000090500000, 0x0000000090600000|  0%| F|  |TAMS 0x0000000090500000| PB 0x0000000090500000| Untracked |  0
| 262|0x0000000090600000, 0x0000000090600000, 0x0000000090700000|  0%| F|  |TAMS 0x0000000090600000| PB 0x0000000090600000| Untracked |  0
| 263|0x0000000090700000, 0x0000000090700000, 0x0000000090800000|  0%| F|  |TAMS 0x0000000090700000| PB 0x0000000090700000| Untracked |  0
| 264|0x0000000090800000, 0x0000000090800000, 0x0000000090900000|  0%| F|  |TAMS 0x0000000090800000| PB 0x0000000090800000| Untracked |  0
| 265|0x0000000090900000, 0x0000000090900000, 0x0000000090a00000|  0%| F|  |TAMS 0x0000000090900000| PB 0x0000000090900000| Untracked |  0
| 266|0x0000000090a00000, 0x0000000090a00000, 0x0000000090b00000|  0%| F|  |TAMS 0x0000000090a00000| PB 0x0000000090a00000| Untracked |  0
| 267|0x0000000090b00000, 0x0000000090b00000, 0x0000000090c00000|  0%| F|  |TAMS 0x0000000090b00000| PB 0x0000000090b00000| Untracked |  0
| 268|0x0000000090c00000, 0x0000000090c00000, 0x0000000090d00000|  0%| F|  |TAMS 0x0000000090c00000| PB 0x0000000090c00000| Untracked |  0
| 269|0x0000000090d00000, 0x0000000090d00000, 0x0000000090e00000|  0%| F|  |TAMS 0x0000000090d00000| PB 0x0000000090d00000| Untracked |  0
| 270|0x0000000090e00000, 0x0000000090e00000, 0x0000000090f00000|  0%| F|  |TAMS 0x0000000090e00000| PB 0x0000000090e00000| Untracked |  0
| 271|0x0000000090f00000, 0x0000000090f00000, 0x0000000091000000|  0%| F|  |TAMS 0x0000000090f00000| PB 0x0000000090f00000| Untracked |  0
| 272|0x0000000091000000, 0x0000000091000000, 0x0000000091100000|  0%| F|  |TAMS 0x0000000091000000| PB 0x0000000091000000| Untracked |  0
| 273|0x0000000091100000, 0x0000000091100000, 0x0000000091200000|  0%| F|  |TAMS 0x0000000091100000| PB 0x0000000091100000| Untracked |  0
| 274|0x0000000091200000, 0x0000000091200000, 0x0000000091300000|  0%| F|  |TAMS 0x0000000091200000| PB 0x0000000091200000| Untracked |  0
| 275|0x0000000091300000, 0x0000000091300000, 0x0000000091400000|  0%| F|  |TAMS 0x0000000091300000| PB 0x0000000091300000| Untracked |  0
| 276|0x0000000091400000, 0x0000000091400000, 0x0000000091500000|  0%| F|  |TAMS 0x0000000091400000| PB 0x0000000091400000| Untracked |  0
| 277|0x0000000091500000, 0x0000000091500000, 0x0000000091600000|  0%| F|  |TAMS 0x0000000091500000| PB 0x0000000091500000| Untracked |  0
| 278|0x0000000091600000, 0x0000000091600000, 0x0000000091700000|  0%| F|  |TAMS 0x0000000091600000| PB 0x0000000091600000| Untracked |  0
| 279|0x0000000091700000, 0x0000000091700000, 0x0000000091800000|  0%| F|  |TAMS 0x0000000091700000| PB 0x0000000091700000| Untracked |  0
| 280|0x0000000091800000, 0x0000000091800000, 0x0000000091900000|  0%| F|  |TAMS 0x0000000091800000| PB 0x0000000091800000| Untracked |  0
| 281|0x0000000091900000, 0x0000000091900000, 0x0000000091a00000|  0%| F|  |TAMS 0x0000000091900000| PB 0x0000000091900000| Untracked |  0
| 282|0x0000000091a00000, 0x0000000091a00000, 0x0000000091b00000|  0%| F|  |TAMS 0x0000000091a00000| PB 0x0000000091a00000| Untracked |  0
| 283|0x0000000091b00000, 0x0000000091b00000, 0x0000000091c00000|  0%| F|  |TAMS 0x0000000091b00000| PB 0x0000000091b00000| Untracked |  0
| 284|0x0000000091c00000, 0x0000000091c00000, 0x0000000091d00000|  0%| F|  |TAMS 0x0000000091c00000| PB 0x0000000091c00000| Untracked |  0
| 285|0x0000000091d00000, 0x0000000091d00000, 0x0000000091e00000|  0%| F|  |TAMS 0x0000000091d00000| PB 0x0000000091d00000| Untracked |  0
| 286|0x0000000091e00000, 0x0000000091e00000, 0x0000000091f00000|  0%| F|  |TAMS 0x0000000091e00000| PB 0x0000000091e00000| Untracked |  0
| 287|0x0000000091f00000, 0x0000000091f00000, 0x0000000092000000|  0%| F|  |TAMS 0x0000000091f00000| PB 0x0000000091f00000| Untracked |  0
| 288|0x0000000092000000, 0x0000000092000000, 0x0000000092100000|  0%| F|  |TAMS 0x0000000092000000| PB 0x0000000092000000| Untracked |  0
| 289|0x0000000092100000, 0x0000000092100000, 0x0000000092200000|  0%| F|  |TAMS 0x0000000092100000| PB 0x0000000092100000| Untracked |  0
| 290|0x0000000092200000, 0x0000000092200000, 0x0000000092300000|  0%| F|  |TAMS 0x0000000092200000| PB 0x0000000092200000| Untracked |  0
| 291|0x0000000092300000, 0x0000000092300000, 0x0000000092400000|  0%| F|  |TAMS 0x0000000092300000| PB 0x0000000092300000| Untracked |  0
| 292|0x0000000092400000, 0x0000000092400000, 0x0000000092500000|  0%| F|  |TAMS 0x0000000092400000| PB 0x0000000092400000| Untracked |  0
| 293|0x0000000092500000, 0x0000000092500000, 0x0000000092600000|  0%| F|  |TAMS 0x0000000092500000| PB 0x0000000092500000| Untracked |  0
| 294|0x0000000092600000, 0x0000000092600000, 0x0000000092700000|  0%| F|  |TAMS 0x0000000092600000| PB 0x0000000092600000| Untracked |  0
| 295|0x0000000092700000, 0x0000000092700000, 0x0000000092800000|  0%| F|  |TAMS 0x0000000092700000| PB 0x0000000092700000| Untracked |  0
| 296|0x0000000092800000, 0x0000000092800000, 0x0000000092900000|  0%| F|  |TAMS 0x0000000092800000| PB 0x0000000092800000| Untracked |  0
| 297|0x0000000092900000, 0x0000000092900000, 0x0000000092a00000|  0%| F|  |TAMS 0x0000000092900000| PB 0x0000000092900000| Untracked |  0
| 298|0x0000000092a00000, 0x0000000092a00000, 0x0000000092b00000|  0%| F|  |TAMS 0x0000000092a00000| PB 0x0000000092a00000| Untracked |  0
| 299|0x0000000092b00000, 0x0000000092b00000, 0x0000000092c00000|  0%| F|  |TAMS 0x0000000092b00000| PB 0x0000000092b00000| Untracked |  0
| 300|0x0000000092c00000, 0x0000000092c00000, 0x0000000092d00000|  0%| F|  |TAMS 0x0000000092c00000| PB 0x0000000092c00000| Untracked |  0
| 301|0x0000000092d00000, 0x0000000092d00000, 0x0000000092e00000|  0%| F|  |TAMS 0x0000000092d00000| PB 0x0000000092d00000| Untracked |  0
| 302|0x0000000092e00000, 0x0000000092e00000, 0x0000000092f00000|  0%| F|  |TAMS 0x0000000092e00000| PB 0x0000000092e00000| Untracked |  0
| 303|0x0000000092f00000, 0x0000000092f00000, 0x0000000093000000|  0%| F|  |TAMS 0x0000000092f00000| PB 0x0000000092f00000| Untracked |  0
| 304|0x0000000093000000, 0x0000000093000000, 0x0000000093100000|  0%| F|  |TAMS 0x0000000093000000| PB 0x0000000093000000| Untracked |  0
| 305|0x0000000093100000, 0x0000000093100000, 0x0000000093200000|  0%| F|  |TAMS 0x0000000093100000| PB 0x0000000093100000| Untracked |  0
| 306|0x0000000093200000, 0x0000000093200000, 0x0000000093300000|  0%| F|  |TAMS 0x0000000093200000| PB 0x0000000093200000| Untracked |  0
| 307|0x0000000093300000, 0x0000000093300000, 0x0000000093400000|  0%| F|  |TAMS 0x0000000093300000| PB 0x0000000093300000| Untracked |  0
| 308|0x0000000093400000, 0x0000000093400000, 0x0000000093500000|  0%| F|  |TAMS 0x0000000093400000| PB 0x0000000093400000| Untracked |  0
| 309|0x0000000093500000, 0x0000000093500000, 0x0000000093600000|  0%| F|  |TAMS 0x0000000093500000| PB 0x0000000093500000| Untracked |  0
| 310|0x0000000093600000, 0x0000000093600000, 0x0000000093700000|  0%| F|  |TAMS 0x0000000093600000| PB 0x0000000093600000| Untracked |  0
| 311|0x0000000093700000, 0x0000000093700000, 0x0000000093800000|  0%| F|  |TAMS 0x0000000093700000| PB 0x0000000093700000| Untracked |  0
| 312|0x0000000093800000, 0x0000000093800000, 0x0000000093900000|  0%| F|  |TAMS 0x0000000093800000| PB 0x0000000093800000| Untracked |  0
| 313|0x0000000093900000, 0x0000000093900000, 0x0000000093a00000|  0%| F|  |TAMS 0x0000000093900000| PB 0x0000000093900000| Untracked |  0
| 314|0x0000000093a00000, 0x0000000093a00000, 0x0000000093b00000|  0%| F|  |TAMS 0x0000000093a00000| PB 0x0000000093a00000| Untracked |  0
| 315|0x0000000093b00000, 0x0000000093b00000, 0x0000000093c00000|  0%| F|  |TAMS 0x0000000093b00000| PB 0x0000000093b00000| Untracked |  0
| 316|0x0000000093c00000, 0x0000000093cd4308, 0x0000000093d00000| 82%| S|CS|TAMS 0x0000000093c00000| PB 0x0000000093c00000| Complete |  0
| 317|0x0000000093d00000, 0x0000000093e00000, 0x0000000093e00000|100%| S|CS|TAMS 0x0000000093d00000| PB 0x0000000093d00000| Complete |  0
| 318|0x0000000093e00000, 0x0000000093f00000, 0x0000000093f00000|100%| S|CS|TAMS 0x0000000093e00000| PB 0x0000000093e00000| Complete |  0
| 319|0x0000000093f00000, 0x0000000094000000, 0x0000000094000000|100%| S|CS|TAMS 0x0000000093f00000| PB 0x0000000093f00000| Complete |  0
| 320|0x0000000094000000, 0x0000000094100000, 0x0000000094100000|100%| S|CS|TAMS 0x0000000094000000| PB 0x0000000094000000| Complete |  0
| 321|0x0000000094100000, 0x0000000094200000, 0x0000000094200000|100%| S|CS|TAMS 0x0000000094100000| PB 0x0000000094100000| Complete |  0
| 322|0x0000000094200000, 0x0000000094300000, 0x0000000094300000|100%| S|CS|TAMS 0x0000000094200000| PB 0x0000000094200000| Complete |  0
| 323|0x0000000094300000, 0x0000000094400000, 0x0000000094400000|100%| S|CS|TAMS 0x0000000094300000| PB 0x0000000094300000| Complete |  0
| 324|0x0000000094400000, 0x0000000094500000, 0x0000000094500000|100%| S|CS|TAMS 0x0000000094400000| PB 0x0000000094400000| Complete |  0
| 325|0x0000000094500000, 0x0000000094600000, 0x0000000094600000|100%| S|CS|TAMS 0x0000000094500000| PB 0x0000000094500000| Complete |  0
| 326|0x0000000094600000, 0x0000000094700000, 0x0000000094700000|100%| S|CS|TAMS 0x0000000094600000| PB 0x0000000094600000| Complete |  0
| 327|0x0000000094700000, 0x0000000094800000, 0x0000000094800000|100%| S|CS|TAMS 0x0000000094700000| PB 0x0000000094700000| Complete |  0
| 328|0x0000000094800000, 0x0000000094900000, 0x0000000094900000|100%| S|CS|TAMS 0x0000000094800000| PB 0x0000000094800000| Complete |  0
| 329|0x0000000094900000, 0x0000000094a00000, 0x0000000094a00000|100%| S|CS|TAMS 0x0000000094900000| PB 0x0000000094900000| Complete |  0
| 330|0x0000000094a00000, 0x0000000094b00000, 0x0000000094b00000|100%| S|CS|TAMS 0x0000000094a00000| PB 0x0000000094a00000| Complete |  0
| 331|0x0000000094b00000, 0x0000000094c00000, 0x0000000094c00000|100%| S|CS|TAMS 0x0000000094b00000| PB 0x0000000094b00000| Complete |  0
| 332|0x0000000094c00000, 0x0000000094d00000, 0x0000000094d00000|100%| S|CS|TAMS 0x0000000094c00000| PB 0x0000000094c00000| Complete |  0
| 333|0x0000000094d00000, 0x0000000094d00000, 0x0000000094e00000|  0%| F|  |TAMS 0x0000000094d00000| PB 0x0000000094d00000| Untracked |  0
| 334|0x0000000094e00000, 0x0000000094e00000, 0x0000000094f00000|  0%| F|  |TAMS 0x0000000094e00000| PB 0x0000000094e00000| Untracked |  0
| 335|0x0000000094f00000, 0x0000000094f00000, 0x0000000095000000|  0%| F|  |TAMS 0x0000000094f00000| PB 0x0000000094f00000| Untracked |  0
| 336|0x0000000095000000, 0x0000000095000000, 0x0000000095100000|  0%| F|  |TAMS 0x0000000095000000| PB 0x0000000095000000| Untracked |  0
| 337|0x0000000095100000, 0x0000000095100000, 0x0000000095200000|  0%| F|  |TAMS 0x0000000095100000| PB 0x0000000095100000| Untracked |  0
| 338|0x0000000095200000, 0x0000000095200000, 0x0000000095300000|  0%| F|  |TAMS 0x0000000095200000| PB 0x0000000095200000| Untracked |  0
| 339|0x0000000095300000, 0x0000000095300000, 0x0000000095400000|  0%| F|  |TAMS 0x0000000095300000| PB 0x0000000095300000| Untracked |  0
| 340|0x0000000095400000, 0x0000000095400000, 0x0000000095500000|  0%| F|  |TAMS 0x0000000095400000| PB 0x0000000095400000| Untracked |  0
| 341|0x0000000095500000, 0x0000000095500000, 0x0000000095600000|  0%| F|  |TAMS 0x0000000095500000| PB 0x0000000095500000| Untracked |  0
| 342|0x0000000095600000, 0x0000000095600000, 0x0000000095700000|  0%| F|  |TAMS 0x0000000095600000| PB 0x0000000095600000| Untracked |  0
| 343|0x0000000095700000, 0x0000000095700000, 0x0000000095800000|  0%| F|  |TAMS 0x0000000095700000| PB 0x0000000095700000| Untracked |  0
| 344|0x0000000095800000, 0x0000000095800000, 0x0000000095900000|  0%| F|  |TAMS 0x0000000095800000| PB 0x0000000095800000| Untracked |  0
| 345|0x0000000095900000, 0x0000000095900000, 0x0000000095a00000|  0%| F|  |TAMS 0x0000000095900000| PB 0x0000000095900000| Untracked |  0
| 346|0x0000000095a00000, 0x0000000095a00000, 0x0000000095b00000|  0%| F|  |TAMS 0x0000000095a00000| PB 0x0000000095a00000| Untracked |  0
| 347|0x0000000095b00000, 0x0000000095b00000, 0x0000000095c00000|  0%| F|  |TAMS 0x0000000095b00000| PB 0x0000000095b00000| Untracked |  0
| 348|0x0000000095c00000, 0x0000000095c00000, 0x0000000095d00000|  0%| F|  |TAMS 0x0000000095c00000| PB 0x0000000095c00000| Untracked |  0
| 349|0x0000000095d00000, 0x0000000095d00000, 0x0000000095e00000|  0%| F|  |TAMS 0x0000000095d00000| PB 0x0000000095d00000| Untracked |  0
| 350|0x0000000095e00000, 0x0000000095e00000, 0x0000000095f00000|  0%| F|  |TAMS 0x0000000095e00000| PB 0x0000000095e00000| Untracked |  0
| 351|0x0000000095f00000, 0x0000000095f00000, 0x0000000096000000|  0%| F|  |TAMS 0x0000000095f00000| PB 0x0000000095f00000| Untracked |  0
| 352|0x0000000096000000, 0x0000000096000000, 0x0000000096100000|  0%| F|  |TAMS 0x0000000096000000| PB 0x0000000096000000| Untracked |  0
| 353|0x0000000096100000, 0x0000000096100000, 0x0000000096200000|  0%| F|  |TAMS 0x0000000096100000| PB 0x0000000096100000| Untracked |  0
| 354|0x0000000096200000, 0x0000000096200000, 0x0000000096300000|  0%| F|  |TAMS 0x0000000096200000| PB 0x0000000096200000| Untracked |  0
| 355|0x0000000096300000, 0x0000000096300000, 0x0000000096400000|  0%| F|  |TAMS 0x0000000096300000| PB 0x0000000096300000| Untracked |  0
| 356|0x0000000096400000, 0x0000000096400000, 0x0000000096500000|  0%| F|  |TAMS 0x0000000096400000| PB 0x0000000096400000| Untracked |  0
| 357|0x0000000096500000, 0x0000000096500000, 0x0000000096600000|  0%| F|  |TAMS 0x0000000096500000| PB 0x0000000096500000| Untracked |  0
| 358|0x0000000096600000, 0x0000000096600000, 0x0000000096700000|  0%| F|  |TAMS 0x0000000096600000| PB 0x0000000096600000| Untracked |  0
| 359|0x0000000096700000, 0x0000000096700000, 0x0000000096800000|  0%| F|  |TAMS 0x0000000096700000| PB 0x0000000096700000| Untracked |  0
| 360|0x0000000096800000, 0x0000000096800000, 0x0000000096900000|  0%| F|  |TAMS 0x0000000096800000| PB 0x0000000096800000| Untracked |  0
| 361|0x0000000096900000, 0x0000000096900000, 0x0000000096a00000|  0%| F|  |TAMS 0x0000000096900000| PB 0x0000000096900000| Untracked |  0
| 362|0x0000000096a00000, 0x0000000096a00000, 0x0000000096b00000|  0%| F|  |TAMS 0x0000000096a00000| PB 0x0000000096a00000| Untracked |  0
| 363|0x0000000096b00000, 0x0000000096b00000, 0x0000000096c00000|  0%| F|  |TAMS 0x0000000096b00000| PB 0x0000000096b00000| Untracked |  0
| 364|0x0000000096c00000, 0x0000000096c00000, 0x0000000096d00000|  0%| F|  |TAMS 0x0000000096c00000| PB 0x0000000096c00000| Untracked |  0
| 365|0x0000000096d00000, 0x0000000096d00000, 0x0000000096e00000|  0%| F|  |TAMS 0x0000000096d00000| PB 0x0000000096d00000| Untracked |  0
| 366|0x0000000096e00000, 0x0000000096e00000, 0x0000000096f00000|  0%| F|  |TAMS 0x0000000096e00000| PB 0x0000000096e00000| Untracked |  0
| 367|0x0000000096f00000, 0x0000000096f00000, 0x0000000097000000|  0%| F|  |TAMS 0x0000000096f00000| PB 0x0000000096f00000| Untracked |  0
| 368|0x0000000097000000, 0x0000000097000000, 0x0000000097100000|  0%| F|  |TAMS 0x0000000097000000| PB 0x0000000097000000| Untracked |  0
| 369|0x0000000097100000, 0x0000000097100000, 0x0000000097200000|  0%| F|  |TAMS 0x0000000097100000| PB 0x0000000097100000| Untracked |  0
| 370|0x0000000097200000, 0x0000000097200000, 0x0000000097300000|  0%| F|  |TAMS 0x0000000097200000| PB 0x0000000097200000| Untracked |  0
| 371|0x0000000097300000, 0x0000000097300000, 0x0000000097400000|  0%| F|  |TAMS 0x0000000097300000| PB 0x0000000097300000| Untracked |  0
| 372|0x0000000097400000, 0x0000000097400000, 0x0000000097500000|  0%| F|  |TAMS 0x0000000097400000| PB 0x0000000097400000| Untracked |  0
| 373|0x0000000097500000, 0x0000000097500000, 0x0000000097600000|  0%| F|  |TAMS 0x0000000097500000| PB 0x0000000097500000| Untracked |  0
| 374|0x0000000097600000, 0x0000000097600000, 0x0000000097700000|  0%| F|  |TAMS 0x0000000097600000| PB 0x0000000097600000| Untracked |  0
| 375|0x0000000097700000, 0x0000000097700000, 0x0000000097800000|  0%| F|  |TAMS 0x0000000097700000| PB 0x0000000097700000| Untracked |  0
| 376|0x0000000097800000, 0x0000000097800000, 0x0000000097900000|  0%| F|  |TAMS 0x0000000097800000| PB 0x0000000097800000| Untracked |  0
| 377|0x0000000097900000, 0x0000000097900000, 0x0000000097a00000|  0%| F|  |TAMS 0x0000000097900000| PB 0x0000000097900000| Untracked |  0
| 378|0x0000000097a00000, 0x0000000097a00000, 0x0000000097b00000|  0%| F|  |TAMS 0x0000000097a00000| PB 0x0000000097a00000| Untracked |  0
| 379|0x0000000097b00000, 0x0000000097b00000, 0x0000000097c00000|  0%| F|  |TAMS 0x0000000097b00000| PB 0x0000000097b00000| Untracked |  0
| 380|0x0000000097c00000, 0x0000000097c00000, 0x0000000097d00000|  0%| F|  |TAMS 0x0000000097c00000| PB 0x0000000097c00000| Untracked |  0
| 381|0x0000000097d00000, 0x0000000097d00000, 0x0000000097e00000|  0%| F|  |TAMS 0x0000000097d00000| PB 0x0000000097d00000| Untracked |  0
| 382|0x0000000097e00000, 0x0000000097e00000, 0x0000000097f00000|  0%| F|  |TAMS 0x0000000097e00000| PB 0x0000000097e00000| Untracked |  0
| 383|0x0000000097f00000, 0x0000000097f00000, 0x0000000098000000|  0%| F|  |TAMS 0x0000000097f00000| PB 0x0000000097f00000| Untracked |  0
| 384|0x0000000098000000, 0x0000000098000000, 0x0000000098100000|  0%| F|  |TAMS 0x0000000098000000| PB 0x0000000098000000| Untracked |  0
| 385|0x0000000098100000, 0x0000000098100000, 0x0000000098200000|  0%| F|  |TAMS 0x0000000098100000| PB 0x0000000098100000| Untracked |  0
| 386|0x0000000098200000, 0x0000000098200000, 0x0000000098300000|  0%| F|  |TAMS 0x0000000098200000| PB 0x0000000098200000| Untracked |  0
| 387|0x0000000098300000, 0x0000000098300000, 0x0000000098400000|  0%| F|  |TAMS 0x0000000098300000| PB 0x0000000098300000| Untracked |  0
| 388|0x0000000098400000, 0x0000000098400000, 0x0000000098500000|  0%| F|  |TAMS 0x0000000098400000| PB 0x0000000098400000| Untracked |  0
| 389|0x0000000098500000, 0x0000000098500000, 0x0000000098600000|  0%| F|  |TAMS 0x0000000098500000| PB 0x0000000098500000| Untracked |  0
| 390|0x0000000098600000, 0x0000000098600000, 0x0000000098700000|  0%| F|  |TAMS 0x0000000098600000| PB 0x0000000098600000| Untracked |  0
| 391|0x0000000098700000, 0x0000000098700000, 0x0000000098800000|  0%| F|  |TAMS 0x0000000098700000| PB 0x0000000098700000| Untracked |  0
| 392|0x0000000098800000, 0x0000000098800000, 0x0000000098900000|  0%| F|  |TAMS 0x0000000098800000| PB 0x0000000098800000| Untracked |  0
| 393|0x0000000098900000, 0x0000000098900000, 0x0000000098a00000|  0%| F|  |TAMS 0x0000000098900000| PB 0x0000000098900000| Untracked |  0
| 394|0x0000000098a00000, 0x0000000098a00000, 0x0000000098b00000|  0%| F|  |TAMS 0x0000000098a00000| PB 0x0000000098a00000| Untracked |  0
| 395|0x0000000098b00000, 0x0000000098b00000, 0x0000000098c00000|  0%| F|  |TAMS 0x0000000098b00000| PB 0x0000000098b00000| Untracked |  0
| 396|0x0000000098c00000, 0x0000000098c00000, 0x0000000098d00000|  0%| F|  |TAMS 0x0000000098c00000| PB 0x0000000098c00000| Untracked |  0
| 397|0x0000000098d00000, 0x0000000098d00000, 0x0000000098e00000|  0%| F|  |TAMS 0x0000000098d00000| PB 0x0000000098d00000| Untracked |  0
| 398|0x0000000098e00000, 0x0000000098e00000, 0x0000000098f00000|  0%| F|  |TAMS 0x0000000098e00000| PB 0x0000000098e00000| Untracked |  0
| 399|0x0000000098f00000, 0x0000000098f00000, 0x0000000099000000|  0%| F|  |TAMS 0x0000000098f00000| PB 0x0000000098f00000| Untracked |  0
| 400|0x0000000099000000, 0x0000000099000000, 0x0000000099100000|  0%| F|  |TAMS 0x0000000099000000| PB 0x0000000099000000| Untracked |  0
| 401|0x0000000099100000, 0x0000000099100000, 0x0000000099200000|  0%| F|  |TAMS 0x0000000099100000| PB 0x0000000099100000| Untracked |  0
| 402|0x0000000099200000, 0x0000000099200000, 0x0000000099300000|  0%| F|  |TAMS 0x0000000099200000| PB 0x0000000099200000| Untracked |  0
| 403|0x0000000099300000, 0x0000000099300000, 0x0000000099400000|  0%| F|  |TAMS 0x0000000099300000| PB 0x0000000099300000| Untracked |  0
| 404|0x0000000099400000, 0x0000000099400000, 0x0000000099500000|  0%| F|  |TAMS 0x0000000099400000| PB 0x0000000099400000| Untracked |  0
| 405|0x0000000099500000, 0x0000000099500000, 0x0000000099600000|  0%| F|  |TAMS 0x0000000099500000| PB 0x0000000099500000| Untracked |  0
| 406|0x0000000099600000, 0x0000000099600000, 0x0000000099700000|  0%| F|  |TAMS 0x0000000099600000| PB 0x0000000099600000| Untracked |  0
| 407|0x0000000099700000, 0x0000000099700000, 0x0000000099800000|  0%| F|  |TAMS 0x0000000099700000| PB 0x0000000099700000| Untracked |  0
| 408|0x0000000099800000, 0x0000000099800000, 0x0000000099900000|  0%| F|  |TAMS 0x0000000099800000| PB 0x0000000099800000| Untracked |  0
| 409|0x0000000099900000, 0x0000000099900000, 0x0000000099a00000|  0%| F|  |TAMS 0x0000000099900000| PB 0x0000000099900000| Untracked |  0
| 410|0x0000000099a00000, 0x0000000099a00000, 0x0000000099b00000|  0%| F|  |TAMS 0x0000000099a00000| PB 0x0000000099a00000| Untracked |  0
| 411|0x0000000099b00000, 0x0000000099b00000, 0x0000000099c00000|  0%| F|  |TAMS 0x0000000099b00000| PB 0x0000000099b00000| Untracked |  0
| 412|0x0000000099c00000, 0x0000000099c00000, 0x0000000099d00000|  0%| F|  |TAMS 0x0000000099c00000| PB 0x0000000099c00000| Untracked |  0
| 413|0x0000000099d00000, 0x0000000099d00000, 0x0000000099e00000|  0%| F|  |TAMS 0x0000000099d00000| PB 0x0000000099d00000| Untracked |  0
| 414|0x0000000099e00000, 0x0000000099e00000, 0x0000000099f00000|  0%| F|  |TAMS 0x0000000099e00000| PB 0x0000000099e00000| Untracked |  0
| 415|0x0000000099f00000, 0x0000000099f00000, 0x000000009a000000|  0%| F|  |TAMS 0x0000000099f00000| PB 0x0000000099f00000| Untracked |  0
| 416|0x000000009a000000, 0x000000009a000000, 0x000000009a100000|  0%| F|  |TAMS 0x000000009a000000| PB 0x000000009a000000| Untracked |  0
| 417|0x000000009a100000, 0x000000009a100000, 0x000000009a200000|  0%| F|  |TAMS 0x000000009a100000| PB 0x000000009a100000| Untracked |  0
| 418|0x000000009a200000, 0x000000009a200000, 0x000000009a300000|  0%| F|  |TAMS 0x000000009a200000| PB 0x000000009a200000| Untracked |  0
| 419|0x000000009a300000, 0x000000009a300000, 0x000000009a400000|  0%| F|  |TAMS 0x000000009a300000| PB 0x000000009a300000| Untracked |  0
| 420|0x000000009a400000, 0x000000009a400000, 0x000000009a500000|  0%| F|  |TAMS 0x000000009a400000| PB 0x000000009a400000| Untracked |  0
| 421|0x000000009a500000, 0x000000009a500000, 0x000000009a600000|  0%| F|  |TAMS 0x000000009a500000| PB 0x000000009a500000| Untracked |  0
| 422|0x000000009a600000, 0x000000009a600000, 0x000000009a700000|  0%| F|  |TAMS 0x000000009a600000| PB 0x000000009a600000| Untracked |  0
| 423|0x000000009a700000, 0x000000009a700000, 0x000000009a800000|  0%| F|  |TAMS 0x000000009a700000| PB 0x000000009a700000| Untracked |  0
| 424|0x000000009a800000, 0x000000009a800000, 0x000000009a900000|  0%| F|  |TAMS 0x000000009a800000| PB 0x000000009a800000| Untracked |  0
| 425|0x000000009a900000, 0x000000009a900000, 0x000000009aa00000|  0%| F|  |TAMS 0x000000009a900000| PB 0x000000009a900000| Untracked |  0
| 426|0x000000009aa00000, 0x000000009aa00000, 0x000000009ab00000|  0%| F|  |TAMS 0x000000009aa00000| PB 0x000000009aa00000| Untracked |  0
| 427|0x000000009ab00000, 0x000000009ab00000, 0x000000009ac00000|  0%| F|  |TAMS 0x000000009ab00000| PB 0x000000009ab00000| Untracked |  0
| 428|0x000000009ac00000, 0x000000009ac00000, 0x000000009ad00000|  0%| F|  |TAMS 0x000000009ac00000| PB 0x000000009ac00000| Untracked |  0
| 429|0x000000009ad00000, 0x000000009ad00000, 0x000000009ae00000|  0%| F|  |TAMS 0x000000009ad00000| PB 0x000000009ad00000| Untracked |  0
| 430|0x000000009ae00000, 0x000000009ae00000, 0x000000009af00000|  0%| F|  |TAMS 0x000000009ae00000| PB 0x000000009ae00000| Untracked |  0
| 431|0x000000009af00000, 0x000000009af00000, 0x000000009b000000|  0%| F|  |TAMS 0x000000009af00000| PB 0x000000009af00000| Untracked |  0
| 432|0x000000009b000000, 0x000000009b000000, 0x000000009b100000|  0%| F|  |TAMS 0x000000009b000000| PB 0x000000009b000000| Untracked |  0
| 433|0x000000009b100000, 0x000000009b100000, 0x000000009b200000|  0%| F|  |TAMS 0x000000009b100000| PB 0x000000009b100000| Untracked |  0
| 434|0x000000009b200000, 0x000000009b200000, 0x000000009b300000|  0%| F|  |TAMS 0x000000009b200000| PB 0x000000009b200000| Untracked |  0
| 435|0x000000009b300000, 0x000000009b300000, 0x000000009b400000|  0%| F|  |TAMS 0x000000009b300000| PB 0x000000009b300000| Untracked |  0
| 436|0x000000009b400000, 0x000000009b400000, 0x000000009b500000|  0%| F|  |TAMS 0x000000009b400000| PB 0x000000009b400000| Untracked |  0
| 437|0x000000009b500000, 0x000000009b500000, 0x000000009b600000|  0%| F|  |TAMS 0x000000009b500000| PB 0x000000009b500000| Untracked |  0
| 438|0x000000009b600000, 0x000000009b600000, 0x000000009b700000|  0%| F|  |TAMS 0x000000009b600000| PB 0x000000009b600000| Untracked |  0
| 439|0x000000009b700000, 0x000000009b700000, 0x000000009b800000|  0%| F|  |TAMS 0x000000009b700000| PB 0x000000009b700000| Untracked |  0
| 440|0x000000009b800000, 0x000000009b800000, 0x000000009b900000|  0%| F|  |TAMS 0x000000009b800000| PB 0x000000009b800000| Untracked |  0
| 441|0x000000009b900000, 0x000000009b900000, 0x000000009ba00000|  0%| F|  |TAMS 0x000000009b900000| PB 0x000000009b900000| Untracked |  0
| 442|0x000000009ba00000, 0x000000009ba00000, 0x000000009bb00000|  0%| F|  |TAMS 0x000000009ba00000| PB 0x000000009ba00000| Untracked |  0
| 443|0x000000009bb00000, 0x000000009bb00000, 0x000000009bc00000|  0%| F|  |TAMS 0x000000009bb00000| PB 0x000000009bb00000| Untracked |  0
| 444|0x000000009bc00000, 0x000000009bc00000, 0x000000009bd00000|  0%| F|  |TAMS 0x000000009bc00000| PB 0x000000009bc00000| Untracked |  0
| 445|0x000000009bd00000, 0x000000009bd00000, 0x000000009be00000|  0%| F|  |TAMS 0x000000009bd00000| PB 0x000000009bd00000| Untracked |  0
| 446|0x000000009be00000, 0x000000009be00000, 0x000000009bf00000|  0%| F|  |TAMS 0x000000009be00000| PB 0x000000009be00000| Untracked |  0
| 447|0x000000009bf00000, 0x000000009bf00000, 0x000000009c000000|  0%| F|  |TAMS 0x000000009bf00000| PB 0x000000009bf00000| Untracked |  0
| 448|0x000000009c000000, 0x000000009c000000, 0x000000009c100000|  0%| F|  |TAMS 0x000000009c000000| PB 0x000000009c000000| Untracked |  0
| 449|0x000000009c100000, 0x000000009c100000, 0x000000009c200000|  0%| F|  |TAMS 0x000000009c100000| PB 0x000000009c100000| Untracked |  0
| 450|0x000000009c200000, 0x000000009c200000, 0x000000009c300000|  0%| F|  |TAMS 0x000000009c200000| PB 0x000000009c200000| Untracked |  0
| 451|0x000000009c300000, 0x000000009c300000, 0x000000009c400000|  0%| F|  |TAMS 0x000000009c300000| PB 0x000000009c300000| Untracked |  0
| 452|0x000000009c400000, 0x000000009c400000, 0x000000009c500000|  0%| F|  |TAMS 0x000000009c400000| PB 0x000000009c400000| Untracked |  0
| 453|0x000000009c500000, 0x000000009c500000, 0x000000009c600000|  0%| F|  |TAMS 0x000000009c500000| PB 0x000000009c500000| Untracked |  0
| 454|0x000000009c600000, 0x000000009c600000, 0x000000009c700000|  0%| F|  |TAMS 0x000000009c600000| PB 0x000000009c600000| Untracked |  0
| 455|0x000000009c700000, 0x000000009c700000, 0x000000009c800000|  0%| F|  |TAMS 0x000000009c700000| PB 0x000000009c700000| Untracked |  0
| 456|0x000000009c800000, 0x000000009c800000, 0x000000009c900000|  0%| F|  |TAMS 0x000000009c800000| PB 0x000000009c800000| Untracked |  0
| 457|0x000000009c900000, 0x000000009c900000, 0x000000009ca00000|  0%| F|  |TAMS 0x000000009c900000| PB 0x000000009c900000| Untracked |  0
| 458|0x000000009ca00000, 0x000000009ca00000, 0x000000009cb00000|  0%| F|  |TAMS 0x000000009ca00000| PB 0x000000009ca00000| Untracked |  0
| 459|0x000000009cb00000, 0x000000009cb00000, 0x000000009cc00000|  0%| F|  |TAMS 0x000000009cb00000| PB 0x000000009cb00000| Untracked |  0
| 460|0x000000009cc00000, 0x000000009cc00000, 0x000000009cd00000|  0%| F|  |TAMS 0x000000009cc00000| PB 0x000000009cc00000| Untracked |  0
| 461|0x000000009cd00000, 0x000000009cd00000, 0x000000009ce00000|  0%| F|  |TAMS 0x000000009cd00000| PB 0x000000009cd00000| Untracked |  0
| 462|0x000000009ce00000, 0x000000009ce00000, 0x000000009cf00000|  0%| F|  |TAMS 0x000000009ce00000| PB 0x000000009ce00000| Untracked |  0
| 463|0x000000009cf00000, 0x000000009cf00000, 0x000000009d000000|  0%| F|  |TAMS 0x000000009cf00000| PB 0x000000009cf00000| Untracked |  0
| 464|0x000000009d000000, 0x000000009d000000, 0x000000009d100000|  0%| F|  |TAMS 0x000000009d000000| PB 0x000000009d000000| Untracked |  0
| 465|0x000000009d100000, 0x000000009d100000, 0x000000009d200000|  0%| F|  |TAMS 0x000000009d100000| PB 0x000000009d100000| Untracked |  0
|2021|0x00000000fe500000, 0x00000000fe500000, 0x00000000fe600000|  0%| F|  |TAMS 0x00000000fe500000| PB 0x00000000fe500000| Untracked |  0
|2022|0x00000000fe600000, 0x00000000fe700000, 0x00000000fe700000|100%| O|  |TAMS 0x00000000fe700000| PB 0x00000000fe600000| Untracked |  0
|2023|0x00000000fe700000, 0x00000000fe800000, 0x00000000fe800000|100%| O|  |TAMS 0x00000000fe800000| PB 0x00000000fe700000| Untracked |  0
|2024|0x00000000fe800000, 0x00000000fe900000, 0x00000000fe900000|100%| O|  |TAMS 0x00000000fe900000| PB 0x00000000fe800000| Untracked |  0
|2025|0x00000000fe900000, 0x00000000fea00000, 0x00000000fea00000|100%| O|  |TAMS 0x00000000fea00000| PB 0x00000000fe900000| Untracked |  0
|2026|0x00000000fea00000, 0x00000000feb00000, 0x00000000feb00000|100%| O|  |TAMS 0x00000000feb00000| PB 0x00000000fea00000| Untracked |  0
|2027|0x00000000feb00000, 0x00000000feb00000, 0x00000000fec00000|  0%| F|  |TAMS 0x00000000feb00000| PB 0x00000000feb00000| Untracked |  0
|2028|0x00000000fec00000, 0x00000000fec00000, 0x00000000fed00000|  0%| F|  |TAMS 0x00000000fec00000| PB 0x00000000fec00000| Untracked |  0
|2029|0x00000000fed00000, 0x00000000fed00000, 0x00000000fee00000|  0%| F|  |TAMS 0x00000000fed00000| PB 0x00000000fed00000| Untracked |  0
|2030|0x00000000fee00000, 0x00000000fee00000, 0x00000000fef00000|  0%| F|  |TAMS 0x00000000fee00000| PB 0x00000000fee00000| Untracked |  0
|2031|0x00000000fef00000, 0x00000000fef00000, 0x00000000ff000000|  0%| F|  |TAMS 0x00000000fef00000| PB 0x00000000fef00000| Untracked |  0
|2032|0x00000000ff000000, 0x00000000ff100000, 0x00000000ff100000|100%| O|  |TAMS 0x00000000ff100000| PB 0x00000000ff000000| Untracked |  0
|2033|0x00000000ff100000, 0x00000000ff100000, 0x00000000ff200000|  0%| F|  |TAMS 0x00000000ff100000| PB 0x00000000ff100000| Untracked |  0
|2034|0x00000000ff200000, 0x00000000ff200000, 0x00000000ff300000|  0%| F|  |TAMS 0x00000000ff200000| PB 0x00000000ff200000| Untracked |  0
|2035|0x00000000ff300000, 0x00000000ff400000, 0x00000000ff400000|100%| O|  |TAMS 0x00000000ff400000| PB 0x00000000ff300000| Untracked |  0
|2036|0x00000000ff400000, 0x00000000ff400000, 0x00000000ff500000|  0%| F|  |TAMS 0x00000000ff400000| PB 0x00000000ff400000| Untracked |  0
|2037|0x00000000ff500000, 0x00000000ff600000, 0x00000000ff600000|100%| O|  |TAMS 0x00000000ff600000| PB 0x00000000ff500000| Untracked |  0
|2038|0x00000000ff600000, 0x00000000ff700000, 0x00000000ff700000|100%| O|  |TAMS 0x00000000ff700000| PB 0x00000000ff600000| Untracked |  0
|2039|0x00000000ff700000, 0x00000000ff800000, 0x00000000ff800000|100%| O|  |TAMS 0x00000000ff800000| PB 0x00000000ff700000| Untracked |  0
|2040|0x00000000ff800000, 0x00000000ff900000, 0x00000000ff900000|100%| O|  |TAMS 0x00000000ff900000| PB 0x00000000ff800000| Untracked |  0
|2041|0x00000000ff900000, 0x00000000ff900000, 0x00000000ffa00000|  0%| F|  |TAMS 0x00000000ff900000| PB 0x00000000ff900000| Untracked |  0
|2042|0x00000000ffa00000, 0x00000000ffa00000, 0x00000000ffb00000|  0%| F|  |TAMS 0x00000000ffa00000| PB 0x00000000ffa00000| Untracked |  0
|2043|0x00000000ffb00000, 0x00000000ffc00000, 0x00000000ffc00000|100%| O|  |TAMS 0x00000000ffc00000| PB 0x00000000ffb00000| Untracked |  0
|2044|0x00000000ffc00000, 0x00000000ffd00000, 0x00000000ffd00000|100%| O|  |TAMS 0x00000000ffd00000| PB 0x00000000ffc00000| Untracked |  0
|2045|0x00000000ffd00000, 0x00000000ffe00000, 0x00000000ffe00000|100%| O|  |TAMS 0x00000000ffe00000| PB 0x00000000ffd00000| Untracked |  0
|2046|0x00000000ffe00000, 0x00000000fff00000, 0x00000000fff00000|100%| O|  |TAMS 0x00000000fff00000| PB 0x00000000ffe00000| Untracked |  0
|2047|0x00000000fff00000, 0x00000000fff00000, 0x0000000100000000|  0%| F|  |TAMS 0x00000000fff00000| PB 0x00000000fff00000| Untracked |  0

Card table byte_map: [0x000002811f150000,0x000002811f550000] _byte_map_base: 0x000002811ed50000

Marking Bits: (CMBitMap*) 0x000002810c46a590
 Bits: [0x000002811f550000, 0x0000028121550000)

Polling page: 0x000002810a200000

Metaspace:
Metaspace        used 69186K, committed 70848K, reserved 1114112K
 class space     used 10072K, committed 10880K, reserved 1048576K

Usage:
  Non-class:     57.73 MB used.
      Class:      9.84 MB used.
       Both:     67.56 MB used.

Virtual space:
  Non-class space:       64.00 MB reserved,      58.56 MB ( 92%) committed,  1 nodes.
      Class space:        1.00 GB reserved,      10.62 MB (  1%) committed,  1 nodes.
             Both:        1.06 GB reserved,      69.19 MB (  6%) committed. 

Chunk freelists:
   Non-Class:  4.50 MB
       Class:  5.36 MB
        Both:  9.86 MB

MaxMetaspaceSize: unlimited
CompressedClassSpaceSize: 1.00 GB
Initial GC threshold: 21.00 MB
Current GC threshold: 115.25 MB
CDS: off
 - commit_granule_bytes: 65536.
 - commit_granule_words: 8192.
 - virtual_space_node_default_size: 8388608.
 - enlarge_chunks_in_place: 1.
UseCompressedClassPointers 1, UseCompactObjectHeaders 0
Narrow klass pointer bits 32, Max shift 3
Narrow klass base: 0x0000000000000000, Narrow klass shift: 0
Encoding Range: [0x0000000000000000 - 0x0000000100000000), (4294967296 bytes)
Klass Range:    [0x000000000e000000 - 0x000000004e000000), (1073741824 bytes)
Klass ID Range:  [234881024 - 1308622841) (1073741817)
No protection zone.


Internal statistics:

num_allocs_failed_limit: 6.
num_arena_births: 3064.
num_arena_deaths: 8.
num_vsnodes_births: 2.
num_vsnodes_deaths: 0.
num_space_committed: 1107.
num_space_uncommitted: 0.
num_chunks_returned_to_freelist: 22.
num_chunks_taken_from_freelist: 5754.
num_chunk_merges: 3.
num_chunk_splits: 3776.
num_chunks_enlarged: 2420.
num_inconsistent_stats: 0.

CodeHeap 'non-profiled nmethods': size=120064Kb used=5180Kb max_used=5180Kb free=114883Kb
 bounds [0x00000281173c0000, 0x00000281178e0000, 0x000002811e900000]
CodeHeap 'profiled nmethods': size=120000Kb used=10269Kb max_used=11251Kb free=109730Kb
 bounds [0x000002810f900000, 0x0000028110400000, 0x0000028116e30000]
CodeHeap 'non-nmethods': size=5696Kb used=2149Kb max_used=2372Kb free=3546Kb
 bounds [0x0000028116e30000, 0x00000281170a0000, 0x00000281173c0000]
CodeCache: size=245760Kb, used=17598Kb, max_used=18803Kb, free=228159Kb
 total_blobs=9128, nmethods=8306, adapters=724, full_count=0
Compilation: enabled, stopped_count=0, restarted_count=0

Compilation events (20 events):
Event: 11.655 Thread 0x0000028124045850 10799       4       org.objectweb.asm.MethodWriter::putMethodInfo (1274 bytes)
Event: 11.680 Thread 0x0000028124a88ad0 nmethod 10794 0x00000281178c0188 code [0x00000281178c0280, 0x00000281178c6148]
Event: 11.680 Thread 0x0000028124a88ad0 10802       4       org.objectweb.asm.ClassReader::readField (675 bytes)
Event: 11.682 Thread 0x0000028124041890 10808       3       java.util.zip.ZipUtils::get32S (37 bytes)
Event: 11.682 Thread 0x0000028124041890 nmethod 10808 0x000002810fe95d88 code [0x000002810fe95e80, 0x000002810fe960d0]
Event: 11.724 Thread 0x0000028124045850 nmethod 10799 0x00000281178c6208 code [0x00000281178c6300, 0x00000281178c9bc8]
Event: 11.724 Thread 0x0000028124045850 10801       4       org.objectweb.asm.MethodWriter::computeMethodInfoSize (571 bytes)
Event: 11.726 Thread 0x0000028124a88ad0 nmethod 10802 0x00000281178c9c88 code [0x00000281178c9d80, 0x00000281178cc448]
Event: 11.727 Thread 0x0000028124a88ad0 10804       4       org.objectweb.asm.FieldWriter::putFieldInfo (269 bytes)
Event: 11.730 Thread 0x0000028124045850 nmethod 10801 0x000002811774bf08 code [0x000002811774c000, 0x000002811774ca00]
Event: 11.730 Thread 0x0000028124045850 10803       4       org.objectweb.asm.FieldWriter::computeFieldInfoSize (86 bytes)
Event: 11.732 Thread 0x0000028124045850 nmethod 10803 0x0000028117689388 code [0x0000028117689480, 0x0000028117689878]
Event: 11.736 Thread 0x0000028124a88ad0 nmethod 10804 0x0000028117688208 code [0x0000028117688300, 0x0000028117689308]
Event: 11.746 Thread 0x0000028124041890 10809       3       java.util.concurrent.locks.AbstractQueuedSynchronizer$ConditionNode::isReleasable (23 bytes)
Event: 11.746 Thread 0x0000028124041890 nmethod 10809 0x000002810fea7608 code [0x000002810fea7700, 0x000002810fea7938]
Event: 11.759 Thread 0x0000028124a87eb0 nmethod 10805 0x00000281178cc488 code [0x00000281178cc580, 0x00000281178d11d8]
Event: 11.868 Thread 0x0000028124041890 10810       3       org.objectweb.asm.ClassReader::readLong (29 bytes)
Event: 11.868 Thread 0x0000028124041890 nmethod 10810 0x000002810f9ba188 code [0x000002810f9ba280, 0x000002810f9ba448]
Event: 11.868 Thread 0x0000028124041890 10811       3       org.objectweb.asm.SymbolTable::addConstantDouble (11 bytes)
Event: 11.868 Thread 0x0000028124041890 nmethod 10811 0x000002810f9c6488 code [0x000002810f9c6580, 0x000002810f9c66d8]

GC Heap Usage History (20 events):
Event: 10.544 {heap After GC invocations=58 (full 0):
 garbage-first heap   total reserved 2097152K, committed 394240K, used 173400K [0x0000000080000000, 0x0000000100000000)
  region size 1024K, 21 young (21504K), 21 survivors (21504K)
}
Event: 10.646 {heap Before GC invocations=58 (full 0):
 garbage-first heap   total reserved 2097152K, committed 394240K, used 310616K [0x0000000080000000, 0x0000000100000000)
  region size 1024K, 157 young (160768K), 21 survivors (21504K)
}
Event: 10.654 {heap After GC invocations=59 (full 0):
 garbage-first heap   total reserved 2097152K, committed 394240K, used 183273K [0x0000000080000000, 0x0000000100000000)
  region size 1024K, 18 young (18432K), 18 survivors (18432K)
}
Event: 10.821 {heap Before GC invocations=60 (full 0):
 garbage-first heap   total reserved 2097152K, committed 394240K, used 369641K [0x0000000080000000, 0x0000000100000000)
  region size 1024K, 199 young (203776K), 18 survivors (18432K)
}
Event: 10.827 {heap After GC invocations=61 (full 0):
 garbage-first heap   total reserved 2097152K, committed 399360K, used 194894K [0x0000000080000000, 0x0000000100000000)
  region size 1024K, 17 young (17408K), 17 survivors (17408K)
}
Event: 10.971 {heap Before GC invocations=61 (full 0):
 garbage-first heap   total reserved 2097152K, committed 399360K, used 379214K [0x0000000080000000, 0x0000000100000000)
  region size 1024K, 193 young (197632K), 17 survivors (17408K)
}
Event: 10.978 {heap After GC invocations=62 (full 0):
 garbage-first heap   total reserved 2097152K, committed 411648K, used 185117K [0x0000000080000000, 0x0000000100000000)
  region size 1024K, 21 young (21504K), 21 survivors (21504K)
}
Event: 11.117 {heap Before GC invocations=62 (full 0):
 garbage-first heap   total reserved 2097152K, committed 411648K, used 381725K [0x0000000080000000, 0x0000000100000000)
  region size 1024K, 214 young (219136K), 21 survivors (21504K)
}
Event: 11.122 {heap After GC invocations=63 (full 0):
 garbage-first heap   total reserved 2097152K, committed 501760K, used 194629K [0x0000000080000000, 0x0000000100000000)
  region size 1024K, 21 young (21504K), 21 survivors (21504K)
}
Event: 11.288 {heap Before GC invocations=63 (full 0):
 garbage-first heap   total reserved 2097152K, committed 501760K, used 464965K [0x0000000080000000, 0x0000000100000000)
  region size 1024K, 286 young (292864K), 21 survivors (21504K)
}
Event: 11.295 {heap After GC invocations=64 (full 0):
 garbage-first heap   total reserved 2097152K, committed 504832K, used 211244K [0x0000000080000000, 0x0000000100000000)
  region size 1024K, 26 young (26624K), 26 survivors (26624K)
}
Event: 11.345 {heap Before GC invocations=64 (full 0):
 garbage-first heap   total reserved 2097152K, committed 504832K, used 312620K [0x0000000080000000, 0x0000000100000000)
  region size 1024K, 127 young (130048K), 26 survivors (26624K)
}
Event: 11.350 {heap After GC invocations=65 (full 0):
 garbage-first heap   total reserved 2097152K, committed 504832K, used 216965K [0x0000000080000000, 0x0000000100000000)
  region size 1024K, 23 young (23552K), 23 survivors (23552K)
}
Event: 11.498 {heap Before GC invocations=66 (full 0):
 garbage-first heap   total reserved 2097152K, committed 504832K, used 446341K [0x0000000080000000, 0x0000000100000000)
  region size 1024K, 251 young (257024K), 23 survivors (23552K)
}
Event: 11.505 {heap After GC invocations=67 (full 0):
 garbage-first heap   total reserved 2097152K, committed 504832K, used 229494K [0x0000000080000000, 0x0000000100000000)
  region size 1024K, 22 young (22528K), 22 survivors (22528K)
}
Event: 11.630 {heap Before GC invocations=67 (full 0):
 garbage-first heap   total reserved 2097152K, committed 504832K, used 454774K [0x0000000080000000, 0x0000000100000000)
  region size 1024K, 243 young (248832K), 22 survivors (22528K)
}
Event: 11.637 {heap After GC invocations=68 (full 0):
 garbage-first heap   total reserved 2097152K, committed 504832K, used 208069K [0x0000000080000000, 0x0000000100000000)
  region size 1024K, 27 young (27648K), 27 survivors (27648K)
}
Event: 11.769 {heap Before GC invocations=68 (full 0):
 garbage-first heap   total reserved 2097152K, committed 504832K, used 450757K [0x0000000080000000, 0x0000000100000000)
  region size 1024K, 265 young (271360K), 27 survivors (27648K)
}
Event: 11.774 {heap After GC invocations=69 (full 0):
 garbage-first heap   total reserved 2097152K, committed 504832K, used 219989K [0x0000000080000000, 0x0000000100000000)
  region size 1024K, 22 young (22528K), 22 survivors (22528K)
}
Event: 11.929 {heap Before GC invocations=69 (full 0):
 garbage-first heap   total reserved 2097152K, committed 504832K, used 367445K [0x0000000080000000, 0x0000000100000000)
  region size 1024K, 167 young (171008K), 22 survivors (22528K)
}

Metaspace Usage History (20 events):
Event: 10.544 {metaspace After GC invocations=58 (full 0):
 Metaspace       used 69113K, committed 70848K, reserved 1114112K
  class space    used 10063K, committed 10880K, reserved 1048576K
}
Event: 10.646 {metaspace Before GC invocations=58 (full 0):
 Metaspace       used 69114K, committed 70848K, reserved 1114112K
  class space    used 10063K, committed 10880K, reserved 1048576K
}
Event: 10.654 {metaspace After GC invocations=59 (full 0):
 Metaspace       used 69114K, committed 70848K, reserved 1114112K
  class space    used 10063K, committed 10880K, reserved 1048576K
}
Event: 10.821 {metaspace Before GC invocations=60 (full 0):
 Metaspace       used 69119K, committed 70848K, reserved 1114112K
  class space    used 10063K, committed 10880K, reserved 1048576K
}
Event: 10.827 {metaspace After GC invocations=61 (full 0):
 Metaspace       used 69119K, committed 70848K, reserved 1114112K
  class space    used 10063K, committed 10880K, reserved 1048576K
}
Event: 10.971 {metaspace Before GC invocations=61 (full 0):
 Metaspace       used 69130K, committed 70848K, reserved 1114112K
  class space    used 10063K, committed 10880K, reserved 1048576K
}
Event: 10.978 {metaspace After GC invocations=62 (full 0):
 Metaspace       used 69130K, committed 70848K, reserved 1114112K
  class space    used 10063K, committed 10880K, reserved 1048576K
}
Event: 11.117 {metaspace Before GC invocations=62 (full 0):
 Metaspace       used 69132K, committed 70848K, reserved 1114112K
  class space    used 10064K, committed 10880K, reserved 1048576K
}
Event: 11.122 {metaspace After GC invocations=63 (full 0):
 Metaspace       used 69132K, committed 70848K, reserved 1114112K
  class space    used 10064K, committed 10880K, reserved 1048576K
}
Event: 11.288 {metaspace Before GC invocations=63 (full 0):
 Metaspace       used 69174K, committed 70848K, reserved 1114112K
  class space    used 10071K, committed 10880K, reserved 1048576K
}
Event: 11.295 {metaspace After GC invocations=64 (full 0):
 Metaspace       used 69174K, committed 70848K, reserved 1114112K
  class space    used 10071K, committed 10880K, reserved 1048576K
}
Event: 11.345 {metaspace Before GC invocations=64 (full 0):
 Metaspace       used 69176K, committed 70848K, reserved 1114112K
  class space    used 10071K, committed 10880K, reserved 1048576K
}
Event: 11.350 {metaspace After GC invocations=65 (full 0):
 Metaspace       used 69176K, committed 70848K, reserved 1114112K
  class space    used 10071K, committed 10880K, reserved 1048576K
}
Event: 11.498 {metaspace Before GC invocations=66 (full 0):
 Metaspace       used 69184K, committed 70848K, reserved 1114112K
  class space    used 10072K, committed 10880K, reserved 1048576K
}
Event: 11.505 {metaspace After GC invocations=67 (full 0):
 Metaspace       used 69184K, committed 70848K, reserved 1114112K
  class space    used 10072K, committed 10880K, reserved 1048576K
}
Event: 11.630 {metaspace Before GC invocations=67 (full 0):
 Metaspace       used 69185K, committed 70848K, reserved 1114112K
  class space    used 10072K, committed 10880K, reserved 1048576K
}
Event: 11.637 {metaspace After GC invocations=68 (full 0):
 Metaspace       used 69185K, committed 70848K, reserved 1114112K
  class space    used 10072K, committed 10880K, reserved 1048576K
}
Event: 11.769 {metaspace Before GC invocations=68 (full 0):
 Metaspace       used 69186K, committed 70848K, reserved 1114112K
  class space    used 10072K, committed 10880K, reserved 1048576K
}
Event: 11.774 {metaspace After GC invocations=69 (full 0):
 Metaspace       used 69186K, committed 70848K, reserved 1114112K
  class space    used 10072K, committed 10880K, reserved 1048576K
}
Event: 11.929 {metaspace Before GC invocations=69 (full 0):
 Metaspace       used 69186K, committed 70848K, reserved 1114112K
  class space    used 10072K, committed 10880K, reserved 1048576K
}

Dll operation events (3 events):
Event: 0.007 Loaded shared library C:\Program Files\Android\Android Studio\jbr\bin\java.dll
Event: 0.011 Loaded shared library C:\Program Files\Android\Android Studio\jbr\bin\zip.dll
Event: 0.341 Loaded shared library C:\Program Files\Android\Android Studio\jbr\bin\verify.dll

Deoptimization events (20 events):
Event: 11.496 Thread 0x000002812bcd19e0 DEOPT PACKING pc=0x000002811767c094 sp=0x000000f1a2efe010
Event: 11.496 Thread 0x000002812bcd19e0 DEOPT UNPACKING pc=0x0000028116f57e02 sp=0x000000f1a2efe018 mode 2
Event: 11.530 Thread 0x000002812add5060 DEOPT PACKING pc=0x00000281103f8e5e sp=0x000000f1a16f5d00
Event: 11.530 Thread 0x000002812add5060 DEOPT UNPACKING pc=0x0000028116e812a2 sp=0x000000f1a16f5350 mode 0
Event: 11.558 Thread 0x000002812bcd19e0 DEOPT PACKING pc=0x00000281103f8e5e sp=0x000000f1a2efe300
Event: 11.558 Thread 0x000002812bcd19e0 DEOPT UNPACKING pc=0x0000028116e812a2 sp=0x000000f1a2efd950 mode 0
Event: 11.576 Thread 0x000002812bccfaa0 DEOPT PACKING pc=0x00000281103f8e3d sp=0x000000f1a2dfde30
Event: 11.576 Thread 0x000002812bccfaa0 DEOPT UNPACKING pc=0x0000028116e812a2 sp=0x000000f1a2dfd480 mode 0
Event: 11.591 Thread 0x000002812bccfaa0 DEOPT PACKING pc=0x00000281103f8e3d sp=0x000000f1a2dfde30
Event: 11.591 Thread 0x000002812bccfaa0 DEOPT UNPACKING pc=0x0000028116e812a2 sp=0x000000f1a2dfd480 mode 0
Event: 11.612 Thread 0x000002812bff7f60 DEOPT PACKING pc=0x00000281103f8e5e sp=0x000000f1a34fe000
Event: 11.612 Thread 0x000002812bff7f60 DEOPT UNPACKING pc=0x0000028116e812a2 sp=0x000000f1a34fd650 mode 0
Event: 11.647 Thread 0x000002812bcd40f0 DEOPT PACKING pc=0x00000281103f8933 sp=0x000000f1a30fde30
Event: 11.647 Thread 0x000002812bcd40f0 DEOPT UNPACKING pc=0x0000028116e812a2 sp=0x000000f1a30fd480 mode 0
Event: 11.671 Thread 0x000002812bcd40f0 DEOPT PACKING pc=0x00000281103f8e3d sp=0x000000f1a30fde30
Event: 11.671 Thread 0x000002812bcd40f0 DEOPT UNPACKING pc=0x0000028116e812a2 sp=0x000000f1a30fd480 mode 0
Event: 11.694 Thread 0x000002812bff7f60 DEOPT PACKING pc=0x00000281103f8e3d sp=0x000000f1a34fe000
Event: 11.694 Thread 0x000002812bff7f60 DEOPT UNPACKING pc=0x0000028116e812a2 sp=0x000000f1a34fd650 mode 0
Event: 11.725 Thread 0x000002812bff7f60 DEOPT PACKING pc=0x00000281103f8e5e sp=0x000000f1a34fe000
Event: 11.725 Thread 0x000002812bff7f60 DEOPT UNPACKING pc=0x0000028116e812a2 sp=0x000000f1a34fd650 mode 0

Classes loaded (20 events):
Event: 8.459 Loading class java/lang/StackWalker$Option
Event: 8.459 Loading class java/lang/StackWalker$Option done
Event: 8.460 Loading class java/lang/StackStreamFactory
Event: 8.460 Loading class java/lang/StackStreamFactory done
Event: 8.460 Loading class java/lang/StackWalker$ExtendedOption
Event: 8.460 Loading class java/lang/StackWalker$ExtendedOption done
Event: 8.460 Loading class java/lang/StackStreamFactory$StackFrameTraverser
Event: 8.460 Loading class java/lang/StackStreamFactory$StackFrameTraverser done
Event: 8.460 Loading class java/lang/StackStreamFactory$WalkerState
Event: 8.460 Loading class java/lang/StackStreamFactory$WalkerState done
Event: 8.460 Loading class java/lang/StackStreamFactory$StackFrameBuffer
Event: 8.460 Loading class java/lang/StackStreamFactory$FrameBuffer
Event: 8.461 Loading class java/lang/StackStreamFactory$FrameBuffer done
Event: 8.461 Loading class java/lang/StackStreamFactory$StackFrameBuffer done
Event: 8.489 Loading class java/util/regex/Pattern$Caret
Event: 8.489 Loading class java/util/regex/Pattern$Caret done
Event: 11.178 Loading class java/util/concurrent/LinkedBlockingDeque$Itr
Event: 11.178 Loading class java/util/concurrent/LinkedBlockingDeque$AbstractItr
Event: 11.179 Loading class java/util/concurrent/LinkedBlockingDeque$AbstractItr done
Event: 11.179 Loading class java/util/concurrent/LinkedBlockingDeque$Itr done

Classes unloaded (16 events):
Event: 5.467 Thread 0x0000028124004980 Unloading class 0x000000000e90c800 'java/lang/invoke/LambdaForm$DMH+0x000000000e90c800'
Event: 7.258 Thread 0x0000028124004980 Unloading class 0x000000000ea34428 '_BuildScript_$_run_closure2'
Event: 7.258 Thread 0x0000028124004980 Unloading class 0x000000000ea34000 '_BuildScript_$_run_closure1'
Event: 7.258 Thread 0x0000028124004980 Unloading class 0x000000000ea2c000 '_BuildScript_'
Event: 8.517 Thread 0x0000028124004980 Unloading class 0x000000000ea44960 '_BuildScript_$_run_closure1$_closure2'
Event: 8.517 Thread 0x0000028124004980 Unloading class 0x000000000ea44538 '_BuildScript_$_run_closure1'
Event: 8.517 Thread 0x0000028124004980 Unloading class 0x000000000ea44000 '_BuildScript_'
Event: 8.935 Thread 0x0000028124004980 Unloading class 0x000000000ea50d90 '_BuildScript_$_run_closure1$_closure3'
Event: 8.935 Thread 0x0000028124004980 Unloading class 0x000000000ea50968 '_BuildScript_$_run_closure1$_closure2'
Event: 8.935 Thread 0x0000028124004980 Unloading class 0x000000000ea50538 '_BuildScript_$_run_closure1'
Event: 8.935 Thread 0x0000028124004980 Unloading class 0x000000000ea50000 '_BuildScript_'
Event: 8.935 Thread 0x0000028124004980 Unloading class 0x000000000ea4d860 'JetGradlePlugin$_apply_closure1$_closure2$_closure3'
Event: 8.935 Thread 0x0000028124004980 Unloading class 0x000000000ea4d430 'JetGradlePlugin$_apply_closure1$_closure2'
Event: 8.935 Thread 0x0000028124004980 Unloading class 0x000000000ea4d000 'JetGradlePlugin$_apply_closure1'
Event: 8.935 Thread 0x0000028124004980 Unloading class 0x000000000ea4cb10 'JetGradlePlugin'
Event: 8.935 Thread 0x0000028124004980 Unloading class 0x000000000ea4c800 'RegistryProcessor'

Classes redefined (0 events):
No events

Internal exceptions (20 events):
Event: 8.384 Thread 0x000002812add5060 Exception <a 'java/lang/NoSuchMethodError'{0x00000000862f0418}: 'java.lang.Object java.lang.invoke.Invokers$Holder.invoker(java.lang.Object, java.lang.Object, java.lang.Object, java.lang.Object, java.lang.Object, java.lang.Object, java.lang.Object, java.lang.Object, java.lang.Object, java.lang.Object, java.lang.Object, java.lang.Object, java.lang.Object, java.lang.Object, java.lang.Object, java.lang.Object, java.lang.Object, java.lang.Object, java.lang.Object, java.lang.Object, java.lang.Object, java.lang.
Event: 8.384 Thread 0x000002812add5060 Exception <a 'java/lang/NoSuchMethodError'{0x00000000862fb900}: 'java.lang.Object java.lang.invoke.DelegatingMethodHandle$Holder.delegate(java.lang.Object, java.lang.Object, java.lang.Object, java.lang.Object, java.lang.Object, java.lang.Object, java.lang.Object, java.lang.Object, java.lang.Object, java.lang.Object, java.lang.Object, java.lang.Object, java.lang.Object, java.lang.Object, java.lang.Object, java.lang.Object, java.lang.Object, java.lang.Object, java.lang.Object, java.lang.Object, java.lang.Obj
Event: 8.388 Thread 0x000002812add5060 Exception <a 'sun/nio/fs/WindowsException'{0x00000000860a8078}> (0x00000000860a8078) 
thrown [s\src\hotspot\share\prims\jni.cpp, line 535]
Event: 8.389 Thread 0x000002812add5060 Exception <a 'sun/nio/fs/WindowsException'{0x00000000860a9c68}> (0x00000000860a9c68) 
thrown [s\src\hotspot\share\prims\jni.cpp, line 535]
Event: 8.393 Thread 0x000002812add5060 Exception <a 'sun/nio/fs/WindowsException'{0x0000000085f1e408}> (0x0000000085f1e408) 
thrown [s\src\hotspot\share\prims\jni.cpp, line 535]
Event: 8.393 Thread 0x000002812add5060 Exception <a 'sun/nio/fs/WindowsException'{0x0000000085f202a8}> (0x0000000085f202a8) 
thrown [s\src\hotspot\share\prims\jni.cpp, line 535]
Event: 8.405 Thread 0x000002812add5060 Exception <a 'java/lang/NoSuchMethodError'{0x0000000085e19ba0}: 'java.lang.Object java.lang.invoke.DirectMethodHandle$Holder.newInvokeSpecial(java.lang.Object, java.lang.Object, java.lang.Object, java.lang.Object, java.lang.Object, java.lang.Object, int)'> (0x0000000085e19ba0) 
thrown [s\src\hotspot\share\interpreter\linkResolver.cpp, line 815]
Event: 8.406 Thread 0x000002812add5060 Exception <a 'java/lang/NoSuchMethodError'{0x0000000085e233b0}: 'java.lang.Object java.lang.invoke.DirectMethodHandle$Holder.invokeSpecial(java.lang.Object, java.lang.Object, java.lang.Object, java.lang.Object, java.lang.Object, java.lang.Object, java.lang.Object, int)'> (0x0000000085e233b0) 
thrown [s\src\hotspot\share\interpreter\linkResolver.cpp, line 815]
Event: 8.406 Thread 0x000002812add5060 Exception <a 'java/lang/NoSuchMethodError'{0x0000000085e2c3f0}: 'java.lang.Object java.lang.invoke.Invokers$Holder.linkToTargetMethod(java.lang.Object, java.lang.Object, java.lang.Object, java.lang.Object, java.lang.Object, int, java.lang.Object)'> (0x0000000085e2c3f0) 
thrown [s\src\hotspot\share\interpreter\linkResolver.cpp, line 815]
Event: 8.440 Thread 0x000002812add5060 Exception <a 'sun/nio/fs/WindowsException'{0x00000000853b2810}> (0x00000000853b2810) 
thrown [s\src\hotspot\share\prims\jni.cpp, line 535]
Event: 8.450 Thread 0x000002812add5060 Exception <a 'sun/nio/fs/WindowsException'{0x000000008528cca8}> (0x000000008528cca8) 
thrown [s\src\hotspot\share\prims\jni.cpp, line 535]
Event: 8.450 Thread 0x000002812add5060 Exception <a 'sun/nio/fs/WindowsException'{0x000000008528eb48}> (0x000000008528eb48) 
thrown [s\src\hotspot\share\prims\jni.cpp, line 535]
Event: 8.451 Thread 0x000002812add5060 Exception <a 'sun/nio/fs/WindowsException'{0x0000000085290438}> (0x0000000085290438) 
thrown [s\src\hotspot\share\prims\jni.cpp, line 535]
Event: 8.461 Thread 0x000002812add5060 Implicit null exception at 0x0000028117828e21 to 0x0000028117828f74
Event: 8.473 Thread 0x000002812bcd19e0 Implicit null exception at 0x000002811756efcd to 0x000002811756f220
Event: 8.473 Thread 0x000002812bcd19e0 Implicit null exception at 0x000002811762e3d4 to 0x000002811762e784
Event: 8.473 Thread 0x000002812bcd19e0 Implicit null exception at 0x000002811757f2e1 to 0x0000028117580040
Event: 8.473 Thread 0x000002812bff3910 Implicit null exception at 0x000002811762eab8 to 0x000002811762ee24
Event: 11.183 Thread 0x000002812ac1cd30 Exception <a 'sun/nio/fs/WindowsException'{0x000000009798e218}> (0x000000009798e218) 
thrown [s\src\hotspot\share\prims\jni.cpp, line 535]
Event: 11.186 Thread 0x000002812ac1cd30 Exception <a 'sun/nio/fs/WindowsException'{0x00000000979a1798}> (0x00000000979a1798) 
thrown [s\src\hotspot\share\prims\jni.cpp, line 535]

VM Operations (20 events):
Event: 10.978 Executing safepoint VM operation: G1CollectForAllocation (G1 Evacuation Pause) done
Event: 11.117 Executing safepoint VM operation: G1CollectForAllocation (G1 Evacuation Pause)
Event: 11.122 Executing safepoint VM operation: G1CollectForAllocation (G1 Evacuation Pause) done
Event: 11.189 Executing non-safepoint VM operation: HandshakeAllThreads (Deoptimize)
Event: 11.223 Executing non-safepoint VM operation: HandshakeAllThreads (Deoptimize) done
Event: 11.288 Executing safepoint VM operation: G1CollectForAllocation (G1 Evacuation Pause)
Event: 11.295 Executing safepoint VM operation: G1CollectForAllocation (G1 Evacuation Pause) done
Event: 11.344 Executing safepoint VM operation: G1TryInitiateConcMark (G1 Humongous Allocation)
Event: 11.350 Executing safepoint VM operation: G1TryInitiateConcMark (G1 Humongous Allocation) done
Event: 11.419 Executing safepoint VM operation: G1PauseRemark
Event: 11.423 Executing safepoint VM operation: G1PauseRemark done
Event: 11.446 Executing safepoint VM operation: G1PauseCleanup
Event: 11.446 Executing safepoint VM operation: G1PauseCleanup done
Event: 11.497 Executing safepoint VM operation: G1CollectForAllocation (G1 Evacuation Pause)
Event: 11.505 Executing safepoint VM operation: G1CollectForAllocation (G1 Evacuation Pause) done
Event: 11.630 Executing safepoint VM operation: G1CollectForAllocation (G1 Evacuation Pause)
Event: 11.637 Executing safepoint VM operation: G1CollectForAllocation (G1 Evacuation Pause) done
Event: 11.769 Executing safepoint VM operation: G1CollectForAllocation (G1 Evacuation Pause)
Event: 11.774 Executing safepoint VM operation: G1CollectForAllocation (G1 Evacuation Pause) done
Event: 11.929 Executing safepoint VM operation: G1TryInitiateConcMark (G1 Humongous Allocation)

Memory protections (0 events):
No events

Nmethod flushes (20 events):
Event: 11.422 Thread 0x0000028124004980 flushing  nmethod 0x00000281103fb508
Event: 11.422 Thread 0x0000028124004980 flushing  nmethod 0x00000281103fbf88
Event: 11.422 Thread 0x0000028124004980 flushing  nmethod 0x0000028117665808
Event: 11.422 Thread 0x0000028124004980 flushing  nmethod 0x0000028117745e88
Event: 11.422 Thread 0x0000028124004980 flushing  nmethod 0x000002810f93bc88
Event: 11.422 Thread 0x0000028124004980 flushing  nmethod 0x000002810f93fc08
Event: 11.422 Thread 0x0000028124004980 flushing  nmethod 0x000002810fbd6c08
Event: 11.422 Thread 0x0000028124004980 flushing  nmethod 0x000002810ff19908
Event: 11.422 Thread 0x0000028124004980 flushing  nmethod 0x000002811010b288
Event: 11.422 Thread 0x0000028124004980 flushing  nmethod 0x0000028110146488
Event: 11.422 Thread 0x0000028124004980 flushing  nmethod 0x0000028110148088
Event: 11.422 Thread 0x0000028124004980 flushing  nmethod 0x0000028110148708
Event: 11.422 Thread 0x0000028124004980 flushing  nmethod 0x0000028110149188
Event: 11.422 Thread 0x0000028124004980 flushing  nmethod 0x0000028110149508
Event: 11.422 Thread 0x0000028124004980 flushing  nmethod 0x000002811014a588
Event: 11.422 Thread 0x0000028124004980 flushing  nmethod 0x000002811014fd08
Event: 11.422 Thread 0x0000028124004980 flushing  nmethod 0x000002811026d908
Event: 11.422 Thread 0x0000028124004980 flushing  nmethod 0x000002811026df08
Event: 11.422 Thread 0x0000028124004980 flushing  nmethod 0x00000281103e3588
Event: 11.422 Thread 0x0000028124004980 flushing  nmethod 0x00000281103e3a88

Events (20 events):
Event: 2.568 Thread 0x000002812add5060 Thread added: 0x000002812c830890
Event: 2.568 Thread 0x000002812add5060 Thread added: 0x000002812b374cc0
Event: 2.568 Thread 0x000002812add5060 Thread added: 0x000002812b375c60
Event: 2.568 Thread 0x000002812add5060 Thread added: 0x000002812b372d80
Event: 2.569 Thread 0x000002812add5060 Thread added: 0x000002812b376c00
Event: 2.924 Thread 0x000002812add5060 Thread added: 0x000002812b378370
Event: 2.975 Thread 0x000002812add5060 Thread added: 0x000002812b3773d0
Event: 3.158 Thread 0x000002812add5060 Thread added: 0x000002812b378b40
Event: 3.194 Thread 0x000002812add5060 Thread added: 0x000002812bccd390
Event: 4.054 Thread 0x000002812add5060 Thread added: 0x000002812bccfaa0
Event: 4.054 Thread 0x000002812add5060 Thread added: 0x000002812bcd19e0
Event: 4.078 Thread 0x000002812add5060 Thread added: 0x000002812bcd2980
Event: 4.078 Thread 0x000002812add5060 Thread added: 0x000002812bcd40f0
Event: 6.681 Thread 0x000002812add5060 Thread added: 0x000002812bff3910
Event: 6.681 Thread 0x000002812add5060 Thread added: 0x000002812bff8730
Event: 6.682 Thread 0x000002812add5060 Thread added: 0x000002812bff7790
Event: 6.682 Thread 0x000002812add5060 Thread added: 0x000002812bff7f60
Event: 8.463 Thread 0x000002812add5060 Thread added: 0x000002812d7c9ef0
Event: 11.868 Thread 0x0000028124a88ad0 Thread exited: 0x0000028124a88ad0
Event: 11.868 Thread 0x0000028124a87eb0 Thread exited: 0x0000028124a87eb0


Dynamic libraries:
0x00007ff7c5020000 - 0x00007ff7c502a000 	C:\Program Files\Android\Android Studio\jbr\bin\java.exe
0x00007ffa2a220000 - 0x00007ffa2a486000 	C:\WINDOWS\SYSTEM32\ntdll.dll
0x00007ffa29180000 - 0x00007ffa29249000 	C:\WINDOWS\System32\KERNEL32.DLL
0x00007ffa27910000 - 0x00007ffa27d0f000 	C:\WINDOWS\System32\KERNELBASE.dll
0x00007ffa275c0000 - 0x00007ffa2770c000 	C:\WINDOWS\System32\ucrtbase.dll
0x00007ffa00510000 - 0x00007ffa00526000 	C:\Program Files\Android\Android Studio\jbr\bin\jli.dll
0x00007ffa0d990000 - 0x00007ffa0d9ab000 	C:\Program Files\Android\Android Studio\jbr\bin\VCRUNTIME140.dll
0x00007ffa28d30000 - 0x00007ffa28ef6000 	C:\WINDOWS\System32\USER32.dll
0x00007ffa27e90000 - 0x00007ffa27eb7000 	C:\WINDOWS\System32\win32u.dll
0x00007ffa09620000 - 0x00007ffa098b1000 	C:\WINDOWS\WinSxS\amd64_microsoft.windows.common-controls_6595b64144ccf1df_6.0.26100.8972_none_3e0da176e32f9d4b\COMCTL32.dll
0x00007ffa2a090000 - 0x00007ffa2a0bb000 	C:\WINDOWS\System32\GDI32.dll
0x00007ffa28870000 - 0x00007ffa28919000 	C:\WINDOWS\System32\msvcrt.dll
0x00007ffa277e0000 - 0x00007ffa27909000 	C:\WINDOWS\System32\gdi32full.dll
0x00007ffa27de0000 - 0x00007ffa27e83000 	C:\WINDOWS\System32\msvcp_win.dll
0x00007ffa29250000 - 0x00007ffa29282000 	C:\WINDOWS\System32\IMM32.DLL
0x00007ffa0d980000 - 0x00007ffa0d98c000 	C:\Program Files\Android\Android Studio\jbr\bin\vcruntime140_1.dll
0x00007ff9cfde0000 - 0x00007ff9cfe6d000 	C:\Program Files\Android\Android Studio\jbr\bin\msvcp140.dll
0x00007ff96bcd0000 - 0x00007ff96cbaa000 	C:\Program Files\Android\Android Studio\jbr\bin\server\jvm.dll
0x00007ffa29490000 - 0x00007ffa2954c000 	C:\WINDOWS\System32\ADVAPI32.dll
0x00007ffa29570000 - 0x00007ffa29619000 	C:\WINDOWS\System32\sechost.dll
0x00007ffa29290000 - 0x00007ffa293a8000 	C:\WINDOWS\System32\RPCRT4.dll
0x00007ffa27f50000 - 0x00007ffa27fd2000 	C:\WINDOWS\System32\WS2_32.dll
0x00007ffa26c60000 - 0x00007ffa26cbe000 	C:\WINDOWS\SYSTEM32\POWRPROF.dll
0x00007ffa17dd0000 - 0x00007ffa17e06000 	C:\WINDOWS\SYSTEM32\WINMM.dll
0x00007ffa1ce70000 - 0x00007ffa1ce7b000 	C:\WINDOWS\SYSTEM32\VERSION.dll
0x00007ffa26c40000 - 0x00007ffa26c55000 	C:\WINDOWS\SYSTEM32\UMPDC.dll
0x00007ffa260e0000 - 0x00007ffa260fb000 	C:\WINDOWS\SYSTEM32\kernel.appcore.dll
0x00007ffa0d970000 - 0x00007ffa0d97a000 	C:\Program Files\Android\Android Studio\jbr\bin\jimage.dll
0x00007ffa249c0000 - 0x00007ffa24c02000 	C:\WINDOWS\SYSTEM32\DBGHELP.DLL
0x00007ffa296a0000 - 0x00007ffa29a25000 	C:\WINDOWS\System32\combase.dll
0x00007ffa293b0000 - 0x00007ffa29489000 	C:\WINDOWS\System32\OLEAUT32.dll
0x00007ff9fb3b0000 - 0x00007ff9fb3eb000 	C:\WINDOWS\SYSTEM32\dbgcore.DLL
0x00007ffa27720000 - 0x00007ffa277cc000 	C:\WINDOWS\System32\bcryptPrimitives.dll
0x00007ff9fb260000 - 0x00007ff9fb26e000 	C:\Program Files\Android\Android Studio\jbr\bin\instrument.dll
0x00007ffa0d950000 - 0x00007ffa0d96f000 	C:\Program Files\Android\Android Studio\jbr\bin\java.dll
0x00007ffa28b90000 - 0x00007ffa28d29000 	C:\WINDOWS\System32\ole32.dll
0x00007ffa280e0000 - 0x00007ffa28868000 	C:\WINDOWS\System32\SHELL32.dll
0x00007ff9fe830000 - 0x00007ff9fe847000 	C:\Program Files\Android\Android Studio\jbr\bin\zip.dll
0x00007ffa24ea0000 - 0x00007ffa2573b000 	C:\WINDOWS\SYSTEM32\windows.storage.dll
0x00007ffa29f80000 - 0x00007ffa2a079000 	C:\WINDOWS\System32\SHCORE.dll
0x00007ffa28070000 - 0x00007ffa280d6000 	C:\WINDOWS\System32\shlwapi.dll
0x00007ffa27350000 - 0x00007ffa27379000 	C:\WINDOWS\SYSTEM32\profapi.dll
0x00007ffa0d940000 - 0x00007ffa0d950000 	C:\Program Files\Android\Android Studio\jbr\bin\net.dll
0x00007ffa26670000 - 0x00007ffa266dc000 	C:\WINDOWS\system32\mswsock.dll
0x00007ff9faa60000 - 0x00007ff9faa76000 	C:\Program Files\Android\Android Studio\jbr\bin\nio.dll
0x00007ff9fb000000 - 0x00007ff9fb010000 	C:\Program Files\Android\Android Studio\jbr\bin\verify.dll
0x00007ff9edde0000 - 0x00007ff9ede07000 	D:\gradle\native\660c5614fbf4a5f2a75b1949f50a0caf5cd603558e7d8a26e50b933a0cfb79d1\windows-amd64\native-platform.dll
0x00007ff9c28e0000 - 0x00007ff9c2957000 	D:\gradle\native\0.2.8\x86_64-windows-gnu\gradle-fileevents.dll
0x00007ffa00290000 - 0x00007ffa00299000 	C:\Program Files\Android\Android Studio\jbr\bin\management.dll
0x00007ff9fe7f0000 - 0x00007ff9fe7fb000 	C:\Program Files\Android\Android Studio\jbr\bin\management_ext.dll
0x00007ffa28f40000 - 0x00007ffa28f48000 	C:\WINDOWS\System32\PSAPI.DLL
0x00007ffa25be0000 - 0x00007ffa25c13000 	C:\WINDOWS\SYSTEM32\IPHLPAPI.DLL
0x00007ffa29560000 - 0x00007ffa2956a000 	C:\WINDOWS\System32\NSI.dll
0x00007ffa004e0000 - 0x00007ffa004e9000 	C:\Program Files\Android\Android Studio\jbr\bin\extnet.dll
0x00007ffa26a90000 - 0x00007ffa26aab000 	C:\WINDOWS\SYSTEM32\CRYPTSP.dll
0x00007ffa26040000 - 0x00007ffa26079000 	C:\WINDOWS\system32\rsaenh.dll
0x00007ffa26720000 - 0x00007ffa26752000 	C:\WINDOWS\SYSTEM32\USERENV.dll
0x00007ffa27320000 - 0x00007ffa2734a000 	C:\WINDOWS\SYSTEM32\bcrypt.dll
0x00007ffa268d0000 - 0x00007ffa268dc000 	C:\WINDOWS\SYSTEM32\CRYPTBASE.dll
0x00007ff9f00a0000 - 0x00007ff9f00a8000 	C:\WINDOWS\system32\wshunix.dll
0x00007ffa26210000 - 0x00007ffa26246000 	C:\WINDOWS\SYSTEM32\ntmarta.dll

JVMTI agents:
D:\gradle\wrapper\dists\gradle-9.5.0-bin\bvnork1r7n8i6kp5cnkibsc9q\gradle-9.5.0\lib\agents\gradle-instrumentation-agent-9.5.0.jar path:C:\Program Files\Android\Android Studio\jbr\bin\instrument.dll, loaded, initialized, instrumentlib options:none

dbghelp: loaded successfully - version: 4.0.5 - missing functions: none
symbol engine: initialized successfully - sym options: 0x614 - pdb path: .;C:\Program Files\Android\Android Studio\jbr\bin;C:\WINDOWS\SYSTEM32;C:\WINDOWS\WinSxS\amd64_microsoft.windows.common-controls_6595b64144ccf1df_6.0.26100.8972_none_3e0da176e32f9d4b;C:\Program Files\Android\Android Studio\jbr\bin\server;D:\gradle\native\660c5614fbf4a5f2a75b1949f50a0caf5cd603558e7d8a26e50b933a0cfb79d1\windows-amd64;D:\gradle\native\0.2.8\x86_64-windows-gnu

VM Arguments:
jvm_args: --add-opens=java.base/java.lang=ALL-UNNAMED --add-opens=java.base/java.lang.invoke=ALL-UNNAMED --add-opens=java.base/java.util=ALL-UNNAMED --add-opens=java.prefs/java.util.prefs=ALL-UNNAMED --add-exports=jdk.compiler/com.sun.tools.javac.api=ALL-UNNAMED --add-exports=jdk.compiler/com.sun.tools.javac.util=ALL-UNNAMED --add-opens=java.base/java.nio.charset=ALL-UNNAMED --add-opens=java.base/java.net=ALL-UNNAMED --add-opens=java.base/java.util.concurrent=ALL-UNNAMED --add-opens=java.base/java.util.concurrent.atomic=ALL-UNNAMED --add-opens=java.xml/javax.xml.namespace=ALL-UNNAMED --add-opens=java.base/java.time=ALL-UNNAMED --enable-native-access=ALL-UNNAMED -Xmx2048m -Dfile.encoding=UTF-8 -Duser.country=RU -Duser.language=ru -Duser.variant -javaagent:D:\gradle\wrapper\dists\gradle-9.5.0-bin\bvnork1r7n8i6kp5cnkibsc9q\gradle-9.5.0\lib\agents\gradle-instrumentation-agent-9.5.0.jar 
java_command: org.gradle.launcher.daemon.bootstrap.GradleDaemon 9.5.0
java_class_path (initial): D:\gradle\wrapper\dists\gradle-9.5.0-bin\bvnork1r7n8i6kp5cnkibsc9q\gradle-9.5.0\lib\gradle-daemon-main-9.5.0.jar
Launcher Type: SUN_STANDARD

[Global flags]
     intx CICompilerCount                          = 4                                         {product} {ergonomic}
     uint ConcGCThreads                            = 2                                         {product} {ergonomic}
     uint G1ConcRefinementThreads                  = 8                                         {product} {ergonomic}
   size_t G1HeapRegionSize                         = 1048576                                   {product} {ergonomic}
   size_t InitialHeapSize                          = 264241152                                 {product} {ergonomic}
   size_t MarkStackSize                            = 4194304                                   {product} {ergonomic}
   size_t MarkStackSizeMax                         = 536870912                                 {product} {ergonomic}
   size_t MaxHeapSize                              = 2147483648                                {product} {command line}
   size_t MaxNewSize                               = 1287651328                                {product} {ergonomic}
   size_t MinHeapDeltaBytes                        = 1048576                                   {product} {ergonomic}
   size_t MinHeapSize                              = 8388608                                   {product} {ergonomic}
    uintx NonNMethodCodeHeapSize                   = 5832704                                {pd product} {ergonomic}
    uintx NonProfiledCodeHeapSize                  = 122945536                              {pd product} {ergonomic}
    uintx ProfiledCodeHeapSize                     = 122880000                              {pd product} {ergonomic}
    uintx ReservedCodeCacheSize                    = 251658240                              {pd product} {ergonomic}
     bool SegmentedCodeCache                       = true                                      {product} {ergonomic}
   size_t SoftMaxHeapSize                          = 2147483648                             {manageable} {ergonomic}
     bool UseCompressedOops                        = true                           {product lp64_product} {ergonomic}
     bool UseG1GC                                  = true                                      {product} {ergonomic}
     bool UseLargePagesIndividualAllocation        = false                                  {pd product} {ergonomic}

Logging:
Log output configuration:
 #0: stdout all=warning uptime,level,tags foldmultilines=false
 #1: stderr all=off uptime,level,tags foldmultilines=false

Release file:
JAVA_VERSION="25.0.2" 
MODULES="java.base java.compiler java.datatransfer java.xml java.prefs java.desktop java.instrument java.logging java.management java.security.sasl java.naming java.rmi java.management.rmi java.net.http java.scripting java.security.jgss java.transaction.xa java.sql java.sql.rowset java.xml.crypto java.se java.smartcardio jdk.accessibility jdk.internal.jvmstat jdk.attach jdk.charsets jdk.internal.opt jdk.zipfs jdk.compiler jdk.crypto.cryptoki jdk.crypto.ec jdk.dynalink jdk.hotspot.agent jdk.httpserver jdk.internal.ed jdk.internal.le jdk.internal.md jdk.internal.vm.ci jdk.jartool jdk.javadoc jdk.jcmd jdk.jdeps jdk.jdwp.agent jdk.jdi jdk.jfr jdk.jlink jdk.localedata jdk.management jdk.management.agent jdk.management.jfr jdk.naming.dns jdk.naming.rmi jdk.net jdk.sctp jdk.security.auth jdk.security.jgss jdk.unsupported jdk.unsupported.desktop jdk.xml.dom" 
IMPLEMENTOR="JetBrains s.r.o." 
JAVA_RUNTIME_VERSION="25.0.2+-15348964-b329.117" 
LIBC="default" 
OS_ARCH="x86_64" 
OS_NAME="Windows" 
SOURCE=".:git:3cf398e84a39" 

Environment Variables:
PATH=C:\Program Files\Eclipse Adoptium\jdk-17.0.20.8-hotspot\bin;C:\Program Files\Eclipse Adoptium\jdk-25.0.4.7-hotspot\bin;c:\cursor\resources\app\bin;C:\Python313\Scripts\;C:\Python313\;C:\Program Files (x86)\Embarcadero\Studio\23.0\bin;C:\Users\Public\Documents\Embarcadero\Studio\23.0\Bpl;C:\Program Files (x86)\Embarcadero\Studio\23.0\bin64;C:\Users\Public\Documents\Embarcadero\Studio\23.0\Bpl\Win64;C:\Windows\system32;C:\Windows;C:\Windows\System32\Wbem;C:\Windows\System32\WindowsPowerShell\v1.0\;C:\Windows\System32\OpenSSH\;C:\Program Files\dotnet\;c:\Program Files (x86)\Microsoft SQL Server\100\Tools\Binn\;c:\Program Files (x86)\Microsoft SQL Server\100\DTS\Binn\;c:\Program Files (x86)\Microsoft SQL Server\100\Tools\Binn\VSShell\Common7\IDE\;C:\Program Files (x86)\NVIDIA Corporation\PhysX\Common;C:\Program Files\NVIDIA Corporation\NVIDIA app\NvDLISR;C:\WINDOWS\system32;C:\WINDOWS;C:\WINDOWS\System32\Wbem;C:\WINDOWS\System32\WindowsPowerShell\v1.0\;C:\WINDOWS\System32\OpenSSH\;C:\Program Files (x86)\Windows Kits\10\Windows Performance Toolkit\;C:\Program Files\nodejs\;C:\ProgramData\chocolatey\bin;C:\;C:\Program Files\Git\cmd;C:\Program Files (x86)\NoteBook FanControl\;C:\Users\sdenm\AppData\Local\Programs\Python\Python314\Scripts\;C:\Users\sdenm\AppData\Local\Programs\Python\Python314\;C:\Python\Scripts\;C:\Python\;C:\Users\sdenm\AppData\Local\Programs\Python\Python312\Scripts\;C:\Users\sdenm\AppData\Local\Programs\Python\Python312\;C:\Users\sdenm\AppData\Local\Microsoft\WindowsApps;C:\Users\sdenm\AppData\Local\Programs\Microsoft VS Code\bin;C:\Users\sdenm\AppData\Local\GitHubDesktop\bin;C:\Users\sdenm\AppData\Roaming\npm;C:\cursor\resources\app\bin;C:\Users\sdenm\.dotnet\tools
USERNAME=sdenm
OS=Windows_NT
PROCESSOR_IDENTIFIER=Intel64 Family 6 Model 140 Stepping 1, GenuineIntel
TMP=C:\Users\sdenm\AppData\Local\Temp
TEMP=C:\Users\sdenm\AppData\Local\Temp




Compilation memory statistics disabled.

Periodic native trim disabled

JNI global refs:
JNI global refs: 23, weak refs: 0

JNI global refs memory usage: 835, weak refs: 833

Process memory usage:
Resident Set Size: 725876K (4% of 16459644K total physical memory with 5629520K free physical memory)

OOME stack traces (most recent first):
Classloader memory used:
Loader org.gradle.internal.classloader.VisitableURLClassLoader                         : 37150 K
Loader bootstrap                                                                       : 23320 K
Loader org.gradle.initialization.MixInLegacyTypesClassLoader                           : 6695 K
Loader org.gradle.internal.classloader.VisitableURLClassLoader                         : 762 K
Loader org.gradle.internal.classloader.VisitableURLClassLoader$InstrumentingVisitableURLClassLoader: 582 K
Loader jdk.internal.loader.ClassLoaders$PlatformClassLoader                            : 401 K
Loader jdk.internal.loader.ClassLoaders$AppClassLoader                                 : 186 K
Loader org.gradle.groovy.scripts.internal.DefaultScriptCompilationHandler$ScriptClassLoader: 88832 B

Classes loaded by more than one classloader:
Class org.gradle.internal.IoActions                                                   : loaded 3 times (x 73B)
Class org.gradle.api.Action                                                           : loaded 3 times (x 72B)
Class org.gradle.api.GradleException                                                  : loaded 3 times (x 84B)
Class com.google.common.collect.UnmodifiableListIterator                              : loaded 2 times (x 97B)
Class org.gradle.internal.operations.MultipleBuildOperationFailures                   : loaded 2 times (x 97B)
Class org.gradle.internal.classloader.DefaultClassLoaderFactory                       : loaded 2 times (x 84B)
Class kotlin.collections.AbstractList$Companion                                       : loaded 2 times (x 73B)
Class org.gradle.api.internal.DefaultClassPathProvider                                : loaded 2 times (x 78B)
Class [Lorg.gradle.api.internal.ClassPathProvider;                                    : loaded 2 times (x 71B)
Class org.gradle.api.internal.ClassPathProvider                                       : loaded 2 times (x 72B)
Class org.gradle.internal.service.UnknownServiceException                             : loaded 2 times (x 85B)
Class ijInit1_e44lle423e2omyh79xcqyj93a$_run_closure1                                 : loaded 2 times (x 141B)
Class org.gradle.internal.classpath.TransformedClassPath                              : loaded 2 times (x 98B)
Class org.gradle.internal.classloader.InstrumentingClassLoader                        : loaded 2 times (x 72B)
Class com.google.common.collect.Iterators$ArrayItr                                    : loaded 2 times (x 99B)
Class kotlin.enums.EnumEntriesList                                                    : loaded 2 times (x 225B)
Class com.google.common.collect.UnmodifiableIterator                                  : loaded 2 times (x 82B)
Class org.gradle.internal.service.ServiceLocator                                      : loaded 2 times (x 72B)
Class com.google.common.collect.Iterators$SingletonIterator                           : loaded 2 times (x 83B)
Class com.google.common.collect.Iterators                                             : loaded 2 times (x 73B)
Class com.google.common.collect.Lists$StringAsImmutableList                           : loaded 2 times (x 209B)
Class org.gradle.internal.time.DefaultTimer                                           : loaded 2 times (x 82B)
Class org.gradle.api.internal.classpath.DefaultModuleRegistry$DefaultModule           : loaded 2 times (x 84B)
Class com.google.common.collect.AbstractIterator                                      : loaded 2 times (x 84B)
Class com.google.common.collect.AbstractIndexedListIterator                           : loaded 2 times (x 98B)
Class org.gradle.internal.time.DefaultCountdownTimer                                  : loaded 2 times (x 90B)
Class org.gradle.api.internal.classpath.Module                                        : loaded 2 times (x 72B)
Class org.gradle.api.internal.classpath.UnknownModuleException                        : loaded 2 times (x 84B)
Class org.gradle.api.internal.DefaultClassPathRegistry                                : loaded 2 times (x 78B)
Class org.gradle.internal.classpath.DefaultClassPath$ImmutableUniqueList              : loaded 2 times (x 201B)
Class org.gradle.api.internal.ClassPathRegistry                                       : loaded 2 times (x 72B)
Class org.gradle.internal.classpath.ClassPath                                         : loaded 2 times (x 72B)
Class org.gradle.api.internal.classpath.DefaultModuleRegistry$DefaultModuleAlias      : loaded 2 times (x 82B)
Class com.google.common.collect.Iterators$1                                           : loaded 2 times (x 83B)
Class org.gradle.tooling.model.Model                                                  : loaded 2 times (x 72B)
Class kotlin.UninitializedPropertyAccessException                                     : loaded 2 times (x 84B)
Class com.google.common.collect.Iterators$4                                           : loaded 2 times (x 84B)
Class org.gradle.internal.classloader.ClassLoaderHierarchy                            : loaded 2 times (x 72B)
Class org.gradle.internal.installation.GradleInstallation$1                           : loaded 2 times (x 77B)
Class com.google.common.collect.Iterators$5                                           : loaded 2 times (x 84B)
Class com.google.common.collect.ImmutableCollection                                   : loaded 2 times (x 127B)
Class org.gradle.tooling.model.idea.BasicIdeaProject                                  : loaded 2 times (x 72B)
Class org.gradle.api.internal.classpath.DefaultModuleRegistry                         : loaded 2 times (x 86B)
Class com.google.common.collect.Lists                                                 : loaded 2 times (x 73B)
Class com.google.common.collect.Iterators$9                                           : loaded 2 times (x 83B)
Class org.gradle.tooling.model.GradleProject                                          : loaded 2 times (x 72B)
Class org.gradle.internal.time.MonotonicClock                                         : loaded 2 times (x 79B)
Class org.gradle.internal.service.ServiceLookupException                              : loaded 2 times (x 84B)
Class org.gradle.internal.classloader.ClassLoaderFactory                              : loaded 2 times (x 72B)
Class org.gradle.internal.service.CachingServiceLocator                               : loaded 2 times (x 84B)
Class sync_studio_tooling4_3nxmtpeh5kikmapwut5h3d8cy                                  : loaded 2 times (x 173B)
Class org.gradle.internal.time.TimeSource                                             : loaded 2 times (x 72B)
Class kotlin.enums.EnumEntries                                                        : loaded 2 times (x 72B)
Class org.gradle.internal.exceptions.ResolutionProvider                               : loaded 2 times (x 72B)
Class org.gradle.internal.classloader.ClasspathUtil                                   : loaded 2 times (x 73B)
Class org.gradle.internal.time.TimeSource$1                                           : loaded 2 times (x 79B)
Class org.gradle.api.specs.Spec                                                       : loaded 2 times (x 72B)
Class org.gradle.internal.time.Clock                                                  : loaded 2 times (x 72B)
Class org.gradle.tooling.model.BuildModel                                             : loaded 2 times (x 72B)
Class ijInit1_e44lle423e2omyh79xcqyj93a                                               : loaded 2 times (x 173B)
Class org.gradle.tooling.model.Element                                                : loaded 2 times (x 72B)
Class kotlin.collections.AbstractList                                                 : loaded 2 times (x 199B)
Class kotlin.collections.AbstractCollection                                           : loaded 2 times (x 119B)
Class org.gradle.internal.classloader.VisitableURLClassLoader$InstrumentingVisitableURLClassLoader: loaded 2 times (x 124B)
Class org.gradle.internal.classloader.VisitableURLClassLoader$Spec                    : loaded 2 times (x 76B)
Class org.gradle.internal.classpath.DefaultClassPath                                  : loaded 2 times (x 92B)
Class org.gradle.util.internal.DefaultGradleVersion                                   : loaded 2 times (x 84B)
Class org.gradle.internal.classloader.ClassLoaderSpec                                 : loaded 2 times (x 73B)
Class org.gradle.api.internal.classpath.Module$ModuleAlias                            : loaded 2 times (x 72B)
Class org.gradle.internal.classloader.VisitableURLClassLoader                         : loaded 2 times (x 118B)
Class org.gradle.internal.classloader.FilteringClassLoader                            : loaded 2 times (x 106B)
Class org.gradle.tooling.model.eclipse.EclipseProject                                 : loaded 2 times (x 72B)
Class org.gradle.internal.Cast                                                        : loaded 2 times (x 73B)
Class org.gradle.internal.classpath.DefaultClassPath$ImmutableUniqueList$Builder      : loaded 2 times (x 77B)
Class org.gradle.api.internal.classpath.ModuleRegistry                                : loaded 2 times (x 72B)
Class org.gradle.internal.exceptions.NonGradleCauseExceptionsHolder                   : loaded 2 times (x 72B)
Class org.gradle.tooling.model.eclipse.HierarchicalEclipseProject                     : loaded 2 times (x 72B)
Class kotlin.NotImplementedError                                                      : loaded 2 times (x 84B)
Class kotlin.enums.EnumEntriesKt                                                      : loaded 2 times (x 73B)
Class org.gradle.internal.exceptions.MultiCauseException                              : loaded 2 times (x 72B)
Class org.gradle.internal.time.CountdownTimer                                         : loaded 2 times (x 72B)
Class kotlin.jvm.internal.Intrinsics                                                  : loaded 2 times (x 73B)
Class org.gradle.tooling.model.ProjectModel                                           : loaded 2 times (x 72B)
Class org.gradle.tooling.model.gradle.GradleBuild                                     : loaded 2 times (x 72B)
Class kotlin.KotlinNullPointerException                                               : loaded 2 times (x 84B)
Class org.gradle.internal.exceptions.DefaultMultiCauseException                       : loaded 2 times (x 97B)
Class com.google.common.base.Preconditions                                            : loaded 2 times (x 73B)
Class org.gradle.tooling.model.HierarchicalElement                                    : loaded 2 times (x 72B)
Class com.google.common.collect.PeekingIterator                                       : loaded 2 times (x 72B)
Class org.gradle.internal.time.Time                                                   : loaded 2 times (x 73B)
Class kotlin.NoWhenBranchMatchedException                                             : loaded 2 times (x 84B)
Class org.gradle.tooling.model.BuildableElement                                       : loaded 2 times (x 72B)
Class org.gradle.tooling.model.HasGradleProject                                       : loaded 2 times (x 72B)
Class org.gradle.internal.time.Timer                                                  : loaded 2 times (x 72B)
Class kotlin.jvm.internal.markers.KMappedMarker                                       : loaded 2 times (x 72B)
Class org.gradle.internal.installation.CurrentGradleInstallationLocator               : loaded 2 times (x 73B)
Class com.google.common.collect.ImmutableList                                         : loaded 2 times (x 208B)
Class org.gradle.tooling.model.idea.IdeaProject                                       : loaded 2 times (x 72B)
Class org.gradle.internal.service.DefaultServiceLocator                               : loaded 2 times (x 85B)
Class org.gradle.util.GradleVersion                                                   : loaded 2 times (x 83B)
Class org.gradle.internal.installation.CurrentGradleInstallation                      : loaded 2 times (x 75B)
Class org.gradle.tooling.model.gradle.ProjectPublications                             : loaded 2 times (x 72B)
Class org.gradle.util.internal.GUtil                                                  : loaded 2 times (x 73B)
Class com.google.common.collect.Iterators$MergingIterator                             : loaded 2 times (x 83B)
Class org.gradle.internal.installation.GradleInstallation                             : loaded 2 times (x 77B)
Class sync_studio_tooling4_3nxmtpeh5kikmapwut5h3d8cy$_run_closure1                    : loaded 2 times (x 140B)

---------------  S Y S T E M  ---------------

OS:
 Windows 11 , 64 bit Build 26100 (10.0.26100.8972)
OS uptime: 0 days 1:27 hours
Hyper-V role detected

CPU: total 8 (initial active 8) (4 cores per cpu, 2 threads per core) family 6 model 140 stepping 1 microcode 0x86, cx8, cmov, fxsr, ht, mmx, 3dnowpref, sse, sse2, sse3, ssse3, sse4.1, sse4.2, popcnt, lzcnt, tsc, tscinvbit, avx, avx2, aes, erms, clmul, bmi1, bmi2, adx, avx512f, avx512dq, avx512cd, avx512bw, avx512vl, sha, fma, vzeroupper, avx512_vpopcntdq, avx512_vpclmulqdq, avx512_vaes, avx512_vnni, clflush, clflushopt, clwb, avx512_vbmi2, avx512_vbmi, hv, rdtscp, rdpid, fsrm, gfni, avx512_bitalg, f16c, cet_ibt, cet_ss, avx512_ifma
Processor Information for the first 8 processors :
  Max Mhz: 3110, Current Mhz: 3110, Mhz Limit: 3110

Memory: 4k page, system-wide physical 16073M (5497M free)
TotalPageFile size 16073M (AvailPageFile size 64M)
current process WorkingSet (physical memory assigned to process): 709M, peak: 727M
current process commit charge ("private bytes"): 747M, peak: 847M

vm_info: OpenJDK 64-Bit Server VM (25.0.2+-15348964-b329.117) for windows-amd64 JRE (25.0.2+-15348964-b329.117), built on 2026-05-05T18:25:19Z with MS VC++ 16.10 / 16.11 (VS2019)

END.
