#
# There is insufficient memory for the Java Runtime Environment to continue.
# Native memory allocation (malloc) failed to allocate 664632 bytes. Error detail: Chunk::new
# Possible reasons:
#   The system is out of physical RAM or swap space
#   This process is running with CompressedOops enabled, and the Java Heap may be blocking the growth of the native heap
# Possible solutions:
#   Reduce memory load on the system
#   Increase physical memory or swap space
#   Check if swap backing store is full
#   Decrease Java heap size (-Xmx/-Xms)
#   Decrease number of Java threads
#   Decrease Java thread stack sizes (-Xss)
#   Set larger code cache with -XX:ReservedCodeCacheSize=
#   JVM is running with Unscaled Compressed Oops mode in which the Java heap is
#     placed in the first 4GB address space. The Java Heap base address is the
#     maximum limit for the native heap growth. Please use -XX:HeapBaseMinAddress
#     to set the Java Heap base and to place the Java Heap above 4GB virtual address.
# This output file may be truncated or incomplete.
#
#  Out of Memory Error (arena.cpp:186), pid=17632, tid=18148
#
# JRE version: OpenJDK Runtime Environment (25.0.2) (build 25.0.2+-15348964-b329.117)
# Java VM: OpenJDK 64-Bit Server VM (25.0.2+-15348964-b329.117, mixed mode, tiered, compressed oops, compressed class ptrs, serial gc, windows-amd64)
# No core dump will be written. Minidumps are not enabled by default on client versions of Windows
#

---------------  S U M M A R Y ------------

Command Line: --add-opens=java.base/java.lang=ALL-UNNAMED --add-opens=java.base/java.lang.invoke=ALL-UNNAMED --add-opens=java.base/java.util=ALL-UNNAMED --add-opens=java.prefs/java.util.prefs=ALL-UNNAMED --add-exports=jdk.compiler/com.sun.tools.javac.api=ALL-UNNAMED --add-exports=jdk.compiler/com.sun.tools.javac.util=ALL-UNNAMED --add-opens=java.base/java.nio.charset=ALL-UNNAMED --add-opens=java.base/java.net=ALL-UNNAMED --add-opens=java.base/java.util.concurrent=ALL-UNNAMED --add-opens=java.base/java.util.concurrent.atomic=ALL-UNNAMED --add-opens=java.xml/javax.xml.namespace=ALL-UNNAMED --add-opens=java.base/java.time=ALL-UNNAMED --enable-native-access=ALL-UNNAMED -XX:+UseSerialGC -Xmx512m -Dfile.encoding=UTF-8 -Duser.country=RU -Duser.language=ru -Duser.variant -javaagent:D:\gradle\wrapper\dists\gradle-9.5.0-bin\bvnork1r7n8i6kp5cnkibsc9q\gradle-9.5.0\lib\agents\gradle-instrumentation-agent-9.5.0.jar org.gradle.launcher.daemon.bootstrap.GradleDaemon 9.5.0

Host: 11th Gen Intel(R) Core(TM) i5-11300H @ 3.10GHz, 8 cores, 15G,  Windows 11 , 64 bit Build 26100 (10.0.26100.9168)
Time: Mon Aug 17 23:57:28 2026 elapsed time: 2753.293439 seconds (0d 0h 45m 53s)

---------------  T H R E A D  ---------------

Current thread (0x000002342b2cec80):  JavaThread "C2 CompilerThread1" daemon [_thread_in_native, id=18148, stack(0x000000e9e0a00000,0x000000e9e0b00000) (1024K)]


Current CompileTask:
C2:2753293 21276       4       jdk.internal.classfile.impl.StackMapDecoder::writeFrame (376 bytes)

Stack: [0x000000e9e0a00000,0x000000e9e0b00000]
Native frames: (J=compiled Java code, j=interpreted, Vv=VM code, C=native code)
V  [jvm.dll+0x7bd439]  (no source info available)
V  [jvm.dll+0x78763d]  (no source info available)
V  [jvm.dll+0xa0c885]  (no source info available)
V  [jvm.dll+0xa0ef04]  (no source info available)
V  [jvm.dll+0xa0f603]  (no source info available)
V  [jvm.dll+0x309bf6]  (no source info available)
V  [jvm.dll+0x10ea69]  (no source info available)
V  [jvm.dll+0x10ed92]  (no source info available)
V  [jvm.dll+0x45d95f]  (no source info available)
V  [jvm.dll+0x42bd4b]  (no source info available)
V  [jvm.dll+0x42b17a]  (no source info available)
V  [jvm.dll+0x2cdea2]  (no source info available)
V  [jvm.dll+0x2cd221]  (no source info available)
V  [jvm.dll+0x242ffa]  (no source info available)
V  [jvm.dll+0x2dcc05]  (no source info available)
V  [jvm.dll+0x2dae06]  (no source info available)
V  [jvm.dll+0x49b59e]  (no source info available)
V  [jvm.dll+0x9ab9c8]  (no source info available)
V  [jvm.dll+0x7bb985]  (no source info available)
C  [ucrtbase.dll+0x2cd30]  (no source info available)
C  [KERNEL32.DLL+0x2ccb7]  (no source info available)
C  [ntdll.dll+0xaad6c]  (no source info available)

Lock stack of current Java thread (top to bottom):


---------------  P R O C E S S  ---------------

Threads class SMR info:
_java_thread_list=0x000002342d01b830, length=52, elements={
0x0000023410370f60, 0x000002341042d890, 0x0000023410141f70, 0x00000234101446e0,
0x0000023410172f60, 0x0000023410175730, 0x0000023410155f10, 0x0000023410157de0,
0x000002341015b140, 0x0000023410177f50, 0x0000023422c3b2f0, 0x00000234280a46a0,
0x00000234274ad790, 0x00000234274ae730, 0x0000023429b70810, 0x0000023429b6d930,
0x000002342a875ef0, 0x000002342a8766c0, 0x000002342a878dd0, 0x000002342a87ad10,
0x000002342a878600, 0x0000023429f9dec0, 0x0000023429f9bf80, 0x0000023429f9b7b0,
0x0000023429f9afe0, 0x0000023429f9ee60, 0x0000023429f9f630, 0x0000023429fa2510,
0x000002342b2c0050, 0x000002342ba675b0, 0x000002342ba6cba0, 0x000002342a82dec0,
0x000002342a82f630, 0x000002342a82d6f0, 0x000002342a82fe00, 0x000002342a832ce0,
0x000002342a834450, 0x000002342a830da0, 0x000002342a8382d0, 0x000002342a836b60,
0x000002342a838aa0, 0x000002342a839270, 0x000002342b2cec80, 0x000002342a836390,
0x000002342a83b1b0, 0x000002342b9088a0, 0x000002342b907130, 0x000002342b907900,
0x000002342b9059c0, 0x000002342b906960, 0x000002342b90bf50, 0x000002342ba694f0
}

Java Threads: ( => current thread )
  0x0000023410370f60 JavaThread "main"                              [_thread_blocked, id=12396, stack(0x000000e9ded00000,0x000000e9dee00000) (1024K)]
  0x000002341042d890 JavaThread "Common-Cleaner"             daemon [_thread_blocked, id=16060, stack(0x000000e9df000000,0x000000e9df100000) (1024K)]
  0x0000023410141f70 JavaThread "Reference Handler"          daemon [_thread_blocked, id=15564, stack(0x000000e9df100000,0x000000e9df200000) (1024K)]
  0x00000234101446e0 JavaThread "Finalizer"                  daemon [_thread_blocked, id=15560, stack(0x000000e9df200000,0x000000e9df300000) (1024K)]
  0x0000023410172f60 JavaThread "Signal Dispatcher"          daemon [_thread_blocked, id=15556, stack(0x000000e9df300000,0x000000e9df400000) (1024K)]
  0x0000023410175730 JavaThread "Attach Listener"            daemon [_thread_blocked, id=15548, stack(0x000000e9df400000,0x000000e9df500000) (1024K)]
  0x0000023410155f10 JavaThread "Service Thread"             daemon [_thread_blocked, id=15552, stack(0x000000e9df500000,0x000000e9df600000) (1024K)]
  0x0000023410157de0 JavaThread "Monitor Deflation Thread"   daemon [_thread_blocked, id=16272, stack(0x000000e9df600000,0x000000e9df700000) (1024K)]
  0x000002341015b140 JavaThread "C2 CompilerThread0"         daemon [_thread_blocked, id=7368, stack(0x000000e9df700000,0x000000e9df800000) (1024K)]
  0x0000023410177f50 JavaThread "C1 CompilerThread0"         daemon [_thread_blocked, id=18320, stack(0x000000e9df800000,0x000000e9df900000) (1024K)]
  0x0000023422c3b2f0 JavaThread "Notification Thread"        daemon [_thread_blocked, id=6412, stack(0x000000e9df900000,0x000000e9dfa00000) (1024K)]
  0x00000234280a46a0 JavaThread "Daemon health stats"               [_thread_blocked, id=8804, stack(0x000000e9dfc00000,0x000000e9dfd00000) (1024K)]
  0x00000234274ad790 JavaThread "Incoming local TCP Connector on port 56459"        [_thread_in_native, id=17192, stack(0x000000e9dfd00000,0x000000e9dfe00000) (1024K)]
  0x00000234274ae730 JavaThread "Daemon periodic checks"            [_thread_blocked, id=16708, stack(0x000000e9dfe00000,0x000000e9dff00000) (1024K)]
  0x0000023429b70810 JavaThread "Cache worker for journal cache (D:\gradle\caches\journal-1)"        [_thread_blocked, id=14740, stack(0x000000e9e0600000,0x000000e9e0700000) (1024K)]
  0x0000023429b6d930 JavaThread "File lock request listener"        [_thread_in_native, id=3480, stack(0x000000e9e0700000,0x000000e9e0800000) (1024K)]
  0x000002342a875ef0 JavaThread "Cache worker for file hash cache (D:\gradle\caches\9.5.0\fileHashes)"        [_thread_blocked, id=10388, stack(0x000000e9e0800000,0x000000e9e0900000) (1024K)]
  0x000002342a8766c0 JavaThread "File watcher server"        daemon [_thread_in_native, id=13184, stack(0x000000e9e0b00000,0x000000e9e0c00000) (1024K)]
  0x000002342a878dd0 JavaThread "File watcher consumer"      daemon [_thread_blocked, id=10876, stack(0x000000e9e0c00000,0x000000e9e0d00000) (1024K)]
  0x000002342a87ad10 JavaThread "jar transforms"                    [_thread_blocked, id=2804, stack(0x000000e9e0d00000,0x000000e9e0e00000) (1024K)]
  0x000002342a878600 JavaThread "jar transforms Thread 2"           [_thread_blocked, id=13852, stack(0x000000e9e0e00000,0x000000e9e0f00000) (1024K)]
  0x0000023429f9dec0 JavaThread "jar transforms Thread 3"           [_thread_blocked, id=6012, stack(0x000000e9e0f00000,0x000000e9e1000000) (1024K)]
  0x0000023429f9bf80 JavaThread "jar transforms Thread 4"           [_thread_blocked, id=6104, stack(0x000000e9e1000000,0x000000e9e1100000) (1024K)]
  0x0000023429f9b7b0 JavaThread "jar transforms Thread 5"           [_thread_blocked, id=6120, stack(0x000000e9e1100000,0x000000e9e1200000) (1024K)]
  0x0000023429f9afe0 JavaThread "jar transforms Thread 6"           [_thread_blocked, id=13560, stack(0x000000e9e1200000,0x000000e9e1300000) (1024K)]
  0x0000023429f9ee60 JavaThread "jar transforms Thread 7"           [_thread_blocked, id=12928, stack(0x000000e9e1300000,0x000000e9e1400000) (1024K)]
  0x0000023429f9f630 JavaThread "jar transforms Thread 8"           [_thread_blocked, id=14124, stack(0x000000e9e1400000,0x000000e9e1500000) (1024K)]
  0x0000023429fa2510 JavaThread "Cache worker for file content cache (D:\gradle\caches\9.5.0\fileContent)"        [_thread_blocked, id=9648, stack(0x000000e9e1500000,0x000000e9e1600000) (1024K)]
  0x000002342b2c0050 JavaThread "Memory manager"                    [_thread_blocked, id=18408, stack(0x000000e9e2200000,0x000000e9e2300000) (1024K)]
  0x000002342ba675b0 JavaThread "Daemon Thread 2"                   [_thread_blocked, id=10420, stack(0x000000e9dea00000,0x000000e9deb00000) (1024K)]
  0x000002342ba6cba0 JavaThread "Daemon worker Thread 2"            [_thread_in_Java, id=11084, stack(0x000000e9dfa00000,0x000000e9dfb00000) (1024K)]
  0x000002342a82dec0 JavaThread "VFS cleanup Thread 2"              [_thread_blocked, id=12852, stack(0x000000e9dfb00000,0x000000e9dfc00000) (1024K)]
  0x000002342a82f630 JavaThread "Handler for socket connection from /127.0.0.1:56459 to /127.0.0.1:64583"        [_thread_in_native, id=11620, stack(0x000000e9deb00000,0x000000e9dec00000) (1024K)]
  0x000002342a82d6f0 JavaThread "Cancel handler"                    [_thread_blocked, id=1768, stack(0x000000e9dec00000,0x000000e9ded00000) (1024K)]
  0x000002342a82fe00 JavaThread "Asynchronous log dispatcher for DefaultDaemonConnection: socket connection from /127.0.0.1:56459 to /127.0.0.1:64583"        [_thread_blocked, id=15708, stack(0x000000e9dff00000,0x000000e9e0000000) (1024K)]
  0x000002342a832ce0 JavaThread "Stdin handler"                     [_thread_blocked, id=14000, stack(0x000000e9e0000000,0x000000e9e0100000) (1024K)]
  0x000002342a834450 JavaThread "Daemon client event forwarder"        [_thread_blocked, id=10180, stack(0x000000e9e0100000,0x000000e9e0200000) (1024K)]
  0x000002342a830da0 JavaThread "Cache worker for file hash cache (D:\itdetiApp\.gradle\9.5.0\fileHashes)"        [_thread_blocked, id=19672, stack(0x000000e9e0200000,0x000000e9e0300000) (1024K)]
  0x000002342a8382d0 JavaThread "Cache worker for Build Output Cleanup Cache (D:\itdetiApp\.gradle\buildOutputCleanup)"        [_thread_blocked, id=17676, stack(0x000000e9e0300000,0x000000e9e0400000) (1024K)]
  0x000002342a836b60 JavaThread "Cache worker for checksums cache (D:\itdetiApp\.gradle\9.5.0\checksums)"        [_thread_blocked, id=10756, stack(0x000000e9e0400000,0x000000e9e0500000) (1024K)]
  0x000002342a838aa0 JavaThread "Cache worker for cache directory md-supplier (D:\gradle\caches\9.5.0\md-supplier)"        [_thread_blocked, id=20240, stack(0x000000e9e0500000,0x000000e9e0600000) (1024K)]
  0x000002342a839270 JavaThread "Cache worker for cache directory md-rule (D:\gradle\caches\9.5.0\md-rule)"        [_thread_blocked, id=20340, stack(0x000000e9e0900000,0x000000e9e0a00000) (1024K)]
=>0x000002342b2cec80 JavaThread "C2 CompilerThread1"         daemon [_thread_in_native, id=18148, stack(0x000000e9e0a00000,0x000000e9e0b00000) (1024K)]
  0x000002342a836390 JavaThread "Build operations"                  [_thread_blocked, id=6928, stack(0x000000e9e1600000,0x000000e9e1700000) (1024K)]
  0x000002342a83b1b0 JavaThread "Build operations Thread 2"         [_thread_blocked, id=10068, stack(0x000000e9e1700000,0x000000e9e1800000) (1024K)]
  0x000002342b9088a0 JavaThread "Build operations Thread 3"         [_thread_blocked, id=11452, stack(0x000000e9e1800000,0x000000e9e1900000) (1024K)]
  0x000002342b907130 JavaThread "Build operations Thread 4"         [_thread_blocked, id=18984, stack(0x000000e9e1900000,0x000000e9e1a00000) (1024K)]
  0x000002342b907900 JavaThread "Build operations Thread 5"         [_thread_blocked, id=16216, stack(0x000000e9e1a00000,0x000000e9e1b00000) (1024K)]
  0x000002342b9059c0 JavaThread "Build operations Thread 6"         [_thread_blocked, id=12952, stack(0x000000e9e1b00000,0x000000e9e1c00000) (1024K)]
  0x000002342b906960 JavaThread "Build operations Thread 7"         [_thread_blocked, id=5684, stack(0x000000e9e1c00000,0x000000e9e1d00000) (1024K)]
  0x000002342b90bf50 JavaThread "Build operations Thread 8"         [_thread_blocked, id=17476, stack(0x000000e9e1d00000,0x000000e9e1e00000) (1024K)]
  0x000002342ba694f0 JavaThread "Problems report writer"            [_thread_blocked, id=17384, stack(0x000000e9e1f00000,0x000000e9e2000000) (1024K)]
Total: 52

Other Threads:
  0x000002341040dab0 VMThread "VM Thread"                           [id=18016, stack(0x000000e9def00000,0x000000e9df000000) (1024K)]
  0x00000234103d11a0 WatcherThread "VM Periodic Task Thread"        [id=12392, stack(0x000000e9dee00000,0x000000e9def00000) (1024K)]
Total: 2

Threads with active compile tasks:
C2 CompilerThread1  2753333 21276       4       jdk.internal.classfile.impl.StackMapDecoder::writeFrame (376 bytes)
Total: 1

VM state: not at safepoint (normal execution)

VM Mutex/Monitor currently owned by a thread: None

Heap address: 0x00000000e0000000, size: 512 MB, Compressed Oops mode: 32-bit

CDS archive(s) not mapped
Compressed class space mapped at: 0x000000002e000000-0x000000006e000000, reserved size: 1073741824
UseCompressedClassPointers 1, UseCompactObjectHeaders 0
Narrow klass pointer bits 32, Max shift 3
Narrow klass base: 0x0000000000000000, Narrow klass shift: 0
Encoding Range: [0x0000000000000000 - 0x0000000100000000), (4294967296 bytes)
Klass Range:    [0x000000002e000000 - 0x000000006e000000), (1073741824 bytes)
Klass ID Range:  [771751936 - 1845493753) (1073741817)
No protection zone.

GC Precious Log:
 CardTable entry size: 512
 CPUs: 8 total, 8 available
 Memory: 16073M
 Large Page Support: Disabled
 NUMA Support: Disabled
 Compressed Oops: Enabled (32-bit)
 Heap Min Capacity: 8M
 Heap Initial Capacity: 252M
 Heap Max Capacity: 512M
 Pre-touch: Disabled

Heap:
 DefNew     total 77696K, used 39898K [0x00000000e0000000, 0x00000000e5440000, 0x00000000eaaa0000)
  eden space 69120K,  46% used [0x00000000e0000000, 0x00000000e1f496f0, 0x00000000e4380000)
  from space 8576K,  91% used [0x00000000e4be0000, 0x00000000e538d480, 0x00000000e5440000)
  to   space 8576K,   0% used [0x00000000e4380000, 0x00000000e4380000, 0x00000000e4be0000)
 Tenured    total 172032K, used 166053K [0x00000000eaaa0000, 0x00000000f52a0000, 0x0000000100000000)
  the  space 172032K,  96% used [0x00000000eaaa0000, 0x00000000f4cc9480, 0x00000000f52a0000)

Card table byte_map: [0x000002340fea0000,0x000002340ffa0000] _byte_map_base: 0x000002340f7a0000

Polling page: 0x000002340e450000

Metaspace:
Metaspace        used 162807K, committed 165120K, reserved 1245184K
 class space     used 23556K, committed 24640K, reserved 1048576K

Usage:
  Non-class:    135.99 MB used.
      Class:     23.00 MB used.
       Both:    158.99 MB used.

Virtual space:
  Non-class space:      192.00 MB reserved,     137.19 MB ( 71%) committed,  3 nodes.
      Class space:        1.00 GB reserved,      24.06 MB (  2%) committed,  1 nodes.
             Both:        1.19 GB reserved,     161.25 MB ( 13%) committed. 

Chunk freelists:
   Non-Class:  6.39 MB
       Class:  7.88 MB
        Both:  14.27 MB

MaxMetaspaceSize: unlimited
CompressedClassSpaceSize: 1.00 GB
Initial GC threshold: 21.00 MB
Current GC threshold: 162.19 MB
CDS: off
 - commit_granule_bytes: 65536.
 - commit_granule_words: 8192.
 - virtual_space_node_default_size: 8388608.
 - enlarge_chunks_in_place: 1.
UseCompressedClassPointers 1, UseCompactObjectHeaders 0
Narrow klass pointer bits 32, Max shift 3
Narrow klass base: 0x0000000000000000, Narrow klass shift: 0
Encoding Range: [0x0000000000000000 - 0x0000000100000000), (4294967296 bytes)
Klass Range:    [0x000000002e000000 - 0x000000006e000000), (1073741824 bytes)
Klass ID Range:  [771751936 - 1845493753) (1073741817)
No protection zone.


Internal statistics:

num_allocs_failed_limit: 12.
num_arena_births: 4380.
num_arena_deaths: 0.
num_vsnodes_births: 4.
num_vsnodes_deaths: 0.
num_space_committed: 2579.
num_space_uncommitted: 0.
num_chunks_returned_to_freelist: 12.
num_chunks_taken_from_freelist: 10805.
num_chunk_merges: 9.
num_chunk_splits: 7377.
num_chunks_enlarged: 5086.
num_inconsistent_stats: 0.

CodeHeap 'non-profiled nmethods': size=120064Kb used=10037Kb max_used=10037Kb free=110027Kb
 bounds [0x000002341b320000, 0x000002341bcf0000, 0x0000023422860000]
CodeHeap 'profiled nmethods': size=120000Kb used=30148Kb max_used=30148Kb free=89851Kb
 bounds [0x0000023413860000, 0x00000234155e0000, 0x000002341ad90000]
CodeHeap 'non-nmethods': size=5696Kb used=2020Kb max_used=2124Kb free=3676Kb
 bounds [0x000002341ad90000, 0x000002341b000000, 0x000002341b320000]
CodeCache: size=245760Kb, used=42205Kb, max_used=42309Kb, free=203554Kb
 total_blobs=21248, nmethods=20202, adapters=950, full_count=0
Compilation: enabled, stopped_count=0, restarted_count=0

Compilation events (20 events):
Event: 2751.202 Thread 0x000002342b2cec80 nmethod 21260 0x000002341bcead08 code [0x000002341bceae00, 0x000002341bceb2d0]
Event: 2751.202 Thread 0x000002342b2cec80 21262       4       org.gradle.api.internal.artifacts.dependencies.AbstractVersionConstraint::equals (105 bytes)
Event: 2751.203 Thread 0x0000023410177f50 nmethod 21268 0x00000234155ce508 code [0x00000234155ce600, 0x00000234155cf2a0]
Event: 2751.206 Thread 0x000002342b2cec80 nmethod 21262 0x000002341bceb308 code [0x000002341bceb400, 0x000002341bceb720]
Event: 2751.207 Thread 0x000002341015b140 nmethod 21266 0x000002341bceb788 code [0x000002341bceb880, 0x000002341bcebcd0]
Event: 2751.207 Thread 0x000002341015b140 21269       4       com.google.common.collect.ImmutableBiMap::values (5 bytes)
Event: 2751.209 Thread 0x000002342b2cec80 21270   !   4       org.gradle.internal.serialize.kryo.StringDeduplicatingKryoBackedDecoder::readByte (15 bytes)
Event: 2751.210 Thread 0x000002341015b140 nmethod 21269 0x000002341bcebd08 code [0x000002341bcebe00, 0x000002341bcec098]
Event: 2751.214 Thread 0x0000023410177f50 21271       3       org.gradle.internal.Describables$2::asMutable (61 bytes)
Event: 2751.214 Thread 0x0000023410177f50 nmethod 21271 0x00000234155cf308 code [0x00000234155cf400, 0x00000234155cfef0]
Event: 2751.216 Thread 0x000002342b2cec80 nmethod 21270 0x000002341bcec108 code [0x000002341bcec200, 0x000002341bcec700]
Event: 2751.216 Thread 0x0000023410177f50 21272       1       org.gradle.api.internal.project.DefaultProject::getLifecycleActionsState (5 bytes)
Event: 2751.216 Thread 0x0000023410177f50 nmethod 21272 0x000002341bcec788 code [0x000002341bcec880, 0x000002341bcec948]
Event: 2751.217 Thread 0x0000023410177f50 21273       3       org.gradle.api.internal.artifacts.configurations.DefaultConfiguration::isFullyResolved (20 bytes)
Event: 2751.217 Thread 0x0000023410177f50 nmethod 21273 0x00000234155cff08 code [0x00000234155d0000, 0x00000234155d0ad8]
Event: 2751.217 Thread 0x0000023410177f50 21274       1       org.gradle.api.internal.initialization.StandaloneDomainObjectContext$CalculatedModelValueImpl::getOrNull (5 bytes)
Event: 2751.217 Thread 0x0000023410177f50 nmethod 21274 0x000002341bceca88 code [0x000002341bcecb80, 0x000002341bcecc48]
Event: 2751.250 Thread 0x000002341015b140 21275       4       java.lang.classfile.attribute.StackMapFrameInfo::of (14 bytes)
Event: 2751.250 Thread 0x000002342b2cec80 21276       4       jdk.internal.classfile.impl.StackMapDecoder::writeFrame (376 bytes)
Event: 2751.255 Thread 0x000002341015b140 nmethod 21275 0x000002341bcecd88 code [0x000002341bcece80, 0x000002341bced388]

GC Heap Usage History (20 events):
Event: 884.132 {heap Before GC invocations=28 (full 4):
 DefNew     total 77696K, used 75361K [0x00000000e0000000, 0x00000000e5440000, 0x00000000eaaa0000)
  eden space 69120K,  99% used [0x00000000e0000000, 0x00000000e437fff8, 0x00000000e4380000)
  from space 8576K,  72% used [0x00000000e4be0000, 0x00000000e51f8520, 0x00000000e5440000)
  to   space 8576K,   0% used [0x00000000e4380000, 0x00000000e4380000, 0x00000000e4be0000)
 Tenured    total 172032K, used 138852K [0x00000000eaaa0000, 0x00000000f52a0000, 0x00000001000000Event: 884.169 {heap After GC invocations=29 (full 4):
 DefNew     total 77696K, used 2042K [0x00000000e0000000, 0x00000000e5440000, 0x00000000eaaa0000)
  eden space 69120K,   0% used [0x00000000e0000000, 0x00000000e0000000, 0x00000000e4380000)
  from space 8576K,  23% used [0x00000000e4380000, 0x00000000e457e8d8, 0x00000000e4be0000)
  to   space 8576K,   0% used [0x00000000e4be0000, 0x00000000e4be0000, 0x00000000e5440000)
 Tenured    total 172032K, used 145057K [0x00000000eaaa0000, 0x00000000f52a0000, 0x0000000100000000Event: 2702.847 {heap Before GC invocations=29 (full 4):
 DefNew     total 77696K, used 71162K [0x00000000e0000000, 0x00000000e5440000, 0x00000000eaaa0000)
  eden space 69120K, 100% used [0x00000000e0000000, 0x00000000e4380000, 0x00000000e4380000)
  from space 8576K,  23% used [0x00000000e4380000, 0x00000000e457e8d8, 0x00000000e4be0000)
  to   space 8576K,   0% used [0x00000000e4be0000, 0x00000000e4be0000, 0x00000000e5440000)
 Tenured    total 172032K, used 145057K [0x00000000eaaa0000, 0x00000000f52a0000, 0x00000001000000Event: 2702.862 {heap After GC invocations=30 (full 4):
 DefNew     total 77696K, used 3971K [0x00000000e0000000, 0x00000000e5440000, 0x00000000eaaa0000)
  eden space 69120K,   0% used [0x00000000e0000000, 0x00000000e0000000, 0x00000000e4380000)
  from space 8576K,  46% used [0x00000000e4be0000, 0x00000000e4fc0e70, 0x00000000e5440000)
  to   space 8576K,   0% used [0x00000000e4380000, 0x00000000e4380000, 0x00000000e4be0000)
 Tenured    total 172032K, used 145057K [0x00000000eaaa0000, 0x00000000f52a0000, 0x0000000100000000Event: 2703.408 {heap Before GC invocations=30 (full 4):
 DefNew     total 77696K, used 73091K [0x00000000e0000000, 0x00000000e5440000, 0x00000000eaaa0000)
  eden space 69120K, 100% used [0x00000000e0000000, 0x00000000e4380000, 0x00000000e4380000)
  from space 8576K,  46% used [0x00000000e4be0000, 0x00000000e4fc0e70, 0x00000000e5440000)
  to   space 8576K,   0% used [0x00000000e4380000, 0x00000000e4380000, 0x00000000e4be0000)
 Tenured    total 172032K, used 145057K [0x00000000eaaa0000, 0x00000000f52a0000, 0x00000001000000Event: 2703.432 {heap After GC invocations=31 (full 4):
 DefNew     total 77696K, used 6866K [0x00000000e0000000, 0x00000000e5440000, 0x00000000eaaa0000)
  eden space 69120K,   0% used [0x00000000e0000000, 0x00000000e0000000, 0x00000000e4380000)
  from space 8576K,  80% used [0x00000000e4380000, 0x00000000e4a34b80, 0x00000000e4be0000)
  to   space 8576K,   0% used [0x00000000e4be0000, 0x00000000e4be0000, 0x00000000e5440000)
 Tenured    total 172032K, used 145057K [0x00000000eaaa0000, 0x00000000f52a0000, 0x0000000100000000Event: 2703.876 {heap Before GC invocations=31 (full 4):
 DefNew     total 77696K, used 75986K [0x00000000e0000000, 0x00000000e5440000, 0x00000000eaaa0000)
  eden space 69120K, 100% used [0x00000000e0000000, 0x00000000e4380000, 0x00000000e4380000)
  from space 8576K,  80% used [0x00000000e4380000, 0x00000000e4a34b80, 0x00000000e4be0000)
  to   space 8576K,   0% used [0x00000000e4be0000, 0x00000000e4be0000, 0x00000000e5440000)
 Tenured    total 172032K, used 145057K [0x00000000eaaa0000, 0x00000000f52a0000, 0x00000001000000Event: 2703.896 {heap After GC invocations=32 (full 4):
 DefNew     total 77696K, used 5525K [0x00000000e0000000, 0x00000000e5440000, 0x00000000eaaa0000)
  eden space 69120K,   0% used [0x00000000e0000000, 0x00000000e0000000, 0x00000000e4380000)
  from space 8576K,  64% used [0x00000000e4be0000, 0x00000000e51457b0, 0x00000000e5440000)
  to   space 8576K,   0% used [0x00000000e4380000, 0x00000000e4380000, 0x00000000e4be0000)
 Tenured    total 172032K, used 148040K [0x00000000eaaa0000, 0x00000000f52a0000, 0x0000000100000000Event: 2704.821 {heap Before GC invocations=32 (full 4):
 DefNew     total 77696K, used 74645K [0x00000000e0000000, 0x00000000e5440000, 0x00000000eaaa0000)
  eden space 69120K, 100% used [0x00000000e0000000, 0x00000000e4380000, 0x00000000e4380000)
  from space 8576K,  64% used [0x00000000e4be0000, 0x00000000e51457b0, 0x00000000e5440000)
  to   space 8576K,   0% used [0x00000000e4380000, 0x00000000e4380000, 0x00000000e4be0000)
 Tenured    total 172032K, used 148040K [0x00000000eaaa0000, 0x00000000f52a0000, 0x00000001000000Event: 2704.849 {heap After GC invocations=33 (full 4):
 DefNew     total 77696K, used 4989K [0x00000000e0000000, 0x00000000e5440000, 0x00000000eaaa0000)
  eden space 69120K,   0% used [0x00000000e0000000, 0x00000000e0000000, 0x00000000e4380000)
  from space 8576K,  58% used [0x00000000e4380000, 0x00000000e485f538, 0x00000000e4be0000)
  to   space 8576K,   0% used [0x00000000e4be0000, 0x00000000e4be0000, 0x00000000e5440000)
 Tenured    total 172032K, used 151532K [0x00000000eaaa0000, 0x00000000f52a0000, 0x0000000100000000Event: 2706.318 {heap Before GC invocations=33 (full 4):
 DefNew     total 77696K, used 74109K [0x00000000e0000000, 0x00000000e5440000, 0x00000000eaaa0000)
  eden space 69120K, 100% used [0x00000000e0000000, 0x00000000e4380000, 0x00000000e4380000)
  from space 8576K,  58% used [0x00000000e4380000, 0x00000000e485f538, 0x00000000e4be0000)
  to   space 8576K,   0% used [0x00000000e4be0000, 0x00000000e4be0000, 0x00000000e5440000)
 Tenured    total 172032K, used 151532K [0x00000000eaaa0000, 0x00000000f52a0000, 0x00000001000000Event: 2706.334 {heap After GC invocations=34 (full 4):
 DefNew     total 77696K, used 4018K [0x00000000e0000000, 0x00000000e5440000, 0x00000000eaaa0000)
  eden space 69120K,   0% used [0x00000000e0000000, 0x00000000e0000000, 0x00000000e4380000)
  from space 8576K,  46% used [0x00000000e4be0000, 0x00000000e4fccb28, 0x00000000e5440000)
  to   space 8576K,   0% used [0x00000000e4380000, 0x00000000e4380000, 0x00000000e4be0000)
 Tenured    total 172032K, used 152870K [0x00000000eaaa0000, 0x00000000f52a0000, 0x0000000100000000Event: 2707.869 {heap Before GC invocations=34 (full 4):
 DefNew     total 77696K, used 73138K [0x00000000e0000000, 0x00000000e5440000, 0x00000000eaaa0000)
  eden space 69120K, 100% used [0x00000000e0000000, 0x00000000e4380000, 0x00000000e4380000)
  from space 8576K,  46% used [0x00000000e4be0000, 0x00000000e4fccb28, 0x00000000e5440000)
  to   space 8576K,   0% used [0x00000000e4380000, 0x00000000e4380000, 0x00000000e4be0000)
 Tenured    total 172032K, used 152870K [0x00000000eaaa0000, 0x00000000f52a0000, 0x00000001000000Event: 2707.908 {heap After GC invocations=35 (full 4):
 DefNew     total 77696K, used 8576K [0x00000000e0000000, 0x00000000e5440000, 0x00000000eaaa0000)
  eden space 69120K,   0% used [0x00000000e0000000, 0x00000000e0000000, 0x00000000e4380000)
  from space 8576K, 100% used [0x00000000e4380000, 0x00000000e4be0000, 0x00000000e4be0000)
  to   space 8576K,   0% used [0x00000000e4be0000, 0x00000000e4be0000, 0x00000000e5440000)
 Tenured    total 172032K, used 154715K [0x00000000eaaa0000, 0x00000000f52a0000, 0x0000000100000000Event: 2709.066 {heap Before GC invocations=35 (full 4):
 DefNew     total 77696K, used 77696K [0x00000000e0000000, 0x00000000e5440000, 0x00000000eaaa0000)
  eden space 69120K, 100% used [0x00000000e0000000, 0x00000000e4380000, 0x00000000e4380000)
  from space 8576K, 100% used [0x00000000e4380000, 0x00000000e4be0000, 0x00000000e4be0000)
  to   space 8576K,   0% used [0x00000000e4be0000, 0x00000000e4be0000, 0x00000000e5440000)
 Tenured    total 172032K, used 154715K [0x00000000eaaa0000, 0x00000000f52a0000, 0x00000001000000Event: 2709.091 {heap After GC invocations=36 (full 4):
 DefNew     total 77696K, used 3432K [0x00000000e0000000, 0x00000000e5440000, 0x00000000eaaa0000)
  eden space 69120K,   0% used [0x00000000e0000000, 0x00000000e0000000, 0x00000000e4380000)
  from space 8576K,  40% used [0x00000000e4be0000, 0x00000000e4f3a310, 0x00000000e5440000)
  to   space 8576K,   0% used [0x00000000e4380000, 0x00000000e4380000, 0x00000000e4be0000)
 Tenured    total 172032K, used 163094K [0x00000000eaaa0000, 0x00000000f52a0000, 0x0000000100000000Event: 2710.347 {heap Before GC invocations=36 (full 4):
 DefNew     total 77696K, used 72552K [0x00000000e0000000, 0x00000000e5440000, 0x00000000eaaa0000)
  eden space 69120K, 100% used [0x00000000e0000000, 0x00000000e4380000, 0x00000000e4380000)
  from space 8576K,  40% used [0x00000000e4be0000, 0x00000000e4f3a310, 0x00000000e5440000)
  to   space 8576K,   0% used [0x00000000e4380000, 0x00000000e4380000, 0x00000000e4be0000)
 Tenured    total 172032K, used 163094K [0x00000000eaaa0000, 0x00000000f52a0000, 0x00000001000000Event: 2710.370 {heap After GC invocations=37 (full 4):
 DefNew     total 77696K, used 6442K [0x00000000e0000000, 0x00000000e5440000, 0x00000000eaaa0000)
  eden space 69120K,   0% used [0x00000000e0000000, 0x00000000e0000000, 0x00000000e4380000)
  from space 8576K,  75% used [0x00000000e4380000, 0x00000000e49ca858, 0x00000000e4be0000)
  to   space 8576K,   0% used [0x00000000e4be0000, 0x00000000e4be0000, 0x00000000e5440000)
 Tenured    total 172032K, used 163094K [0x00000000eaaa0000, 0x00000000f52a0000, 0x0000000100000000Event: 2750.536 {heap Before GC invocations=37 (full 4):
 DefNew     total 77696K, used 75562K [0x00000000e0000000, 0x00000000e5440000, 0x00000000eaaa0000)
  eden space 69120K, 100% used [0x00000000e0000000, 0x00000000e4380000, 0x00000000e4380000)
  from space 8576K,  75% used [0x00000000e4380000, 0x00000000e49ca858, 0x00000000e4be0000)
  to   space 8576K,   0% used [0x00000000e4be0000, 0x00000000e4be0000, 0x00000000e5440000)
 Tenured    total 172032K, used 163094K [0x00000000eaaa0000, 0x00000000f52a0000, 0x00000001000000Event: 2750.607 {heap After GC invocations=38 (full 4):
 DefNew     total 77696K, used 7861K [0x00000000e0000000, 0x00000000e5440000, 0x00000000eaaa0000)
  eden space 69120K,   0% used [0x00000000e0000000, 0x00000000e0000000, 0x00000000e4380000)
  from space 8576K,  91% used [0x00000000e4be0000, 0x00000000e538d480, 0x00000000e5440000)
  to   space 8576K,   0% used [0x00000000e4380000, 0x00000000e4380000, 0x00000000e4be0000)
 Tenured    total 172032K, used 166053K [0x00000000eaaa0000, 0x00000000f52a0000, 0x0000000100000000
Metaspace Usage History (20 events):
Event: 884.132 {metaspace Before GC invocations=28 (full 4):
 Metaspace       used 140576K, committed 142720K, reserved 1179648K
  class space    used 20756K, committed 21760K, reserved 1048576K
}
Event: 884.169 {metaspace After GC invocations=29 (full 4):
 Metaspace       used 140576K, committed 142720K, reserved 1179648K
  class space    used 20756K, committed 21760K, reserved 1048576K
}
Event: 2702.847 {metaspace Before GC invocations=29 (full 4):
 Metaspace       used 142695K, committed 145024K, reserved 1179648K
  class space    used 21042K, committed 22144K, reserved 1048576K
}
Event: 2702.862 {metaspace After GC invocations=30 (full 4):
 Metaspace       used 142695K, committed 145024K, reserved 1179648K
  class space    used 21042K, committed 22144K, reserved 1048576K
}
Event: 2703.408 {metaspace Before GC invocations=30 (full 4):
 Metaspace       used 145562K, committed 147904K, reserved 1179648K
  class space    used 21547K, committed 22656K, reserved 1048576K
}
Event: 2703.432 {metaspace After GC invocations=31 (full 4):
 Metaspace       used 145562K, committed 147904K, reserved 1179648K
  class space    used 21547K, committed 22656K, reserved 1048576K
}
Event: 2703.876 {metaspace Before GC invocations=31 (full 4):
 Metaspace       used 145608K, committed 147904K, reserved 1179648K
  class space    used 21551K, committed 22656K, reserved 1048576K
}
Event: 2703.896 {metaspace After GC invocations=32 (full 4):
 Metaspace       used 145608K, committed 147904K, reserved 1179648K
  class space    used 21551K, committed 22656K, reserved 1048576K
}
Event: 2704.821 {metaspace Before GC invocations=32 (full 4):
 Metaspace       used 148328K, committed 150592K, reserved 1179648K
  class space    used 21859K, committed 22912K, reserved 1048576K
}
Event: 2704.849 {metaspace After GC invocations=33 (full 4):
 Metaspace       used 148328K, committed 150592K, reserved 1179648K
  class space    used 21859K, committed 22912K, reserved 1048576K
}
Event: 2706.318 {metaspace Before GC invocations=33 (full 4):
 Metaspace       used 149341K, committed 151680K, reserved 1179648K
  class space    used 21961K, committed 23040K, reserved 1048576K
}
Event: 2706.334 {metaspace After GC invocations=34 (full 4):
 Metaspace       used 149341K, committed 151680K, reserved 1179648K
  class space    used 21961K, committed 23040K, reserved 1048576K
}
Event: 2707.869 {metaspace Before GC invocations=34 (full 4):
 Metaspace       used 151791K, committed 154112K, reserved 1179648K
  class space    used 22270K, committed 23360K, reserved 1048576K
}
Event: 2707.908 {metaspace After GC invocations=35 (full 4):
 Metaspace       used 151791K, committed 154112K, reserved 1179648K
  class space    used 22270K, committed 23360K, reserved 1048576K
}
Event: 2709.066 {metaspace Before GC invocations=35 (full 4):
 Metaspace       used 157501K, committed 159808K, reserved 1245184K
  class space    used 22860K, committed 23936K, reserved 1048576K
}
Event: 2709.091 {metaspace After GC invocations=36 (full 4):
 Metaspace       used 157501K, committed 159808K, reserved 1245184K
  class space    used 22860K, committed 23936K, reserved 1048576K
}
Event: 2710.347 {metaspace Before GC invocations=36 (full 4):
 Metaspace       used 160325K, committed 162624K, reserved 1245184K
  class space    used 23215K, committed 24320K, reserved 1048576K
}
Event: 2710.370 {metaspace After GC invocations=37 (full 4):
 Metaspace       used 160325K, committed 162624K, reserved 1245184K
  class space    used 23215K, committed 24320K, reserved 1048576K
}
Event: 2750.536 {metaspace Before GC invocations=37 (full 4):
 Metaspace       used 162062K, committed 164416K, reserved 1245184K
  class space    used 23472K, committed 24576K, reserved 1048576K
}
Event: 2750.607 {metaspace After GC invocations=38 (full 4):
 Metaspace       used 162062K, committed 164416K, reserved 1245184K
  class space    used 23472K, committed 24576K, reserved 1048576K
}

Dll operation events (3 events):
Event: 0.008 Loaded shared library C:\Program Files\Android\Android Studio\jbr\bin\java.dll
Event: 0.011 Loaded shared library C:\Program Files\Android\Android Studio\jbr\bin\zip.dll
Event: 0.390 Loaded shared library C:\Program Files\Android\Android Studio\jbr\bin\verify.dll

Deoptimization events (20 events):
Event: 2750.245 Thread 0x000002342ba6cba0 DEOPT PACKING pc=0x000002341bcb2c1c sp=0x000000e9dfaf8490
Event: 2750.245 Thread 0x000002342ba6cba0 DEOPT UNPACKING pc=0x000002341aea2a82 sp=0x000000e9dfaf8410 mode 2
Event: 2750.247 Thread 0x000002342ba6cba0 Uncommon trap: trap_request=0xffffffd6 fr.pc=0x000002341bcb2c1c relative=0x000000000000031c
Event: 2750.247 Thread 0x000002342ba6cba0 Uncommon trap: reason=array_check action=maybe_recompile pc=0x000002341bcb2c1c method=java.util.AbstractCollection.toArray([Ljava/lang/Object;)[Ljava/lang/Object; @ 116 c2
Event: 2750.247 Thread 0x000002342ba6cba0 DEOPT PACKING pc=0x000002341bcb2c1c sp=0x000000e9dfaf7b50
Event: 2750.247 Thread 0x000002342ba6cba0 DEOPT UNPACKING pc=0x000002341aea2a82 sp=0x000000e9dfaf7ad0 mode 2
Event: 2750.247 Thread 0x000002342ba6cba0 Uncommon trap: trap_request=0xffffffd6 fr.pc=0x000002341bcb2c1c relative=0x000000000000031c
Event: 2750.247 Thread 0x000002342ba6cba0 Uncommon trap: reason=array_check action=maybe_recompile pc=0x000002341bcb2c1c method=java.util.AbstractCollection.toArray([Ljava/lang/Object;)[Ljava/lang/Object; @ 116 c2
Event: 2750.247 Thread 0x000002342ba6cba0 DEOPT PACKING pc=0x000002341bcb2c1c sp=0x000000e9dfaf8670
Event: 2750.247 Thread 0x000002342ba6cba0 DEOPT UNPACKING pc=0x000002341aea2a82 sp=0x000000e9dfaf85f0 mode 2
Event: 2750.247 Thread 0x000002342ba6cba0 Uncommon trap: trap_request=0xffffffde fr.pc=0x000002341ba5665c relative=0x000000000000075c
Event: 2750.247 Thread 0x000002342ba6cba0 Uncommon trap: reason=class_check action=maybe_recompile pc=0x000002341ba5665c method=java.util.stream.FindOps$FindOp.evaluateSequential(Ljava/util/stream/PipelineHelper;Ljava/util/Spliterator;)Ljava/lang/Object; @ 14 c2
Event: 2750.247 Thread 0x000002342ba6cba0 DEOPT PACKING pc=0x000002341ba5665c sp=0x000000e9dfaf9990
Event: 2750.247 Thread 0x000002342ba6cba0 DEOPT UNPACKING pc=0x000002341aea2a82 sp=0x000000e9dfaf9940 mode 2
Event: 2750.253 Thread 0x000002342ba6cba0 Uncommon trap: trap_request=0xffffffd6 fr.pc=0x000002341bcb2c1c relative=0x000000000000031c
Event: 2750.253 Thread 0x000002342ba6cba0 Uncommon trap: reason=array_check action=maybe_recompile pc=0x000002341bcb2c1c method=java.util.AbstractCollection.toArray([Ljava/lang/Object;)[Ljava/lang/Object; @ 116 c2
Event: 2750.253 Thread 0x000002342ba6cba0 DEOPT PACKING pc=0x000002341bcb2c1c sp=0x000000e9dfaf9950
Event: 2750.253 Thread 0x000002342ba6cba0 DEOPT UNPACKING pc=0x000002341aea2a82 sp=0x000000e9dfaf98d0 mode 2
Event: 2750.861 Thread 0x000002342ba6cba0 DEOPT PACKING pc=0x0000023413f29e75 sp=0x000000e9dfaf5740
Event: 2750.861 Thread 0x000002342ba6cba0 DEOPT UNPACKING pc=0x000002341ade0fa2 sp=0x000000e9dfaf4c30 mode 0

Classes loaded (20 events):
Event: 2703.246 Loading class java/util/stream/Sink$ChainedInt
Event: 2703.246 Loading class java/util/stream/Sink$ChainedInt done
Event: 2703.246 Loading class java/util/stream/SortedOps$AbstractIntSortingSink done
Event: 2703.246 Loading class java/util/stream/SortedOps$SizedIntSortingSink done
Event: 2703.967 Loading class java/util/stream/IntPipeline$10
Event: 2703.967 Loading class java/util/stream/IntPipeline$10 done
Event: 2703.967 Loading class java/util/stream/ReduceOps$9
Event: 2703.967 Loading class java/util/stream/ReduceOps$9 done
Event: 2703.967 Loading class java/util/stream/ReduceOps$CountingSink$OfInt
Event: 2703.967 Loading class java/util/stream/ReduceOps$CountingSink$OfInt done
Event: 2703.967 Loading class java/util/stream/IntPipeline$10$1
Event: 2703.967 Loading class java/util/stream/IntPipeline$10$1 done
Event: 2704.240 Loading class java/lang/NegativeArraySizeException
Event: 2704.240 Loading class java/lang/NegativeArraySizeException done
Event: 2704.262 Loading class sun/reflect/generics/tree/CharSignature
Event: 2704.262 Loading class sun/reflect/generics/tree/CharSignature done
Event: 2704.301 Loading class java/security/PermissionsEnumerator
Event: 2704.301 Loading class java/security/PermissionsEnumerator done
Event: 2708.980 Loading class java/util/concurrent/locks/AbstractQueuedLongSynchronizer$Node
Event: 2708.984 Loading class java/util/concurrent/locks/AbstractQueuedLongSynchronizer$Node done

Classes unloaded (0 events):
No events

Classes redefined (0 events):
No events

Internal exceptions (20 events):
Event: 2750.974 Thread 0x000002342ba6cba0 Exception <a 'sun/nio/fs/WindowsException'{0x00000000e12a5b10}> (0x00000000e12a5b10) 
thrown [s\src\hotspot\share\prims\jni.cpp, line 535]
Event: 2750.974 Thread 0x000002342ba6cba0 Exception <a 'sun/nio/fs/WindowsException'{0x00000000e12a8520}> (0x00000000e12a8520) 
thrown [s\src\hotspot\share\prims\jni.cpp, line 535]
Event: 2750.974 Thread 0x000002342ba6cba0 Exception <a 'sun/nio/fs/WindowsException'{0x00000000e12aaef8}> (0x00000000e12aaef8) 
thrown [s\src\hotspot\share\prims\jni.cpp, line 535]
Event: 2750.974 Thread 0x000002342ba6cba0 Exception <a 'sun/nio/fs/WindowsException'{0x00000000e12ad428}> (0x00000000e12ad428) 
thrown [s\src\hotspot\share\prims\jni.cpp, line 535]
Event: 2750.977 Thread 0x000002342ba6cba0 Exception <a 'sun/nio/fs/WindowsException'{0x00000000e12bad70}> (0x00000000e12bad70) 
thrown [s\src\hotspot\share\prims\jni.cpp, line 535]
Event: 2750.978 Thread 0x000002342ba6cba0 Exception <a 'sun/nio/fs/WindowsException'{0x00000000e12c2508}> (0x00000000e12c2508) 
thrown [s\src\hotspot\share\prims\jni.cpp, line 535]
Event: 2750.992 Thread 0x000002342ba6cba0 Exception <a 'sun/nio/fs/WindowsException'{0x00000000e135bd20}> (0x00000000e135bd20) 
thrown [s\src\hotspot\share\prims\jni.cpp, line 535]
Event: 2750.992 Thread 0x000002342ba6cba0 Exception <a 'sun/nio/fs/WindowsException'{0x00000000e135e6c0}> (0x00000000e135e6c0) 
thrown [s\src\hotspot\share\prims\jni.cpp, line 535]
Event: 2750.993 Thread 0x000002342ba6cba0 Exception <a 'sun/nio/fs/WindowsException'{0x00000000e1360bd8}> (0x00000000e1360bd8) 
thrown [s\src\hotspot\share\prims\jni.cpp, line 535]
Event: 2751.036 Thread 0x000002342ba6cba0 Exception <a 'sun/nio/fs/WindowsException'{0x00000000e152c0b8}> (0x00000000e152c0b8) 
thrown [s\src\hotspot\share\prims\jni.cpp, line 535]
Event: 2751.037 Thread 0x000002342ba6cba0 Exception <a 'sun/nio/fs/WindowsException'{0x00000000e152ea58}> (0x00000000e152ea58) 
thrown [s\src\hotspot\share\prims\jni.cpp, line 535]
Event: 2751.037 Thread 0x000002342ba6cba0 Exception <a 'sun/nio/fs/WindowsException'{0x00000000e1530fd0}> (0x00000000e1530fd0) 
thrown [s\src\hotspot\share\prims\jni.cpp, line 535]
Event: 2751.173 Thread 0x000002342ba6cba0 Exception <a 'sun/nio/fs/WindowsException'{0x00000000e1806560}> (0x00000000e1806560) 
thrown [s\src\hotspot\share\prims\jni.cpp, line 535]
Event: 2751.173 Thread 0x000002342ba6cba0 Exception <a 'sun/nio/fs/WindowsException'{0x00000000e180d940}> (0x00000000e180d940) 
thrown [s\src\hotspot\share\prims\jni.cpp, line 535]
Event: 2751.174 Thread 0x000002342ba6cba0 Exception <a 'sun/nio/fs/WindowsException'{0x00000000e1814698}> (0x00000000e1814698) 
thrown [s\src\hotspot\share\prims\jni.cpp, line 535]
Event: 2751.177 Thread 0x000002342ba6cba0 Exception <a 'sun/nio/fs/WindowsException'{0x00000000e181d188}> (0x00000000e181d188) 
thrown [s\src\hotspot\share\prims\jni.cpp, line 535]
Event: 2751.177 Thread 0x000002342ba6cba0 Exception <a 'sun/nio/fs/WindowsException'{0x00000000e1824900}> (0x00000000e1824900) 
thrown [s\src\hotspot\share\prims\jni.cpp, line 535]
Event: 2751.178 Thread 0x000002342ba6cba0 Exception <a 'sun/nio/fs/WindowsException'{0x00000000e182bb00}> (0x00000000e182bb00) 
thrown [s\src\hotspot\share\prims\jni.cpp, line 535]
Event: 2751.323 Thread 0x00000234274ae730 Exception <a 'sun/nio/fs/WindowsException'{0x00000000e1ce9750}> (0x00000000e1ce9750) 
thrown [s\src\hotspot\share\prims\jni.cpp, line 535]
Event: 2751.325 Thread 0x00000234274ae730 Exception <a 'sun/nio/fs/WindowsException'{0x00000000e1cf4938}> (0x00000000e1cf4938) 
thrown [s\src\hotspot\share\prims\jni.cpp, line 535]

VM Operations (20 events):
Event: 2704.353 Executing non-safepoint VM operation: HandshakeAllThreads (Deoptimize)
Event: 2704.353 Executing non-safepoint VM operation: HandshakeAllThreads (Deoptimize) done
Event: 2704.821 Executing safepoint VM operation: SerialCollectForAllocation (Allocation Failure)
Event: 2704.850 Executing safepoint VM operation: SerialCollectForAllocation (Allocation Failure) done
Event: 2705.772 Executing non-safepoint VM operation: HandshakeAllThreads (Deoptimize)
Event: 2705.772 Executing non-safepoint VM operation: HandshakeAllThreads (Deoptimize) done
Event: 2706.318 Executing safepoint VM operation: SerialCollectForAllocation (Allocation Failure)
Event: 2706.334 Executing safepoint VM operation: SerialCollectForAllocation (Allocation Failure) done
Event: 2706.912 Executing non-safepoint VM operation: HandshakeAllThreads (HandshakeForDeflation)
Event: 2706.912 Executing non-safepoint VM operation: HandshakeAllThreads (HandshakeForDeflation) done
Event: 2706.914 Executing non-safepoint VM operation: RendezvousGCThreads
Event: 2706.914 Executing non-safepoint VM operation: RendezvousGCThreads done
Event: 2707.869 Executing safepoint VM operation: SerialCollectForAllocation (Allocation Failure)
Event: 2707.908 Executing safepoint VM operation: SerialCollectForAllocation (Allocation Failure) done
Event: 2709.066 Executing safepoint VM operation: SerialCollectForAllocation (Allocation Failure)
Event: 2709.091 Executing safepoint VM operation: SerialCollectForAllocation (Allocation Failure) done
Event: 2710.347 Executing safepoint VM operation: SerialCollectForAllocation (Allocation Failure)
Event: 2710.371 Executing safepoint VM operation: SerialCollectForAllocation (Allocation Failure) done
Event: 2750.535 Executing safepoint VM operation: SerialCollectForAllocation (Allocation Failure)
Event: 2750.607 Executing safepoint VM operation: SerialCollectForAllocation (Allocation Failure) done

Memory protections (0 events):
No events

Nmethod flushes (20 events):
Event: 13.342 Thread 0x000002341040dab0 flushing  nmethod 0x0000023413ed3d88
Event: 13.342 Thread 0x000002341040dab0 flushing  nmethod 0x0000023413ed4208
Event: 13.342 Thread 0x000002341040dab0 flushing  nmethod 0x0000023413eebb88
Event: 13.342 Thread 0x000002341040dab0 flushing  nmethod 0x0000023413f03e08
Event: 13.342 Thread 0x000002341040dab0 flushing  nmethod 0x0000023413f06708
Event: 13.342 Thread 0x000002341040dab0 flushing  nmethod 0x0000023413f08408
Event: 13.342 Thread 0x000002341040dab0 flushing  nmethod 0x0000023413f21888
Event: 13.342 Thread 0x000002341040dab0 flushing  nmethod 0x0000023413f27888
Event: 13.342 Thread 0x000002341040dab0 flushing  nmethod 0x0000023413f4ae08
Event: 13.342 Thread 0x000002341040dab0 flushing  nmethod 0x0000023413f4b608
Event: 13.342 Thread 0x000002341040dab0 flushing  nmethod 0x0000023413f6bd08
Event: 13.342 Thread 0x000002341040dab0 flushing  nmethod 0x0000023413fb3608
Event: 13.342 Thread 0x000002341040dab0 flushing  nmethod 0x0000023413fbc088
Event: 13.342 Thread 0x000002341040dab0 flushing  nmethod 0x0000023413fbd388
Event: 13.342 Thread 0x000002341040dab0 flushing  nmethod 0x0000023413fc5e88
Event: 13.342 Thread 0x000002341040dab0 flushing  nmethod 0x0000023413fd4d88
Event: 13.342 Thread 0x000002341040dab0 flushing  nmethod 0x0000023413ffd188
Event: 13.342 Thread 0x000002341040dab0 flushing  nmethod 0x0000023413fff388
Event: 13.342 Thread 0x000002341040dab0 flushing  nmethod 0x000002341400a888
Event: 13.342 Thread 0x000002341040dab0 flushing  nmethod 0x00000234140aab08

Events (20 events):
Event: 2749.748 Thread 0x000002342ba6cba0 Thread added: 0x000002342a82fe00
Event: 2749.749 Thread 0x000002342ba6cba0 Thread added: 0x000002342a832ce0
Event: 2749.749 Thread 0x000002342ba6cba0 Thread added: 0x000002342a834450
Event: 2749.762 Thread 0x000002342ba6cba0 Thread added: 0x000002342a830da0
Event: 2749.765 Thread 0x000002342ba6cba0 Thread added: 0x000002342a8382d0
Event: 2749.940 Thread 0x000002342ba6cba0 Thread added: 0x000002342a836b60
Event: 2749.946 Thread 0x000002342ba6cba0 Thread added: 0x000002342a838aa0
Event: 2749.948 Thread 0x000002342ba6cba0 Thread added: 0x000002342a839270
Event: 2750.002 Thread 0x0000023410177f50 Thread added: 0x000002342b2cec80
Event: 2750.003 Thread 0x000002342ba6cba0 Thread added: 0x000002342a836390
Event: 2750.003 Thread 0x000002342ba6cba0 Thread added: 0x000002342a83b1b0
Event: 2750.041 Thread 0x000002342ba6cba0 Thread added: 0x000002342b9088a0
Event: 2750.041 Thread 0x000002342ba6cba0 Thread added: 0x000002342b907130
Event: 2750.042 Thread 0x000002342ba6cba0 Thread added: 0x000002342b907900
Event: 2750.042 Thread 0x000002342ba6cba0 Thread added: 0x000002342b9059c0
Event: 2750.042 Thread 0x000002342ba6cba0 Thread added: 0x000002342b906960
Event: 2750.043 Thread 0x000002342ba6cba0 Thread added: 0x000002342b90bf50
Event: 2750.481 Thread 0x0000023410177f50 Thread added: 0x000002342da46e80
Event: 2750.760 Thread 0x000002342ba6cba0 Thread added: 0x000002342ba694f0
Event: 2751.111 Thread 0x000002342da46e80 Thread exited: 0x000002342da46e80


Dynamic libraries:
0x00007ff766660000 - 0x00007ff76666a000 	C:\Program Files\Android\Android Studio\jbr\bin\java.exe
0x00007ff86fa40000 - 0x00007ff86fca6000 	C:\WINDOWS\SYSTEM32\ntdll.dll
0x00007ff86d890000 - 0x00007ff86d959000 	C:\WINDOWS\System32\KERNEL32.DLL
0x00007ff86cc50000 - 0x00007ff86d04f000 	C:\WINDOWS\System32\KERNELBASE.dll
0x00007ff86d1a0000 - 0x00007ff86d2ec000 	C:\WINDOWS\System32\ucrtbase.dll
0x00007fffd06d0000 - 0x00007fffd06e6000 	C:\Program Files\Android\Android Studio\jbr\bin\jli.dll
0x00007ff849050000 - 0x00007ff84906b000 	C:\Program Files\Android\Android Studio\jbr\bin\VCRUNTIME140.dll
0x00007ff86f830000 - 0x00007ff86f9f6000 	C:\WINDOWS\System32\USER32.dll
0x00007ff84f1e0000 - 0x00007ff84f471000 	C:\WINDOWS\WinSxS\amd64_microsoft.windows.common-controls_6595b64144ccf1df_6.0.26100.8972_none_3e0da176e32f9d4b\COMCTL32.dll
0x00007ff86d300000 - 0x00007ff86d327000 	C:\WINDOWS\System32\win32u.dll
0x00007ff86f780000 - 0x00007ff86f829000 	C:\WINDOWS\System32\msvcrt.dll
0x00007ff86daa0000 - 0x00007ff86dacb000 	C:\WINDOWS\System32\GDI32.dll
0x00007ff86d330000 - 0x00007ff86d459000 	C:\WINDOWS\System32\gdi32full.dll
0x00007ff86d0f0000 - 0x00007ff86d193000 	C:\WINDOWS\System32\msvcp_win.dll
0x00007ff86da60000 - 0x00007ff86da92000 	C:\WINDOWS\System32\IMM32.DLL
0x00007ff851410000 - 0x00007ff85141c000 	C:\Program Files\Android\Android Studio\jbr\bin\vcruntime140_1.dll
0x00007fffd0180000 - 0x00007fffd020d000 	C:\Program Files\Android\Android Studio\jbr\bin\msvcp140.dll
0x00007fffce5c0000 - 0x00007fffcf49a000 	C:\Program Files\Android\Android Studio\jbr\bin\server\jvm.dll
0x00007ff86df00000 - 0x00007ff86dfbc000 	C:\WINDOWS\System32\ADVAPI32.dll
0x00007ff86f520000 - 0x00007ff86f5ca000 	C:\WINDOWS\System32\sechost.dll
0x00007ff86e530000 - 0x00007ff86e648000 	C:\WINDOWS\System32\RPCRT4.dll
0x00007ff86e6e0000 - 0x00007ff86e762000 	C:\WINDOWS\System32\WS2_32.dll
0x00007ff86c480000 - 0x00007ff86c4de000 	C:\WINDOWS\SYSTEM32\POWRPROF.dll
0x00007ff861790000 - 0x00007ff86179b000 	C:\WINDOWS\SYSTEM32\VERSION.dll
0x00007ff85f580000 - 0x00007ff85f5b6000 	C:\WINDOWS\SYSTEM32\WINMM.dll
0x00007ff86c460000 - 0x00007ff86c475000 	C:\WINDOWS\SYSTEM32\UMPDC.dll
0x00007ff86b900000 - 0x00007ff86b91b000 	C:\WINDOWS\SYSTEM32\kernel.appcore.dll
0x00007ff849040000 - 0x00007ff84904a000 	C:\Program Files\Android\Android Studio\jbr\bin\jimage.dll
0x00007ff86a190000 - 0x00007ff86a3d2000 	C:\WINDOWS\SYSTEM32\DBGHELP.DLL
0x00007ff86dae0000 - 0x00007ff86de65000 	C:\WINDOWS\System32\combase.dll
0x00007ff86e790000 - 0x00007ff86e869000 	C:\WINDOWS\System32\OLEAUT32.dll
0x00007ff844ab0000 - 0x00007ff844aeb000 	C:\WINDOWS\SYSTEM32\dbgcore.DLL
0x00007ff86d5f0000 - 0x00007ff86d69c000 	C:\WINDOWS\System32\bcryptPrimitives.dll
0x00007ff81ee90000 - 0x00007ff81ee9e000 	C:\Program Files\Android\Android Studio\jbr\bin\instrument.dll
0x00007ff816af0000 - 0x00007ff816b0f000 	C:\Program Files\Android\Android Studio\jbr\bin\java.dll
0x00007ff86f5d0000 - 0x00007ff86f769000 	C:\WINDOWS\System32\ole32.dll
0x00007ff86e9e0000 - 0x00007ff86f168000 	C:\WINDOWS\System32\SHELL32.dll
0x00007ff816ad0000 - 0x00007ff816ae7000 	C:\Program Files\Android\Android Studio\jbr\bin\zip.dll
0x00007ff86a6c0000 - 0x00007ff86af5b000 	C:\WINDOWS\SYSTEM32\windows.storage.dll
0x00007ff86d770000 - 0x00007ff86d869000 	C:\WINDOWS\System32\SHCORE.dll
0x00007ff86e030000 - 0x00007ff86e096000 	C:\WINDOWS\System32\shlwapi.dll
0x00007ff86cb70000 - 0x00007ff86cb99000 	C:\WINDOWS\SYSTEM32\profapi.dll
0x00007ff8388e0000 - 0x00007ff8388f0000 	C:\Program Files\Android\Android Studio\jbr\bin\net.dll
0x00007ff86be90000 - 0x00007ff86befc000 	C:\WINDOWS\system32\mswsock.dll
0x00007ff807c10000 - 0x00007ff807c26000 	C:\Program Files\Android\Android Studio\jbr\bin\nio.dll
0x00007ff869440000 - 0x00007ff869450000 	C:\Program Files\Android\Android Studio\jbr\bin\verify.dll
0x00007ff805b30000 - 0x00007ff805b57000 	D:\gradle\native\660c5614fbf4a5f2a75b1949f50a0caf5cd603558e7d8a26e50b933a0cfb79d1\windows-amd64\native-platform.dll
0x00007fffd0460000 - 0x00007fffd04d7000 	D:\gradle\native\0.2.8\x86_64-windows-gnu\gradle-fileevents.dll
0x00007ff80c5a0000 - 0x00007ff80c5a9000 	C:\Program Files\Android\Android Studio\jbr\bin\management.dll
0x00007ff807c00000 - 0x00007ff807c0b000 	C:\Program Files\Android\Android Studio\jbr\bin\management_ext.dll
0x00007ff86f770000 - 0x00007ff86f778000 	C:\WINDOWS\System32\PSAPI.DLL
0x00007ff86b400000 - 0x00007ff86b433000 	C:\WINDOWS\SYSTEM32\IPHLPAPI.DLL
0x00007ff86f510000 - 0x00007ff86f51a000 	C:\WINDOWS\System32\NSI.dll
0x00007ff80ed30000 - 0x00007ff80ed39000 	C:\Program Files\Android\Android Studio\jbr\bin\extnet.dll
0x00007ff86c2b0000 - 0x00007ff86c2cb000 	C:\WINDOWS\SYSTEM32\CRYPTSP.dll
0x00007ff86b860000 - 0x00007ff86b899000 	C:\WINDOWS\system32\rsaenh.dll
0x00007ff86bf40000 - 0x00007ff86bf72000 	C:\WINDOWS\SYSTEM32\USERENV.dll
0x00007ff86cb40000 - 0x00007ff86cb6a000 	C:\WINDOWS\SYSTEM32\bcrypt.dll
0x00007ff86c0f0000 - 0x00007ff86c0fc000 	C:\WINDOWS\SYSTEM32\CRYPTBASE.dll
0x00007ff826d90000 - 0x00007ff826d98000 	C:\WINDOWS\system32\wshunix.dll
0x00007ff86b440000 - 0x00007ff86b598000 	C:\WINDOWS\SYSTEM32\DNSAPI.dll
0x00007ff86bcb0000 - 0x00007ff86bcbd000 	C:\WINDOWS\SYSTEM32\DSPARSE.dll
0x00007ff862950000 - 0x00007ff86295b000 	C:\Windows\System32\rasadhlp.dll
0x00007ff8681e0000 - 0x00007ff868266000 	C:\WINDOWS\System32\fwpuclnt.dll
0x00007ff826470000 - 0x00007ff826488000 	C:\WINDOWS\system32\napinsp.dll
0x00007ff823d30000 - 0x00007ff823d43000 	C:\WINDOWS\System32\winrnr.dll
0x00007ff823d00000 - 0x00007ff823d22000 	C:\WINDOWS\system32\nlansp_c.dll
0x00007ff861ad0000 - 0x00007ff861ae6000 	C:\WINDOWS\system32\wshbth.dll

JVMTI agents:
D:\gradle\wrapper\dists\gradle-9.5.0-bin\bvnork1r7n8i6kp5cnkibsc9q\gradle-9.5.0\lib\agents\gradle-instrumentation-agent-9.5.0.jar path:C:\Program Files\Android\Android Studio\jbr\bin\instrument.dll, loaded, initialized, instrumentlib options:none

dbghelp: loaded successfully - version: 4.0.5 - missing functions: none
symbol engine: initialized successfully - sym options: 0x614 - pdb path: .;C:\Program Files\Android\Android Studio\jbr\bin;C:\WINDOWS\SYSTEM32;C:\WINDOWS\WinSxS\amd64_microsoft.windows.common-controls_6595b64144ccf1df_6.0.26100.8972_none_3e0da176e32f9d4b;C:\Program Files\Android\Android Studio\jbr\bin\server;D:\gradle\native\660c5614fbf4a5f2a75b1949f50a0caf5cd603558e7d8a26e50b933a0cfb79d1\windows-amd64;D:\gradle\native\0.2.8\x86_64-windows-gnu

VM Arguments:
jvm_args: --add-opens=java.base/java.lang=ALL-UNNAMED --add-opens=java.base/java.lang.invoke=ALL-UNNAMED --add-opens=java.base/java.util=ALL-UNNAMED --add-opens=java.prefs/java.util.prefs=ALL-UNNAMED --add-exports=jdk.compiler/com.sun.tools.javac.api=ALL-UNNAMED --add-exports=jdk.compiler/com.sun.tools.javac.util=ALL-UNNAMED --add-opens=java.base/java.nio.charset=ALL-UNNAMED --add-opens=java.base/java.net=ALL-UNNAMED --add-opens=java.base/java.util.concurrent=ALL-UNNAMED --add-opens=java.base/java.util.concurrent.atomic=ALL-UNNAMED --add-opens=java.xml/javax.xml.namespace=ALL-UNNAMED --add-opens=java.base/java.time=ALL-UNNAMED --enable-native-access=ALL-UNNAMED -XX:+UseSerialGC -Xmx512m -Dfile.encoding=UTF-8 -Duser.country=RU -Duser.language=ru -Duser.variant -javaagent:D:\gradle\wrapper\dists\gradle-9.5.0-bin\bvnork1r7n8i6kp5cnkibsc9q\gradle-9.5.0\lib\agents\gradle-instrumentation-agent-9.5.0.jar 
java_command: org.gradle.launcher.daemon.bootstrap.GradleDaemon 9.5.0
java_class_path (initial): D:\gradle\wrapper\dists\gradle-9.5.0-bin\bvnork1r7n8i6kp5cnkibsc9q\gradle-9.5.0\lib\gradle-daemon-main-9.5.0.jar
Launcher Type: SUN_STANDARD

[Global flags]
     intx CICompilerCount                          = 4                                         {product} {ergonomic}
   size_t InitialHeapSize                          = 264241152                                 {product} {ergonomic}
   size_t MaxHeapSize                              = 536870912                                 {product} {command line}
   size_t MaxNewSize                               = 178913280                                 {product} {ergonomic}
   size_t MinHeapDeltaBytes                        = 196608                                    {product} {ergonomic}
   size_t MinHeapSize                              = 8388608                                   {product} {ergonomic}
   size_t NewSize                                  = 88080384                                  {product} {ergonomic}
    uintx NonNMethodCodeHeapSize                   = 5832704                                {pd product} {ergonomic}
    uintx NonProfiledCodeHeapSize                  = 122945536                              {pd product} {ergonomic}
    uintx ProfiledCodeHeapSize                     = 122880000                              {pd product} {ergonomic}
    uintx ReservedCodeCacheSize                    = 251658240                              {pd product} {ergonomic}
     bool SegmentedCodeCache                       = true                                      {product} {ergonomic}
   size_t SoftMaxHeapSize                          = 536870912                              {manageable} {ergonomic}
     bool UseCompressedOops                        = true                           {product lp64_product} {ergonomic}
     bool UseLargePagesIndividualAllocation        = false                                  {pd product} {ergonomic}
     bool UseSerialGC                              = true                                      {product} {command line}

Logging:
Log output configuration:
 #0: stdout all=warning uptime,level,tags foldmultilines=false
 #1: stderr all=off uptime,level,tags foldmultilines=false

Release file:
JAVA_VERSION="25.0.2" 
MODULES="java.base java.compiler java.datatransfer java.xml java.prefs java.desktop java.instrument java.logging java.management java.security.sasl java.naming java.rmi java.management.rmi java.net.http java.scripting java.security.jgss java.transaction.xa java.sql java.sql.rowset java.xml.crypto java.se java.smartcardio jdk.accessibility jdk.internal.jvmstat jdk.attach jdk.charsets jdk.internal.opt jdk.zipfs jdk.compiler jdk.crypto.cryptoki jdk.crypto.ec jdk.dynalink jdk.hotspot.agent jdk.httpserver jdk.internal.ed jdk.internal.le jdk.internal.md jdk.internal.vm.ci jdk.jartool jdk.javadoc jdk.jcmd jdk.jdeps jdk.jdwp.agent jdk.jdi jdk.jfr jdk.jlink jdk.localedata jdk.management jdk.management.agent jdk.management.jfr jdk.naming.dns jdk.naming.rmi jdk.net jdk.sctp jdk.security.auth jdk.security.jgss jdk.unsupported jdk.unsupported.desktop jdk.xml.dom" 
IMPLEMENTOR="JetBrains s.r.o." 
JAVA_RUNTIME_VERSION="25.0.2+-15348964-b329.117" 
LIBC="default" 
OS_ARCH="x86_64" 
OS_NAME="Windows" 
SOURCE=".:git:3cf398e84a39" 

Environment Variables:
PATH=C:\Program Files\Eclipse Adoptium\jdk-17.0.20.8-hotspot\bin;C:\Program Files\Eclipse Adoptium\jdk-25.0.4.7-hotspot\bin;c:\cursor\resources\app\bin;C:\Python313\Scripts\;C:\Python313\;C:\Program Files (x86)\Embarcadero\Studio\23.0\bin;C:\Users\Public\Documents\Embarcadero\Studio\23.0\Bpl;C:\Program Files (x86)\Embarcadero\Studio\23.0\bin64;C:\Users\Public\Documents\Embarcadero\Studio\23.0\Bpl\Win64;C:\Windows\system32;C:\Windows;C:\Windows\System32\Wbem;C:\Windows\System32\WindowsPowerShell\v1.0\;C:\Windows\System32\OpenSSH\;C:\Program Files\dotnet\;c:\Program Files (x86)\Microsoft SQL Server\100\Tools\Binn\;c:\Program Files (x86)\Microsoft SQL Server\100\DTS\Binn\;c:\Program Files (x86)\Microsoft SQL Server\100\Tools\Binn\VSShell\Common7\IDE\;C:\Program Files (x86)\NVIDIA Corporation\PhysX\Common;C:\Program Files\NVIDIA Corporation\NVIDIA app\NvDLISR;C:\WINDOWS\system32;C:\WINDOWS;C:\WINDOWS\System32\Wbem;C:\WINDOWS\System32\WindowsPowerShell\v1.0\;C:\WINDOWS\System32\OpenSSH\;C:\Program Files (x86)\Windows Kits\10\Windows Performance Toolkit\;C:\Program Files\nodejs\;C:\ProgramData\chocolatey\bin;C:\;C:\Program Files\Git\cmd;C:\Program Files (x86)\NoteBook FanControl\;C:\Users\sdenm\AppData\Local\Programs\Python\Python314\Scripts\;C:\Users\sdenm\AppData\Local\Programs\Python\Python314\;C:\Python\Scripts\;C:\Python\;C:\Users\sdenm\AppData\Local\Programs\Python\Python312\Scripts\;C:\Users\sdenm\AppData\Local\Programs\Python\Python312\;C:\Users\sdenm\AppData\Local\Microsoft\WindowsApps;C:\Users\sdenm\AppData\Local\Programs\Microsoft VS Code\bin;C:\Users\sdenm\AppData\Local\GitHubDesktop\bin;C:\Users\sdenm\AppData\Roaming\npm;C:\cursor\resources\app\bin;C:\Users\sdenm\.dotnet\tools
USERNAME=sdenm
OS=Windows_NT
PROCESSOR_IDENTIFIER=Intel64 Family 6 Model 140 Stepping 1, GenuineIntel
TMP=C:\Users\sdenm\AppData\Local\Temp
TEMP=C:\Users\sdenm\AppData\Local\Temp




Compilation memory statistics disabled.

Periodic native trim disabled

JNI global refs:
JNI global refs: 23, weak refs: 0

JNI global refs memory usage: 835, weak refs: 201

Process memory usage:
Resident Set Size: 477776K (2% of 16459644K total physical memory with 4658396K free physical memory)

OOME stack traces (most recent first):
Classloader memory used:
Loader org.gradle.internal.classloader.VisitableURLClassLoader                         : 61074 K
Loader org.gradle.internal.classloader.VisitableURLClassLoader$InstrumentingVisitableURLClassLoader: 34655 K
Loader bootstrap                                                                       : 34160 K
Loader org.gradle.internal.classloader.VisitableURLClassLoader                         : 18173 K
Loader org.gradle.initialization.MixInLegacyTypesClassLoader                           : 13943 K
Loader jdk.internal.loader.ClassLoaders$PlatformClassLoader                            : 422 K
Loader org.gradle.groovy.scripts.internal.DefaultScriptCompilationHandler$ScriptClassLoader: 223 K
Loader jdk.internal.loader.ClassLoaders$AppClassLoader                                 : 185 K
Loader groovy.lang.GroovyClassLoader$InnerLoader                                       : 51744 B

Classes loaded by more than one classloader:
Class com.google.common.collect.Iterators$MergingIterator                             : loaded 7 times (x 83B)
Class com.google.common.collect.UnmodifiableListIterator                              : loaded 7 times (x 97B)
Class com.google.common.collect.Iterators$ArrayItr                                    : loaded 7 times (x 99B)
Class com.google.common.collect.PeekingIterator                                       : loaded 7 times (x 72B)
Class com.google.common.collect.UnmodifiableIterator                                  : loaded 7 times (x 82B)
Class com.google.common.base.Preconditions                                            : loaded 7 times (x 73B)
Class com.google.common.collect.Iterators                                             : loaded 7 times (x 73B)
Class com.google.common.collect.Lists$StringAsImmutableList                           : loaded 7 times (x 209B)
Class com.google.common.collect.AbstractIterator                                      : loaded 7 times (x 84B)
Class com.google.common.collect.AbstractIndexedListIterator                           : loaded 7 times (x 98B)
Class com.google.common.collect.ImmutableList                                         : loaded 7 times (x 208B)
Class com.google.common.collect.Iterators$1                                           : loaded 7 times (x 83B)
Class com.google.common.collect.Iterators$4                                           : loaded 7 times (x 84B)
Class com.google.common.collect.Iterators$5                                           : loaded 7 times (x 84B)
Class com.google.common.collect.ImmutableCollection                                   : loaded 7 times (x 127B)
Class com.google.common.collect.Lists                                                 : loaded 7 times (x 73B)
Class com.google.common.collect.Iterators$9                                           : loaded 7 times (x 83B)
Class gnu.trove.TObjectHash$NULL                                                      : loaded 6 times (x 73B)
Class org.jetbrains.plugins.gradle.tooling.serialization.internal.IdeaProjectSerializationService$WriteContext$3: loaded 6 times (x 85B)
Class com.intellij.gradle.toolingExtension.impl.model.sourceSetModel.GradleSourceSetSerialisationService$Companion: loaded 6 times (x 73B)
Class org.jetbrains.plugins.gradle.tooling.util.IntObjectMap$1                        : loaded 6 times (x 79B)
Class org.jetbrains.plugins.gradle.tooling.serialization.internal.IdeaProjectSerializationService$WriteContext$4: loaded 6 times (x 85B)
Class org.jetbrains.plugins.gradle.tooling.serialization.internal.IdeaProjectSerializationService$WriteContext$2: loaded 6 times (x 85B)
Class com.intellij.gradle.toolingExtension.impl.model.sourceSetDependencyModel.GradleSourceSetDependencySerialisationService$Companion: loaded 6 times (x 73B)
Class org.jetbrains.plugins.gradle.model.ExternalProject                              : loaded 6 times (x 72B)
Class org.jetbrains.plugins.gradle.tooling.serialization.internal.IdeaProjectSerializationService$WriteContext$1: loaded 6 times (x 85B)
Class org.jetbrains.plugins.gradle.model.GradleBuildScriptClasspathModel              : loaded 6 times (x 72B)
Class com.intellij.gradle.toolingExtension.impl.model.taskModel.GradleTaskSerialisationService: loaded 6 times (x 78B)
Class org.jetbrains.plugins.gradle.tooling.serialization.internal.IdeaProjectSerializationService$WriteContext$5: loaded 6 times (x 85B)
Class com.intellij.gradle.toolingExtension.impl.model.dependencyModel.DependencyReadContext: loaded 6 times (x 74B)
Class com.intellij.gradle.toolingExtension.impl.model.sourceSetDependencyModel.GradleSourceSetDependencySerialisationService$SourceSetDependencyModelReadContext: loaded 6 times (x 74B)
Class com.intellij.gradle.toolingExtension.impl.model.sourceSetDependencyModel.GradleSourceSetDependencySerialisationService$SourceSetDependencyModelWriteContext: loaded 6 times (x 74B)
Class com.intellij.util.containers.IntObjectHashMap                                   : loaded 6 times (x 74B)
Class org.jetbrains.plugins.gradle.tooling.serialization.ExternalTestsSerializationService$ReadContext: loaded 6 times (x 74B)
Class org.jetbrains.plugins.gradle.tooling.serialization.internal.IdeaProjectSerializationService$WriteContext$6: loaded 6 times (x 85B)
Class org.jetbrains.plugins.gradle.tooling.serialization.ExternalTestsSerializationService$WriteContext: loaded 6 times (x 74B)
Class org.jetbrains.plugins.gradle.tooling.serialization.internal.IdeaProjectSerializationService$WriteContext: loaded 6 times (x 74B)
Class com.intellij.gradle.toolingExtension.impl.model.sourceSetDependencyModel.GradleSourceSetDependencySerialisationService: loaded 6 times (x 79B)
Class org.jetbrains.plugins.gradle.tooling.util.IntObjectMap$ObjectFactory            : loaded 6 times (x 72B)
Class org.jetbrains.plugins.gradle.model.GradleSourceSetModel                         : loaded 6 times (x 72B)
Class org.jetbrains.plugins.gradle.tooling.util.IntObjectMap                          : loaded 6 times (x 75B)
Class org.jetbrains.plugins.gradle.tooling.serialization.RepositoriesModelSerializationService$ReadContext: loaded 6 times (x 74B)
Class gnu.trove.TObjectHash                                                           : loaded 6 times (x 96B)
Class org.jetbrains.plugins.gradle.tooling.util.ObjectCollector$Processor             : loaded 6 times (x 72B)
Class org.jetbrains.plugins.gradle.tooling.serialization.RepositoriesModelSerializationService: loaded 6 times (x 84B)
Class org.jetbrains.plugins.gradle.model.AnnotationProcessingConfig                   : loaded 6 times (x 72B)
Class gnu.trove.Equality                                                              : loaded 6 times (x 72B)
Class org.jetbrains.plugins.gradle.tooling.serialization.RepositoriesModelSerializationService$WriteContext: loaded 6 times (x 74B)
Class com.intellij.openapi.externalSystem.model.project.dependencies.ProjectDependencies: loaded 6 times (x 72B)
Class org.jetbrains.plugins.gradle.tooling.util.ObjectCollector                       : loaded 6 times (x 74B)
Class org.jetbrains.plugins.gradle.model.GradleTaskModel                              : loaded 6 times (x 72B)
Class gnu.trove.TObjectHashingStrategy                                                : loaded 6 times (x 72B)
Class org.jetbrains.plugins.gradle.model.GradleSourceSetDependencyModel               : loaded 6 times (x 72B)
Class com.intellij.gradle.toolingExtension.impl.model.sourceSetModel.GradleSourceSetSerialisationService: loaded 6 times (x 79B)
Class org.jetbrains.plugins.gradle.model.RepositoryModels                             : loaded 6 times (x 72B)
Class org.jetbrains.plugins.gradle.tooling.serialization.GradleExtensionsSerializationService$ReadContext: loaded 6 times (x 74B)
Class org.jetbrains.plugins.gradle.model.GradleProperty                               : loaded 6 times (x 72B)
Class gnu.trove.TObjectCanonicalHashingStrategy                                       : loaded 6 times (x 80B)
Class com.intellij.gradle.toolingExtension.impl.model.buildScriptClasspathModel.GradleBuildScriptClasspathSerializationService$WriteContext: loaded 6 times (x 74B)
Class org.jetbrains.plugins.gradle.model.AnnotationProcessingModel                    : loaded 6 times (x 72B)
Class org.jetbrains.plugins.gradle.model.GradleExtensions                             : loaded 6 times (x 72B)
Class gnu.trove.THash                                                                 : loaded 6 times (x 83B)
Class com.intellij.gradle.toolingExtension.impl.model.projectModel.GradleExternalProjectSerializationService$ReadContext: loaded 6 times (x 75B)
Class org.jetbrains.plugins.gradle.tooling.serialization.internal.IdeaProjectSerializationService$WriteContext$7: loaded 6 times (x 85B)
Class com.intellij.gradle.toolingExtension.impl.model.dependencyModel.DependencyWriteContext: loaded 6 times (x 74B)
Class org.jetbrains.plugins.gradle.tooling.serialization.internal.IdeaProjectSerializationService$WriteContext$8: loaded 6 times (x 85B)
Class org.jetbrains.plugins.gradle.model.tests.ExternalTestsModel                     : loaded 6 times (x 72B)
Class com.google.common.collect.Iterators$SingletonIterator                           : loaded 6 times (x 83B)
Class com.intellij.gradle.toolingExtension.util.GradleVersionUtil                     : loaded 6 times (x 73B)
Class com.intellij.gradle.toolingExtension.impl.model.projectModel.GradleExternalProjectSerializationService: loaded 6 times (x 79B)
Class gnu.trove.TObjectIntProcedure                                                   : loaded 6 times (x 72B)
Class com.intellij.gradle.toolingExtension.impl.model.utilDummyModel.DummyModel       : loaded 6 times (x 72B)
Class org.jetbrains.plugins.gradle.tooling.serialization.ExternalTestsSerializationService: loaded 6 times (x 79B)
Class org.jetbrains.plugins.gradle.tooling.serialization.SerializationService         : loaded 6 times (x 72B)
Class org.jetbrains.plugins.gradle.tooling.serialization.AnnotationProcessingModelSerializationService: loaded 6 times (x 79B)
Class com.intellij.gradle.toolingExtension.impl.model.buildScriptClasspathModel.GradleBuildScriptClasspathSerializationService: loaded 6 times (x 79B)
Class org.jetbrains.plugins.gradle.tooling.serialization.internal.adapter.Supplier    : loaded 6 times (x 72B)
Class gnu.trove.TObjectIntHashMap                                                     : loaded 6 times (x 111B)
Class org.jetbrains.plugins.gradle.tooling.serialization.GradleExtensionsSerializationService: loaded 6 times (x 79B)
Class org.jetbrains.plugins.gradle.model.ClasspathEntryModel                          : loaded 6 times (x 72B)
Class com.intellij.gradle.toolingExtension.impl.model.projectModel.GradleExternalProjectSerializationService$WriteContext: loaded 6 times (x 75B)
Class com.intellij.gradle.toolingExtension.impl.model.buildScriptClasspathModel.GradleBuildScriptClasspathSerializationService$ReadContext: loaded 6 times (x 74B)
Class org.jetbrains.plugins.gradle.tooling.serialization.GradleExtensionsSerializationService$WriteContext: loaded 6 times (x 74B)
Class com.intellij.gradle.toolingExtension.impl.model.taskModel.GradleTaskSerialisationService$Companion: loaded 6 times (x 73B)
Class org.jetbrains.plugins.gradle.tooling.serialization.internal.IdeaProjectSerializationService$ReadContext: loaded 6 times (x 74B)
Class com.intellij.gradle.toolingExtension.impl.model.sourceSetModel.GradleSourceSetSerialisationService$SourceSetModelWriteContext: loaded 6 times (x 74B)
Class org.jetbrains.plugins.gradle.tooling.serialization.internal.IdeaProjectSerializationService: loaded 6 times (x 79B)
Class com.intellij.gradle.toolingExtension.impl.model.sourceSetModel.GradleSourceSetSerialisationService$SourceSetModelReadContext: loaded 6 times (x 74B)
Class com.intellij.util.containers.IntObjectHashMap$ArrayProducer                     : loaded 6 times (x 72B)
Class io.opentelemetry.context.LazyStorage                                            : loaded 5 times (x 73B)
Class io.opentelemetry.api.GlobalOpenTelemetry$ObfuscatedOpenTelemetry                : loaded 5 times (x 94B)
Class io.opentelemetry.api.internal.IncubatingUtil                                    : loaded 5 times (x 73B)
Class io.opentelemetry.api.trace.DefaultTracer                                        : loaded 5 times (x 76B)
Class io.opentelemetry.api.trace.TraceState                                           : loaded 5 times (x 72B)
Class org.jetbrains.plugins.gradle.tooling.serialization.ProjectDependenciesSerializationService$ReadContext: loaded 5 times (x 74B)
Class io.opentelemetry.context.propagation.TextMapGetter                              : loaded 5 times (x 72B)
Class io.opentelemetry.api.GlobalOpenTelemetry                                        : loaded 5 times (x 73B)
Class org.jetbrains.kotlin.idea.gradleTooling.AndroidAwareGradleModelProvider$Companion: loaded 5 times (x 73B)
Class io.opentelemetry.api.trace.TraceStateBuilder                                    : loaded 5 times (x 72B)
Class com.amazon.ion.IonReader                                                        : loaded 5 times (x 72B)
Class org.gradle.internal.IoActions                                                   : loaded 5 times (x 73B)
Class io.opentelemetry.context.DefaultContextKey                                      : loaded 5 times (x 74B)
Class org.gradle.api.GradleException                                                  : loaded 5 times (x 84B)
Class io.opentelemetry.api.trace.AutoValue_ArrayBasedTraceState                       : loaded 5 times (x 89B)
Class io.opentelemetry.context.propagation.NoopTextMapPropagator                      : loaded 5 times (x 78B)
Class [Lio.opentelemetry.api.trace.ImmutableTraceFlags;                               : loaded 5 times (x 71B)
Class io.opentelemetry.api.trace.TraceId                                              : loaded 5 times (x 73B)
Class com.intellij.gradle.toolingExtension.model.repositoryModel.ProjectRepositoriesModel: loaded 5 times (x 72B)
Class io.opentelemetry.api.internal.AutoValue_ImmutableSpanContext                    : loaded 5 times (x 94B)
Class io.opentelemetry.context.ImplicitContextKeyed                                   : loaded 5 times (x 72B)
Class io.opentelemetry.api.trace.TracerProvider                                       : loaded 5 times (x 72B)
Class io.opentelemetry.context.ThreadLocalContextStorage$NoopScope                    : loaded 5 times (x 87B)
Class [Lio.opentelemetry.context.ThreadLocalContextStorage$NoopScope;                 : loaded 5 times (x 71B)
Class io.opentelemetry.context.Scope                                                  : loaded 5 times (x 72B)
Class io.opentelemetry.api.trace.ArrayBasedTraceStateBuilder                          : loaded 5 times (x 79B)
Class io.opentelemetry.api.trace.ImmutableTraceFlags                                  : loaded 5 times (x 79B)
Class Program                                                                         : loaded 5 times (x 74B)
Class org.jetbrains.plugins.gradle.tooling.serialization.KotlinDslScriptsModelSerializationService: loaded 5 times (x 83B)
Class io.opentelemetry.context.ContextStorageProvider                                 : loaded 5 times (x 72B)
Class io.opentelemetry.api.trace.DefaultTracerProvider                                : loaded 5 times (x 81B)
Class org.jetbrains.plugins.gradle.model.ExternalProjectDependency                    : loaded 5 times (x 72B)
Class org.jetbrains.plugins.gradle.model.UnresolvedExternalDependency                 : loaded 5 times (x 72B)
Class io.opentelemetry.context.ThreadLocalContextStorage$ScopeImpl                    : loaded 5 times (x 81B)
Class org.jetbrains.kotlin.idea.gradleTooling.KotlinGradlePluginVersion               : loaded 5 times (x 72B)
Class com.intellij.compose.ide.plugin.gradleTooling.rt.ComposeResourcesModel          : loaded 5 times (x 72B)
Class [Lio.opentelemetry.api.trace.TraceFlags;                                        : loaded 5 times (x 71B)
Class org.jetbrains.plugins.gradle.tooling.serialization.ProjectDependenciesSerializationService: loaded 5 times (x 79B)
Class org.jetbrains.plugins.gradle.javaModel.JavaGradleManifestModel                  : loaded 5 times (x 72B)
Class org.jetbrains.plugins.gradle.tooling.serialization.ProjectDependenciesSerializationService$WriteContext: loaded 5 times (x 74B)
Class [Lio.opentelemetry.context.ContextStorage;                                      : loaded 5 times (x 71B)
Class com.intellij.platform.diagnostic.telemetry.rt.context.TelemetryContext          : loaded 5 times (x 135B)
Class org.jetbrains.kotlin.idea.gradleTooling.KotlinGradleModel                       : loaded 5 times (x 72B)
Class io.opentelemetry.api.trace.Span                                                 : loaded 5 times (x 72B)
Class org.gradle.api.Action                                                           : loaded 5 times (x 72B)
Class org.gradle.internal.Cast                                                        : loaded 5 times (x 73B)
Class io.opentelemetry.context.ThreadLocalContextStorage                              : loaded 5 times (x 87B)
Class com.amazon.ion.IonWriter                                                        : loaded 5 times (x 72B)
Class io.opentelemetry.api.trace.DefaultTracer$NoopSpanBuilder                        : loaded 5 times (x 93B)
Class io.opentelemetry.api.trace.SpanContext                                          : loaded 5 times (x 72B)
Class org.jetbrains.plugins.gradle.tooling.serialization.AnnotationProcessingModelSerializationService$WriteContext: loaded 5 times (x 74B)
Class io.opentelemetry.context.propagation.TextMapSetter                              : loaded 5 times (x 72B)
Class com.amazon.ion.facet.Faceted                                                    : loaded 5 times (x 72B)
Class io.opentelemetry.context.ContextKey                                             : loaded 5 times (x 72B)
Class io.opentelemetry.api.trace.ArrayBasedTraceState                                 : loaded 5 times (x 88B)
Class io.opentelemetry.context.Context                                                : loaded 5 times (x 72B)
Class io.opentelemetry.api.OpenTelemetry                                              : loaded 5 times (x 72B)
Class org.jetbrains.plugins.gradle.model.IntelliJProjectSettings                      : loaded 5 times (x 72B)
Class io.opentelemetry.api.trace.Tracer                                               : loaded 5 times (x 72B)
Class io.opentelemetry.api.trace.PropagatedSpan                                       : loaded 5 times (x 114B)
Class org.jetbrains.kotlin.idea.gradleTooling.KotlinSourceSetContainer                : loaded 5 times (x 72B)
Class org.jetbrains.plugins.gradle.model.IntelliJSettings                             : loaded 5 times (x 72B)
Class org.jetbrains.plugins.gradle.model.ExternalDependency                           : loaded 5 times (x 72B)
Class io.opentelemetry.api.trace.SpanBuilder                                          : loaded 5 times (x 72B)
Class io.opentelemetry.context.propagation.DefaultContextPropagators                  : loaded 5 times (x 77B)
Class io.opentelemetry.context.ContextStorageWrappers                                 : loaded 5 times (x 73B)
Class [Lio.opentelemetry.context.ThreadLocalContextStorage;                           : loaded 5 times (x 71B)
Class io.opentelemetry.api.internal.ImmutableSpanContext                              : loaded 5 times (x 93B)
Class io.opentelemetry.api.DefaultOpenTelemetry                                       : loaded 5 times (x 91B)
Class org.jetbrains.plugins.gradle.model.VersionCatalogsModel                         : loaded 5 times (x 72B)
Class io.opentelemetry.api.trace.TraceFlags                                           : loaded 5 times (x 72B)
Class org.jetbrains.plugins.gradle.tooling.ModelBuilderService$Parameter              : loaded 5 times (x 72B)
Class org.jetbrains.plugins.gradle.model.FileCollectionDependency                     : loaded 5 times (x 72B)
Class org.jetbrains.plugins.gradle.model.ProjectImportModelProvider                   : loaded 5 times (x 72B)
Class [Lcom.intellij.openapi.externalSystem.model.project.dependencies.ResolutionState;: loaded 5 times (x 71B)
Class io.opentelemetry.api.trace.SpanContextKey                                       : loaded 5 times (x 73B)
Class org.jetbrains.plugins.gradle.model.ExternalLibraryDependency                    : loaded 5 times (x 72B)
Class org.jetbrains.plugins.gradle.model.DependencyAccessorsModel                     : loaded 5 times (x 72B)
Class com.intellij.gradle.toolingExtension.impl.model.dependencyDownloadPolicyModel.GradleDependencyDownloadPolicy: loaded 5 times (x 72B)
Class io.opentelemetry.context.propagation.TextMapPropagator                          : loaded 5 times (x 72B)
Class io.opentelemetry.context.propagation.ContextPropagators                         : loaded 5 times (x 72B)
Class com.intellij.openapi.externalSystem.model.project.dependencies.ResolutionState  : loaded 5 times (x 81B)
Class org.jetbrains.kotlin.idea.gradleTooling.KotlinMPPGradleModel                    : loaded 5 times (x 72B)
Class io.opentelemetry.api.trace.SpanId                                               : loaded 5 times (x 73B)
Class com.intellij.platform.diagnostic.telemetry.rt.context.TelemetryContextGetter    : loaded 5 times (x 77B)
Class org.jetbrains.plugins.gradle.tooling.serialization.AnnotationProcessingModelSerializationService$ReadContext: loaded 5 times (x 74B)
Class [Lio.opentelemetry.context.Scope;                                               : loaded 5 times (x 71B)
Class org.jetbrains.kotlin.idea.gradleTooling.PrepareKotlinIdeImportTaskModel         : loaded 5 times (x 72B)
Class org.jetbrains.kotlin.idea.gradleTooling.KotlinDslScriptAdditionalTask           : loaded 5 times (x 72B)
Class io.opentelemetry.api.internal.OtelEncodingUtils                                 : loaded 5 times (x 73B)
Class com.intellij.gradle.toolingExtension.impl.telemetry.GradleOpenTelemetry         : loaded 5 times (x 74B)
Class org.jetbrains.kotlin.idea.gradleTooling.AndroidAwareGradleModelProvider         : loaded 5 times (x 81B)
Class io.opentelemetry.context.ArrayBasedContext                                      : loaded 5 times (x 102B)
Class io.opentelemetry.context.ContextStorage                                         : loaded 5 times (x 72B)
Class com.amazon.ion.IonBufferConfiguration$Builder                                   : loaded 4 times (x 80B)
Class com.amazon.ion.impl.lite.IonDecimalLite                                         : loaded 4 times (x 191B)
Class org.jetbrains.plugins.gradle.model.GradleExtension                              : loaded 4 times (x 72B)
Class com.amazon.ion.impl._Private_IonBinaryWriterBuilder                             : loaded 4 times (x 117B)
Class org.gradle.tooling.model.Element                                                : loaded 4 times (x 72B)
Class kotlin.collections.AbstractList                                                 : loaded 4 times (x 199B)
Class kotlin.jvm.internal.markers.KMappedMarker                                       : loaded 4 times (x 72B)
Class kotlin.collections.AbstractCollection                                           : loaded 4 times (x 119B)
Class org.gradle.internal.time.Timer                                                  : loaded 4 times (x 72B)
Class com.amazon.ion.IonString                                                        : loaded 4 times (x 72B)
Class com.intellij.gradle.toolingExtension.util.GradleVersionSpecificsUtil            : loaded 4 times (x 73B)
Class com.amazon.ion.BufferConfiguration$Builder                                      : loaded 4 times (x 80B)
Class org.gradle.tooling.internal.adapter.ProtocolToModelAdapter$NoOpDecoration       : loaded 4 times (x 81B)
Class com.amazon.ion.SymbolToken                                                      : loaded 4 times (x 72B)
Class org.jetbrains.kotlin.tooling.core.Extras                                        : loaded 4 times (x 72B)
Class com.amazon.ion.BufferConfiguration                                              : loaded 4 times (x 74B)
Class com.amazon.ion.impl.bin.IonRawBinaryWriter                                      : loaded 4 times (x 170B)
Class org.gradle.internal.time.MonotonicClock                                         : loaded 4 times (x 79B)
Class com.amazon.ion.impl.bin.IntList                                                 : loaded 4 times (x 79B)
Class com.amazon.ion.impl.lite.IonBoolLite                                            : loaded 4 times (x 181B)
Class com.amazon.ion.BufferConfiguration$DataHandler                                  : loaded 4 times (x 72B)
Class com.amazon.ion.impl._Private_LocalSymbolTable                                   : loaded 4 times (x 72B)
Class com.amazon.ion.impl.bin.IonRawBinaryWriter$PreallocationMode$3                  : loaded 4 times (x 83B)
Class com.amazon.ion.system.SimpleCatalog                                             : loaded 4 times (x 93B)
Class com.amazon.ion.impl.bin.PooledBlockAllocatorProvider                            : loaded 4 times (x 75B)
Class com.amazon.ion.IonContainer                                                     : loaded 4 times (x 72B)
Class com.amazon.ion.impl.lite.IonValueLite                                           : loaded 4 times (x 150B)
Class com.amazon.ion.impl._Private_IonSymbol                                          : loaded 4 times (x 72B)
Class com.google.common.base.CharMatcher$InRange                                      : loaded 4 times (x 114B)
Class com.amazon.ion.impl.bin.IonRawBinaryWriter$PreallocationMode$2                  : loaded 4 times (x 83B)
Class com.amazon.ion.IonInt                                                           : loaded 4 times (x 72B)
Class com.amazon.ion.impl.SharedSymbolTable                                           : loaded 4 times (x 95B)
Class org.gradle.tooling.model.GradleProject                                          : loaded 4 times (x 72B)
Class org.gradle.internal.operations.MultipleBuildOperationFailures                   : loaded 4 times (x 97B)
Class com.amazon.ion.impl.lite._Private_LiteDomTrampoline                             : loaded 4 times (x 73B)
Class org.jetbrains.kotlin.idea.gradleTooling.model.kapt.KaptGradleModel              : loaded 4 times (x 72B)
Class com.amazon.ion.IonType                                                          : loaded 4 times (x 81B)
Class com.amazon.ion.ReadOnlyValueException                                           : loaded 4 times (x 86B)
Class org.gradle.tooling.model.HasGradleProject                                       : loaded 4 times (x 72B)
Class org.gradle.tooling.model.BuildableElement                                       : loaded 4 times (x 72B)
Class com.amazon.ion.IonSexp                                                          : loaded 4 times (x 72B)
Class com.google.common.base.CharMatcher$IsNot                                        : loaded 4 times (x 114B)
Class com.google.common.collect.ImmutableAsList                                       : loaded 4 times (x 211B)
Class org.gradle.tooling.internal.adapter.ProtocolToModelAdapter$ViewGraphDetails     : loaded 4 times (x 74B)
Class org.gradle.tooling.model.Dependency                                             : loaded 4 times (x 72B)
Class org.gradle.tooling.model.internal.ImmutableDomainObjectSet                      : loaded 4 times (x 157B)
Class com.amazon.ion.IonTimestamp                                                     : loaded 4 times (x 72B)
Class com.amazon.ion.impl.bin.PooledBlockAllocatorProvider$PooledBlockAllocator       : loaded 4 times (x 83B)
Class [Lcom.amazon.ion.impl.bin._Private_IonManagedBinaryWriterBuilder$AllocatorMode; : loaded 4 times (x 71B)
Class com.amazon.ion.impl.bin.utf8.Pool                                               : loaded 4 times (x 76B)
Class com.amazon.ion.impl.bin.IonRawBinaryWriter$PreallocationMode$1                  : loaded 4 times (x 83B)
Class org.gradle.tooling.model.idea.IdeaProject                                       : loaded 4 times (x 72B)
Class com.amazon.ion.impl._Private_ValueFactory                                       : loaded 4 times (x 72B)
Class com.amazon.ion.impl.lite.IonClobLite                                            : loaded 4 times (x 223B)
Class kotlin.NoWhenBranchMatchedException                                             : loaded 4 times (x 84B)
Class org.gradle.tooling.model.DomainObjectSet                                        : loaded 4 times (x 72B)
Class [Lcom.amazon.ion.impl.bin.IonRawBinaryWriter$ContainerType;                     : loaded 4 times (x 71B)
Class org.gradle.tooling.internal.adapter.TypeInspector                               : loaded 4 times (x 75B)
Class org.gradle.tooling.model.BuildIdentifier                                        : loaded 4 times (x 72B)
Class com.amazon.ion.IonDatagram                                                      : loaded 4 times (x 72B)
Class com.amazon.ion.impl.bin.IonManagedBinaryWriter$ImportedSymbolResolverMode$1$1   : loaded 4 times (x 80B)
Class com.amazon.ion.impl._Private_ByteTransferSink                                   : loaded 4 times (x 72B)
Class [Lcom.amazon.ion.impl.bin.IonRawBinaryWriter$StreamFlushMode;                   : loaded 4 times (x 71B)
Class JetGradlePlugin$_apply_closure1                                                 : loaded 4 times (x 141B)
Class com.amazon.ion.impl.lite.IonTimestampLite                                       : loaded 4 times (x 195B)
Class com.amazon.ion.UnsupportedIonVersionException                                   : loaded 4 times (x 87B)
Class com.google.common.collect.ImmutableSet$CachingAsList                            : loaded 4 times (x 150B)
Class [Lcom.amazon.ion.util.InputStreamInterceptor;                                   : loaded 4 times (x 71B)
Class com.amazon.ion.impl.bin.IonManagedBinaryWriter$SymbolState$4                    : loaded 4 times (x 82B)
Class com.amazon.ion.impl.bin.IonManagedBinaryWriter$UserState$2                      : loaded 4 times (x 87B)
Class com.amazon.ion.impl._Private_IonValue                                           : loaded 4 times (x 72B)
Class com.amazon.ion.UnexpectedEofException                                           : loaded 4 times (x 86B)
Class gnu.trove.PrimeFinder                                                           : loaded 4 times (x 73B)
Class com.google.common.base.CharMatcher$AnyOf                                        : loaded 4 times (x 115B)
Class com.amazon.ion.impl.lite.IonNullLite                                            : loaded 4 times (x 178B)
Class com.amazon.ion.impl.LocalSymbolTableAsStruct                                    : loaded 4 times (x 134B)
Class com.intellij.gradle.toolingExtension.impl.model.sourceSetArtifactIndex.GradleSourceSetArtifactBuildRequest: loaded 4 times (x 72B)
Class com.amazon.ion.IonBinaryWriter                                                  : loaded 4 times (x 72B)
Class com.amazon.ion.impl.lite.ValueFactoryLite                                       : loaded 4 times (x 220B)
Class com.amazon.ion.impl.bin.IonRawBinaryWriter$StreamFlushMode                      : loaded 4 times (x 81B)
Class org.gradle.tooling.internal.adapter.MethodInvocation                            : loaded 4 times (x 87B)
Class org.gradle.tooling.model.BuildModel                                             : loaded 4 times (x 72B)
Class com.amazon.ion.impl.bin.IonManagedBinaryWriter$SymbolState$3                    : loaded 4 times (x 82B)
Class com.google.common.base.Joiner$2                                                 : loaded 4 times (x 82B)
Class com.amazon.ion.impl.bin.IonRawBinaryWriter$ContainerInfo                        : loaded 4 times (x 76B)
Class com.google.common.base.CharMatcher$NamedFastMatcher                             : loaded 4 times (x 115B)
Class com.google.common.base.CharMatcher$1                                            : loaded 4 times (x 116B)
Class com.amazon.ion.impl._Private_LocalSymbolTableFactory                            : loaded 4 times (x 72B)
Class com.amazon.ion.impl.bin.IonManagedBinaryWriter$ImportedSymbolResolverMode$1$1$1 : loaded 4 times (x 78B)
Class com.amazon.ion.system.IonTextWriterBuilder                                      : loaded 4 times (x 99B)
Class JetGradlePlugin                                                                 : loaded 4 times (x 98B)
Class org.gradle.tooling.internal.adapter.WeakIdentityHashMap                         : loaded 4 times (x 78B)
Class org.gradle.tooling.model.idea.BasicIdeaProject                                  : loaded 4 times (x 72B)
Class kotlin.enums.EnumEntriesList                                                    : loaded 4 times (x 225B)
Class com.google.common.base.CharMatcher$IsEither                                     : loaded 4 times (x 114B)
Class org.gradle.util.internal.DefaultGradleVersion                                   : loaded 4 times (x 84B)
Class org.gradle.tooling.GradleConnectionException                                    : loaded 4 times (x 85B)
Class com.amazon.ion.IonValue                                                         : loaded 4 times (x 72B)
Class com.amazon.ion.impl.bin.IonManagedBinaryWriter$SymbolState                      : loaded 4 times (x 82B)
Class com.google.common.base.CharMatcher$ForPredicate                                 : loaded 4 times (x 115B)
Class com.intellij.gradle.toolingExtension.impl.model.warmUp.GradleTaskWarmUpRequest  : loaded 4 times (x 72B)
Class com.google.common.base.Joiner$1                                                 : loaded 4 times (x 83B)
Class com.amazon.ion.IonNull                                                          : loaded 4 times (x 72B)
Class com.google.common.base.CharMatcher                                              : loaded 4 times (x 114B)
Class com.google.common.collect.ImmutableCollection$Builder                           : loaded 4 times (x 78B)
Class com.amazon.ion.impl.bin.IonManagedBinaryWriter$SymbolState$2                    : loaded 4 times (x 82B)
Class org.jetbrains.plugins.gradle.model.ExternalSourceSet                            : loaded 4 times (x 72B)
Class com.amazon.ion.IonSequence                                                      : loaded 4 times (x 72B)
Class org.gradle.util.GradleVersion                                                   : loaded 4 times (x 83B)
Class com.amazon.ion.IonStruct                                                        : loaded 4 times (x 72B)
Class com.amazon.ion.IonLob                                                           : loaded 4 times (x 72B)
Class com.amazon.ion.impl._Private_IonContainer                                       : loaded 4 times (x 72B)
Class [Lcom.amazon.ion.IonType;                                                       : loaded 4 times (x 71B)
Class com.amazon.ion.impl.LocalSymbolTableAsStruct$Factory                            : loaded 4 times (x 81B)
Class com.amazon.ion.impl.bin.IonManagedBinaryWriter$SymbolState$1                    : loaded 4 times (x 82B)
Class com.amazon.ion.impl.bin.IonRawBinaryWriter$PatchPoint                           : loaded 4 times (x 74B)
Class com.amazon.ion.impl.bin.IonRawBinaryWriter$ContainerType                        : loaded 4 times (x 81B)
Class com.amazon.ion.impl._Private_IonTextWriterBuilder$Mutable                       : loaded 4 times (x 103B)
Class org.gradle.internal.time.Time                                                   : loaded 4 times (x 73B)
Class com.amazon.ion.impl.bin.utf8.Utf8StringEncoder$Result                           : loaded 4 times (x 76B)
Class org.gradle.tooling.internal.adapter.ProtocolToModelAdapter$1                    : loaded 4 times (x 77B)
Class org.gradle.internal.time.Clock                                                  : loaded 4 times (x 72B)
Class org.gradle.tooling.internal.adapter.ObjectGraphAdapter                          : loaded 4 times (x 72B)
Class com.amazon.ion.impl.bin.utf8.Pool$Allocator                                     : loaded 4 times (x 72B)
Class com.google.common.base.Joiner                                                   : loaded 4 times (x 82B)
Class com.google.common.base.CharMatcher$BitSetMatcher                                : loaded 4 times (x 115B)
Class com.google.common.collect.ImmutableSet                                          : loaded 4 times (x 147B)
Class com.amazon.ion.impl.IonWriterSystemTextMarkup                                   : loaded 4 times (x 193B)
Class com.amazon.ion.impl.bin.BlockAllocator                                          : loaded 4 times (x 82B)
Class com.amazon.ion.impl._Private_IonBinaryWriterBuilder$Mutable                     : loaded 4 times (x 117B)
Class org.gradle.tooling.internal.adapter.ProtocolToModelAdapter$ViewDecoration       : loaded 4 times (x 72B)
Class com.amazon.ion.impl.bin.IonRawBinaryWriter$StreamCloseMode                      : loaded 4 times (x 81B)
Class com.amazon.ion.IonText                                                          : loaded 4 times (x 72B)
Class com.amazon.ion.impl.SymbolTokenImpl                                             : loaded 4 times (x 83B)
Class org.gradle.internal.time.TimeSource                                             : loaded 4 times (x 72B)
Class org.gradle.tooling.model.kotlin.dsl.KotlinDslScriptsModel                       : loaded 4 times (x 72B)
Class com.amazon.ion.SubstituteSymbolTableException                                   : loaded 4 times (x 86B)
Class org.gradle.tooling.model.HierarchicalElement                                    : loaded 4 times (x 72B)
Class com.amazon.ion.impl.bin.WriteBuffer                                             : loaded 4 times (x 80B)
Class org.gradle.tooling.internal.adapter.ProtocolToModelAdapter$DefaultViewBuilder   : loaded 4 times (x 82B)
Class com.google.common.collect.ImmutableSet$SetBuilderImpl                           : loaded 4 times (x 78B)
Class com.amazon.ion.system.IonWriterBuilderBase                                      : loaded 4 times (x 85B)
Class com.google.common.base.CharMatcher$Or                                           : loaded 4 times (x 115B)
Class com.amazon.ion.impl.bin.IonManagedBinaryWriter                                  : loaded 4 times (x 167B)
Class com.google.common.base.CharMatcher$Is                                           : loaded 4 times (x 114B)
Class com.google.common.base.CharMatcher$Negated                                      : loaded 4 times (x 116B)
Class org.gradle.tooling.internal.adapter.ProtocolToModelAdapter$MethodInvocationCache: loaded 4 times (x 75B)
Class com.amazon.ion.IonDecimal                                                       : loaded 4 times (x 72B)
Class org.gradle.internal.exceptions.DefaultMultiCauseException                       : loaded 4 times (x 97B)
Class com.amazon.ion.impl.bin._Private_IonRawWriter                                   : loaded 4 times (x 72B)
Class com.amazon.ion.impl.bin.IonRawBinaryWriter$PreallocationMode                    : loaded 4 times (x 83B)
Class com.amazon.ion.system.IonBinaryWriterBuilder                                    : loaded 4 times (x 101B)
Class org.gradle.tooling.internal.adapter.ProtocolToModelAdapter$SupportedPropertyInvoker: loaded 4 times (x 78B)
Class org.gradle.tooling.model.UnsupportedMethodException                             : loaded 4 times (x 84B)
Class com.google.common.collect.SingletonImmutableSet                                 : loaded 4 times (x 148B)
Class org.gradle.tooling.internal.adapter.WeakIdentityHashMap$WeakKey                 : loaded 4 times (x 82B)
Class org.gradle.tooling.internal.adapter.ProtocolToModelAdapter$SafeMethodInvoker    : loaded 4 times (x 78B)
Class com.amazon.ion.impl.bin.IonManagedBinaryWriter$UserState$4                      : loaded 4 times (x 87B)
Class com.amazon.ion.impl.IonWriterSystem                                             : loaded 4 times (x 172B)
Class com.amazon.ion.impl.bin.Symbols$2                                               : loaded 4 times (x 109B)
Class com.amazon.ion.impl.bin._Private_IonManagedWriter                               : loaded 4 times (x 72B)
Class com.amazon.ion.UnknownSymbolException                                           : loaded 4 times (x 87B)
Class kotlin.UninitializedPropertyAccessException                                     : loaded 4 times (x 84B)
Class org.gradle.tooling.internal.adapter.ProtocolToModelAdapter$ViewGraphDetails$1   : loaded 4 times (x 79B)
Class com.amazon.ion.util.InputStreamInterceptor                                      : loaded 4 times (x 72B)
Class com.amazon.ion.impl.lite.IonSystemLite                                          : loaded 4 times (x 277B)
Class com.amazon.ion.BufferConfiguration$OversizedValueHandler                        : loaded 4 times (x 72B)
Class com.amazon.ion.impl._Private_IonSystem                                          : loaded 4 times (x 72B)
Class com.amazon.ion.impl.bin.utf8.Utf8StringEncoderPool                              : loaded 4 times (x 76B)
Class com.amazon.ion.impl.bin.IonManagedBinaryWriter$UserState$1                      : loaded 4 times (x 87B)
Class org.jetbrains.plugins.gradle.model.GradleConfiguration                          : loaded 4 times (x 72B)
Class com.amazon.ion.impl.lite.IonContainerLite                                       : loaded 4 times (x 250B)
Class com.amazon.ion.IonBufferConfiguration$OversizedSymbolTableHandler               : loaded 4 times (x 72B)
Class com.amazon.ion.system.IonWriterBuilder                                          : loaded 4 times (x 76B)
Class kotlin.KotlinNullPointerException                                               : loaded 4 times (x 84B)
Class org.jetbrains.plugins.gradle.tooling.serialization.ToolingStreamApiUtils        : loaded 4 times (x 73B)
Class org.gradle.tooling.internal.gradle.GradleBuildIdentity                          : loaded 4 times (x 72B)
Class com.google.common.collect.ImmutableList$Builder                                 : loaded 4 times (x 79B)
Class com.amazon.ion.impl.bin.IonRawBinaryWriter$ThrowingRunnable                     : loaded 4 times (x 72B)
Class com.amazon.ion.impl.bin.IonManagedBinaryWriter$LocalSymbolTableView             : loaded 4 times (x 121B)
Class org.gradle.tooling.model.Model                                                  : loaded 4 times (x 72B)
Class org.gradle.tooling.internal.gradle.DefaultProjectIdentifier                     : loaded 4 times (x 88B)
Class kotlin.enums.EnumEntries                                                        : loaded 4 times (x 72B)
Class com.amazon.ion.impl.lite.IonBlobLite                                            : loaded 4 times (x 222B)
Class com.intellij.util.ThrowableConsumer                                             : loaded 4 times (x 72B)
Class com.amazon.ion.impl.LocalSymbolTable                                            : loaded 4 times (x 129B)
Class com.amazon.ion.impl.bin.utf8.Poolable                                           : loaded 4 times (x 81B)
Class com.amazon.ion.IonSymbol                                                        : loaded 4 times (x 72B)
Class com.amazon.ion.impl.bin.IonManagedBinaryWriter$ImportedSymbolResolverMode       : loaded 4 times (x 82B)
Class com.amazon.ion.impl.LocalSymbolTable$Factory                                    : loaded 4 times (x 79B)
Class org.gradle.tooling.model.gradle.GradleBuild                                     : loaded 4 times (x 72B)
Class org.gradle.tooling.model.eclipse.EclipseProject                                 : loaded 4 times (x 72B)
Class org.gradle.tooling.model.idea.IdeaDependency                                    : loaded 4 times (x 72B)
Class com.amazon.ion.impl.bin.IonManagedBinaryWriter$SymbolResolverBuilder            : loaded 4 times (x 72B)
Class com.amazon.ion.system.IonSystemBuilder$Mutable                                  : loaded 4 times (x 77B)
Class com.google.common.base.Function                                                 : loaded 4 times (x 72B)
Class com.google.common.collect.RegularImmutableAsList                                : loaded 4 times (x 219B)
Class com.amazon.ion.IonFloat                                                         : loaded 4 times (x 72B)
Class org.gradle.tooling.internal.adapter.ProtocolToModelAdapter$MethodInvocationCache$MethodInvocationKey: loaded 4 times (x 75B)
Class org.gradle.tooling.model.gradle.ProjectPublications                             : loaded 4 times (x 72B)
Class org.jetbrains.kotlin.idea.projectModel.KotlinTaskProperties                     : loaded 4 times (x 72B)
Class com.amazon.ion.impl.lite.IonListLite                                            : loaded 4 times (x 492B)
Class com.google.common.collect.RegularImmutableSet                                   : loaded 4 times (x 150B)
Class org.gradle.tooling.internal.adapter.CollectionMapper                            : loaded 4 times (x 75B)
Class com.amazon.ion.impl.lite.IonSexpLite                                            : loaded 4 times (x 492B)
Class kotlin.NotImplementedError                                                      : loaded 4 times (x 84B)
Class com.intellij.gradle.toolingExtension.impl.util.collectionUtil.GradleCollections : loaded 4 times (x 73B)
Class com.amazon.ion.impl.lite.IonStructLite                                          : loaded 4 times (x 300B)
Class com.amazon.ion.impl._Private_ReaderWriter                                       : loaded 4 times (x 72B)
Class com.amazon.ion.impl.bin.AbstractSymbolTable                                     : loaded 4 times (x 109B)
Class com.amazon.ion.Decimal                                                          : loaded 4 times (x 136B)
Class com.amazon.ion.impl.bin._Private_IonManagedBinaryWriterBuilder$AllocatorMode$1  : loaded 4 times (x 82B)
Class org.gradle.tooling.model.ProjectModel                                           : loaded 4 times (x 72B)
Class [Lcom.amazon.ion.SymbolTable;                                                   : loaded 4 times (x 71B)
Class com.amazon.ion.impl.bin.IonBinaryWriterAdapter$Factory                          : loaded 4 times (x 72B)
Class com.google.common.collect.ImmutableList$ReverseImmutableList                    : loaded 4 times (x 209B)
Class com.amazon.ion.impl.BlockedBuffer$BufferedOutputStream                          : loaded 4 times (x 92B)
Class org.gradle.tooling.internal.adapter.TargetTypeProvider                          : loaded 4 times (x 72B)
Class com.amazon.ion.impl.bin.IonManagedBinaryWriter$ImportDescriptor                 : loaded 4 times (x 78B)
Class org.gradle.tooling.internal.adapter.ProtocolToModelAdapter$MixInMappingAction   : loaded 4 times (x 82B)
Class com.amazon.ion.SymbolTable                                                      : loaded 4 times (x 72B)
Class org.gradle.internal.exceptions.ResolutionProvider                               : loaded 4 times (x 72B)
Class com.amazon.ion.IonList                                                          : loaded 4 times (x 72B)
Class com.amazon.ion.impl.lite.IonFloatLite                                           : loaded 4 times (x 189B)
Class com.amazon.ion.impl._Private_IonTextWriterBuilder                               : loaded 4 times (x 103B)
Class com.amazon.ion.impl.bin._Private_IonManagedBinaryWriterBuilder$AllocatorMode$2  : loaded 4 times (x 82B)
Class com.amazon.ion.impl.bin.AbstractIonWriter$WriteValueOptimization                : loaded 4 times (x 81B)
Class com.google.common.base.CharMatcher$FastMatcher                                  : loaded 4 times (x 114B)
Class [Lcom.amazon.ion.impl.bin.IonRawBinaryWriter$PreallocationMode;                 : loaded 4 times (x 71B)
Class com.google.common.collect.SingletonImmutableList                                : loaded 4 times (x 209B)
Class [Lcom.amazon.ion.SymbolToken;                                                   : loaded 4 times (x 71B)
Class com.amazon.ion.impl.bin.IonManagedBinaryWriter$ImportedSymbolResolverMode$2     : loaded 4 times (x 82B)
Class kotlin.collections.AbstractList$Companion                                       : loaded 4 times (x 73B)
Class com.amazon.ion.impl.bin._Private_IonManagedBinaryWriterBuilder                  : loaded 4 times (x 74B)
Class com.amazon.ion.impl._Private_IonWriter                                          : loaded 4 times (x 72B)
Class org.gradle.tooling.internal.adapter.ProtocolToModelAdapter                      : loaded 4 times (x 82B)
Class com.amazon.ion.impl.bin.BlockAllocatorProvider                                  : loaded 4 times (x 74B)
Class org.jetbrains.plugins.gradle.ExternalDependencyId                               : loaded 4 times (x 72B)
Class com.amazon.ion.impl._Private_IonReaderBuilder                                   : loaded 4 times (x 99B)
Class com.amazon.ion.IonMutableCatalog                                                : loaded 4 times (x 72B)
Class com.amazon.ion.impl.bin.IonManagedBinaryWriter$UserState                        : loaded 4 times (x 87B)
Class com.google.common.base.ExtraObjectsMethodsForWeb                                : loaded 4 times (x 73B)
Class org.gradle.tooling.internal.adapter.ProtocolToModelAdapter$InvocationHandlerImpl: loaded 4 times (x 79B)
Class com.amazon.ion.impl._Private_Utils                                              : loaded 4 times (x 73B)
Class kotlin.jvm.internal.Intrinsics                                                  : loaded 4 times (x 73B)
Class org.gradle.internal.time.CountdownTimer                                         : loaded 4 times (x 72B)
Class com.amazon.ion.util._Private_FastAppendable                                     : loaded 4 times (x 72B)
Class com.amazon.ion.impl._Private_IonReaderBuilder$TwoElementInputStream             : loaded 4 times (x 94B)
Class org.gradle.internal.time.DefaultTimer                                           : loaded 4 times (x 82B)
Class org.gradle.internal.exceptions.MultiCauseException                              : loaded 4 times (x 72B)
Class com.google.common.base.Predicate                                                : loaded 4 times (x 72B)
Class com.google.common.base.CharMatcher$And                                          : loaded 4 times (x 115B)
Class com.google.common.collect.ImmutableList$SubList                                 : loaded 4 times (x 209B)
Class org.gradle.tooling.internal.adapter.WeakIdentityHashMap$AbsentValueProvider     : loaded 4 times (x 72B)
Class com.amazon.ion.impl.lite.IonSequenceLite                                        : loaded 4 times (x 434B)
Class com.amazon.ion.impl._Private_Utils$1                                            : loaded 4 times (x 100B)
Class com.amazon.ion.impl.SymbolTableAsStruct                                         : loaded 4 times (x 72B)
Class com.google.common.base.CharMatcher$NegatedFastMatcher                           : loaded 4 times (x 116B)
Class com.google.common.collect.ImmutableSet$RegularSetBuilderImpl                    : loaded 4 times (x 78B)
Class [Lcom.amazon.ion.impl.bin.AbstractIonWriter$WriteValueOptimization;             : loaded 4 times (x 71B)
Class com.google.common.collect.Multimap                                              : loaded 4 times (x 72B)
Class org.gradle.tooling.internal.adapter.ProtocolToModelAdapter$ViewKey              : loaded 4 times (x 74B)
Class com.amazon.ion.impl.lite.IonIntLite                                             : loaded 4 times (x 191B)
Class com.amazon.ion.IonLoader                                                        : loaded 4 times (x 72B)
Class com.google.common.base.Objects                                                  : loaded 4 times (x 73B)
Class com.amazon.ion.impl.bin.PooledBlockAllocatorProvider$PooledBlockAllocator$1     : loaded 4 times (x 81B)
Class com.amazon.ion.impl.lite.IonStringLite                                          : loaded 4 times (x 215B)
Class kotlin.jvm.internal.DefaultConstructorMarker                                    : loaded 4 times (x 73B)
Class com.google.common.collect.RegularImmutableList                                  : loaded 4 times (x 209B)
Class [Lcom.amazon.ion.impl.bin.IonManagedBinaryWriter$SymbolState;                   : loaded 4 times (x 71B)
Class com.amazon.ion.impl._Private_IonWriterBase                                      : loaded 4 times (x 164B)
Class com.amazon.ion.impl.bin.Symbols                                                 : loaded 4 times (x 73B)
Class com.amazon.ion.IonBufferConfiguration                                           : loaded 4 times (x 74B)
Class org.gradle.tooling.internal.gradle.GradleProjectIdentity                        : loaded 4 times (x 72B)
Class com.amazon.ion.impl.bin.IonManagedBinaryWriter$UserState$3                      : loaded 4 times (x 87B)
Class com.amazon.ion.impl.bin.IonManagedBinaryWriter$ImportedSymbolResolverMode$1     : loaded 4 times (x 82B)
Class com.amazon.ion.IonBool                                                          : loaded 4 times (x 72B)
Class com.amazon.ion.impl.bin.utf8.Utf8StringEncoder                                  : loaded 4 times (x 82B)
Class [Lcom.amazon.ion.impl.bin.IonManagedBinaryWriter$UserState;                     : loaded 4 times (x 71B)
Class com.amazon.ion.system.IonSystemBuilder                                          : loaded 4 times (x 77B)
Class org.gradle.tooling.internal.adapter.ProtocolToModelAdapter$PropertyCachingMethodInvoker: loaded 4 times (x 78B)
Class com.amazon.ion.impl.lite.IonSymbolLite                                          : loaded 4 times (x 249B)
Class org.gradle.internal.exceptions.NonGradleCauseExceptionsHolder                   : loaded 4 times (x 72B)
Class org.gradle.tooling.model.idea.IdeaModuleDependency                              : loaded 4 times (x 72B)
Class org.jetbrains.kotlin.tooling.core.HasMutableExtras                              : loaded 4 times (x 72B)
Class kotlin.enums.EnumEntriesKt                                                      : loaded 4 times (x 73B)
Class [Lcom.amazon.ion.impl.bin.IonRawBinaryWriter$StreamCloseMode;                   : loaded 4 times (x 71B)
Class org.gradle.tooling.internal.adapter.ViewBuilder                                 : loaded 4 times (x 72B)
Class com.amazon.ion.impl.bin.AbstractIonWriter                                       : loaded 4 times (x 162B)
Class com.amazon.ion.impl.bin.Block                                                   : loaded 4 times (x 81B)
Class com.amazon.ion.util.GzipStreamInterceptor                                       : loaded 4 times (x 87B)
Class com.amazon.ion.IonCatalog                                                       : loaded 4 times (x 72B)
Class com.amazon.ion.IonException                                                     : loaded 4 times (x 86B)
Class org.gradle.internal.time.TimeSource$1                                           : loaded 4 times (x 79B)
Class com.google.common.collect.ImmutableList$1                                       : loaded 4 times (x 99B)
Class org.gradle.tooling.model.ProjectIdentifier                                      : loaded 4 times (x 72B)
Class com.amazon.ion.impl.lite.IonTextLite                                            : loaded 4 times (x 184B)
Class com.amazon.ion.impl.lite.IonLobLite                                             : loaded 4 times (x 187B)
Class com.intellij.gradle.toolingExtension.impl.model.utilTurnOffDefaultTasksModel.TurnOffDefaultTasks: loaded 4 times (x 72B)
Class com.amazon.ion.IonSystem                                                        : loaded 4 times (x 72B)
Class com.amazon.ion.impl.bin.IonManagedBinaryWriter$ImportedSymbolContext            : loaded 4 times (x 74B)
Class org.jetbrains.kotlin.tooling.core.HasExtras                                     : loaded 4 times (x 72B)
Class org.gradle.internal.time.DefaultCountdownTimer                                  : loaded 4 times (x 90B)
Class org.gradle.tooling.model.eclipse.HierarchicalEclipseProject                     : loaded 4 times (x 72B)
Class com.amazon.ion.system.IonReaderBuilder                                          : loaded 4 times (x 97B)
Class org.jetbrains.plugins.gradle.model.ExternalTask                                 : loaded 4 times (x 72B)
Class com.amazon.ion.impl.bin.utf8.Utf8StringEncoderPool$1                            : loaded 4 times (x 78B)
Class com.amazon.ion.impl.lite.IonLoaderLite                                          : loaded 4 times (x 84B)
Class com.amazon.ion.impl.lite.IonContext                                             : loaded 4 times (x 72B)
Class com.amazon.ion.impl.IonWriterSystemText                                         : loaded 4 times (x 191B)
Class [Lcom.amazon.ion.impl.bin.IonManagedBinaryWriter$ImportedSymbolResolverMode;    : loaded 4 times (x 71B)
Class com.amazon.ion.ValueFactory                                                     : loaded 4 times (x 72B)
Class com.intellij.openapi.externalSystem.model.project.IExternalSystemSourceType     : loaded 4 times (x 72B)
Class com.amazon.ion.impl._Private_IonReaderBuilder$Mutable                           : loaded 4 times (x 99B)
Class com.amazon.ion.IonNumber                                                        : loaded 4 times (x 72B)
Class com.amazon.ion.IonBlob                                                          : loaded 4 times (x 72B)
Class org.gradle.tooling.internal.adapter.ProtocolToModelAdapter$ReflectionMethodInvoker: loaded 4 times (x 78B)
Class [Lcom.amazon.ion.util.GzipStreamInterceptor;                                    : loaded 4 times (x 71B)
Class com.amazon.ion.IonClob                                                          : loaded 4 times (x 72B)
Class com.amazon.ion.impl.bin._Private_IonManagedBinaryWriterBuilder$AllocatorMode    : loaded 4 times (x 82B)
Class org.gradle.tooling.internal.adapter.MethodInvoker                               : loaded 4 times (x 72B)
Class com.amazon.ion.impl.lite.ContainerlessContext                                   : loaded 4 times (x 82B)
Class com.amazon.ion.impl._Private_SymbolToken                                        : loaded 4 times (x 72B)
Class org.gradle.tooling.internal.adapter.ProtocolToModelAdapter$AdaptingMethodInvoker: loaded 4 times (x 78B)
Class org.gradle.tooling.internal.gradle.DefaultBuildIdentifier                       : loaded 4 times (x 81B)
Class com.amazon.ion.impl.bin.IonManagedBinaryWriter$SymbolResolver                   : loaded 4 times (x 72B)
Class com.android.builder.model.v2.models.Versions$Version                            : loaded 3 times (x 72B)
Class org.jetbrains.plugins.gradle.tooling.builder.ProjectRepositoriesModelBuilder    : loaded 3 times (x 80B)
Class kotlin.collections.MapsKt___MapsKt                                              : loaded 3 times (x 73B)
Class kotlin.io.FilesKt                                                               : loaded 3 times (x 73B)
Class kotlin.collections.ArraysKt___ArraysKt                                          : loaded 3 times (x 73B)
Class kotlin.collections.SetsKt__SetsJVMKt                                            : loaded 3 times (x 73B)
Class kotlin.Function                                                                 : loaded 3 times (x 72B)
Class org.gradle.tooling.internal.adapter.ProtocolToModelAdapter$2                    : loaded 3 times (x 80B)
Class kotlin.Result$Failure                                                           : loaded 3 times (x 74B)
Class com.intellij.openapi.externalSystem.model.project.dependencies.ArtifactDependencyNodeImpl: loaded 3 times (x 97B)
Class org.gradle.tooling.internal.consumer.versioning.VersionDetails$R48VersionDetails: loaded 3 times (x 82B)
Class com.android.tools.idea.gradle.project.sync.AndroidExtraModelProvider            : loaded 3 times (x 81B)
Class kotlin.annotation.Retention                                                     : loaded 3 times (x 72B)
Class kotlin.collections.ArraysKt__ArraysKt                                           : loaded 3 times (x 73B)
Class com.android.builder.model.v2.models.ProjectSyncIssues                           : loaded 3 times (x 72B)
Class org.jetbrains.kotlin.idea.gradleTooling.KotlinDslScriptModelProvider            : loaded 3 times (x 80B)
Class kotlin.reflect.KDeclarationContainer                                            : loaded 3 times (x 72B)
Class com.android.builder.model.v2.ide.ApiVersion                                     : loaded 3 times (x 72B)
Class kotlin.text.StringsKt___StringsJvmKt                                            : loaded 3 times (x 73B)
Class com.android.builder.model.v2.ide.AndroidLibraryData                             : loaded 3 times (x 72B)
Class kotlin.io.FileAlreadyExistsException                                            : loaded 3 times (x 84B)
Class kotlin.internal.ProgressionUtilKt                                               : loaded 3 times (x 73B)
Class com.intellij.openapi.externalSystem.model.ExternalSystemException               : loaded 3 times (x 87B)
Class org.gradle.tooling.internal.consumer.versioning.VersionDetails$R35VersionDetails: loaded 3 times (x 82B)
Class org.jetbrains.kotlin.idea.projectModel.KotlinTarget                             : loaded 3 times (x 72B)
Class org.jetbrains.kotlin.idea.gradleTooling.MultiplatformModelImportingChecker      : loaded 3 times (x 72B)
Class com.google.common.collect.LexicographicalOrdering                               : loaded 3 times (x 117B)
Class kotlin.ResultKt                                                                 : loaded 3 times (x 73B)
Class org.jetbrains.plugins.gradle.tooling.builder.IntelliJSettingsBuilder            : loaded 3 times (x 80B)
Class kotlin.jvm.internal.KotlinGenericDeclaration                                    : loaded 3 times (x 72B)
Class org.gradle.tooling.internal.adapter.ProtocolToModelAdapter$TypeSpecificMappingAction: loaded 3 times (x 83B)
Class org.gradle.tooling.model.eclipse.EclipseExternalDependency                      : loaded 3 times (x 72B)
Class com.intellij.gradle.toolingExtension.impl.model.dependencyGraphModel.GradleDependencyReportGenerator: loaded 3 times (x 75B)
Class kotlin.collections.MapsKt__MapWithDefaultKt                                     : loaded 3 times (x 73B)
Class com.google.common.collect.NullsFirstOrdering                                    : loaded 3 times (x 117B)
Class com.android.builder.model.v2.CustomSourceDirectory                              : loaded 3 times (x 72B)
Class kotlin.collections.CollectionsKt___CollectionsKt                                : loaded 3 times (x 73B)
Class kotlin.annotation.Target                                                        : loaded 3 times (x 72B)
Class kotlin.collections.EmptySet                                                     : loaded 3 times (x 124B)
Class kotlin.jvm.functions.Function4                                                  : loaded 3 times (x 72B)
Class org.gradle.tooling.internal.adapter.ProtocolToModelAdapter$BeanMixInMethodInvoker: loaded 3 times (x 78B)
Class com.intellij.openapi.externalSystem.model.project.dependencies.ComponentDependencies: loaded 3 times (x 72B)
Class org.jetbrains.plugins.gradle.tooling.ModelBuilderService$Ex                     : loaded 3 times (x 72B)
Class org.jetbrains.kotlin.idea.projectModel.ExtraFeatures                            : loaded 3 times (x 72B)
Class org.gradle.tooling.internal.consumer.connection.InternalPhasedActionAdapter     : loaded 3 times (x 80B)
Class com.android.builder.model.v2.models.VariantDependenciesAdjacencyList            : loaded 3 times (x 72B)
Class kotlin.text.StringsKt___StringsKt                                               : loaded 3 times (x 73B)
Class com.google.common.collect.NullsLastOrdering                                     : loaded 3 times (x 117B)
Class kotlin.collections.CollectionsKt__MutableCollectionsJVMKt                       : loaded 3 times (x 73B)
Class org.gradle.tooling.model.build.GradleEnvironment                                : loaded 3 times (x 72B)
Class kotlin.coroutines.jvm.internal.DebugProbesKt                                    : loaded 3 times (x 73B)
Class com.intellij.gradle.toolingExtension.modelAction.GradleModelFetchPhase$ProjectLoaded: loaded 3 times (x 72B)
Class com.android.ide.gradle.model.artifacts.AdditionalClassifierArtifactsModel       : loaded 3 times (x 72B)
Class com.intellij.gradle.toolingExtension.modelProvider.GradleClassProjectModelProvider: loaded 3 times (x 82B)
Class com.android.ide.gradle.model.dependencies.Coordinates                           : loaded 3 times (x 72B)
Class kotlin.collections.MapsKt___MapsJvmKt                                           : loaded 3 times (x 73B)
Class com.google.common.collect.AbstractRangeSet                                      : loaded 3 times (x 116B)
Class com.android.tools.idea.gradle.project.sync.GradleSyncStudioFlags                : loaded 3 times (x 74B)
Class com.intellij.gradle.toolingExtension.impl.model.dependencyDownloadPolicyModel.GradleDependencyDownloadPolicyBuilder: loaded 3 times (x 88B)
Class com.intellij.gradle.toolingExtension.impl.modelSerialization.SerializationServiceNotFoundException: loaded 3 times (x 84B)
Class com.intellij.gradle.toolingExtension.modelAction.GradleBuildFinishedModelFetchPhase: loaded 3 times (x 83B)
Class org.gradle.tooling.internal.consumer.connection.UnparameterizedBuildController  : loaded 3 times (x 114B)
Class com.intellij.gradle.toolingExtension.impl.model.projectModel.GradleExternalProjectModelBuilder: loaded 3 times (x 88B)
Class org.jetbrains.kotlin.idea.gradleTooling.KotlinMPPGradleModelBuilder$Companion   : loaded 3 times (x 73B)
Class com.google.common.collect.ImmutableRangeSet$ComplementRanges                    : loaded 3 times (x 209B)
Class com.android.builder.model.v2.models.VariantDependencies                         : loaded 3 times (x 72B)
Class kotlin.collections.EmptyList                                                    : loaded 3 times (x 176B)
Class kotlin.ranges.ClosedRange                                                       : loaded 3 times (x 72B)
Class com.android.builder.model.v2.ide.JavaArtifact                                   : loaded 3 times (x 72B)
Class kotlin.collections.MapsKt__MapsJVMKt                                            : loaded 3 times (x 73B)
Class com.android.builder.model.v2.ide.AndroidGradlePluginProjectFlags$BooleanFlag    : loaded 3 times (x 81B)
Class com.intellij.gradle.toolingExtension.impl.model.taskModel.DefaultGradleTaskModel: loaded 3 times (x 77B)
Class kotlin.jvm.functions.Function2                                                  : loaded 3 times (x 72B)
Class kotlin.collections.ArraysKt___ArraysKt$asSequence$$inlined$Sequence$1           : loaded 3 times (x 77B)
Class kotlin.KotlinNothingValueException                                              : loaded 3 times (x 84B)
Class kotlin.ranges.IntRange$Companion                                                : loaded 3 times (x 73B)
Class org.jetbrains.plugins.gradle.tooling.builder.MavenRepositoriesModelBuilder      : loaded 3 times (x 83B)
Class org.gradle.tooling.model.cpp.CppComponent                                       : loaded 3 times (x 72B)
Class com.android.builder.model.v2.ide.TestedTargetVariant                            : loaded 3 times (x 72B)
Class com.android.builder.model.v2.models.ndk.NativeModelBuilderParameter             : loaded 3 times (x 72B)
Class kotlin.text.MatcherMatchResult$groups$1                                         : loaded 3 times (x 153B)
Class kotlin.collections.EmptyMap                                                     : loaded 3 times (x 110B)
Class kotlin.coroutines.CoroutineContext                                              : loaded 3 times (x 72B)
Class com.intellij.openapi.externalSystem.model.project.dependencies.ProjectDependencyNode: loaded 3 times (x 72B)
Class org.gradle.tooling.BuildController                                              : loaded 3 times (x 72B)
Class com.android.tools.idea.gradle.project.sync.SyncProjectActionOptions             : loaded 3 times (x 75B)
Class kotlin.text.StringsKt__StringsJVMKt                                             : loaded 3 times (x 73B)
Class kotlin.collections.IntIterator                                                  : loaded 3 times (x 84B)
Class com.google.common.collect.NullnessCasts                                         : loaded 3 times (x 73B)
Class kotlin.reflect.KAnnotatedElement                                                : loaded 3 times (x 72B)
Class org.jetbrains.kotlin.idea.gradleTooling.PrepareKotlinIdeaImportTaskModelBuilder$Companion: loaded 3 times (x 73B)
Class org.jetbrains.plugins.gradle.tooling.ModelBuilderService                        : loaded 3 times (x 72B)
Class org.gradle.tooling.internal.consumer.versioning.ModelMapping$DefaultModelIdentifier: loaded 3 times (x 78B)
Class kotlin.jvm.internal.markers.KMutableCollection                                  : loaded 3 times (x 72B)
Class com.google.common.collect.ExplicitOrdering                                      : loaded 3 times (x 117B)
Class com.intellij.gradle.toolingExtension.impl.model.utilDummyModel.DefaultDummyModel: loaded 3 times (x 75B)
Class org.jetbrains.kotlin.idea.gradleTooling.AbstractKotlinGradleModelBuilder        : loaded 3 times (x 83B)
Class org.gradle.tooling.UnsupportedVersionException                                  : loaded 3 times (x 85B)
Class kotlin.text.StringsKt__IndentKt                                                 : loaded 3 times (x 73B)
Class com.android.builder.model.v2.dsl.SigningConfig                                  : loaded 3 times (x 72B)
Class kotlin.jvm.functions.Function1                                                  : loaded 3 times (x 72B)
Class kotlin.coroutines.intrinsics.IntrinsicsKt                                       : loaded 3 times (x 73B)
Class com.android.builder.model.v2.models.AndroidProject                              : loaded 3 times (x 72B)
Class com.android.builder.model.v2.AndroidModel                                       : loaded 3 times (x 72B)
Class kotlin.collections.AbstractMutableList                                          : loaded 3 times (x 208B)
Class kotlin.collections.SetsKt                                                       : loaded 3 times (x 73B)
Class com.android.builder.model.v2.ide.AaptOptions                                    : loaded 3 times (x 72B)
Class com.android.builder.model.v2.ide.LibraryType                                    : loaded 3 times (x 81B)
Class [Lcom.android.builder.model.v2.ide.BytecodeTransformation;                      : loaded 3 times (x 71B)
Class [Lcom.android.builder.model.v2.ide.LibraryType;                                 : loaded 3 times (x 71B)
Class com.android.ide.gradle.model.ArtifactIdentifierImpl                             : loaded 3 times (x 79B)
Class org.jetbrains.kotlin.tooling.core.KotlinToolingVersion                          : loaded 3 times (x 77B)
Class org.jetbrains.kotlin.idea.gradleTooling.model.kapt.KaptModelBuilderService      : loaded 3 times (x 88B)
Class com.intellij.gradle.toolingExtension.impl.model.sourceSetArtifactIndex.GradleSourceSetArtifactIndexBuilder: loaded 3 times (x 88B)
Class org.gradle.tooling.internal.consumer.connection.StreamingAwareBuildControllerAdapter: loaded 3 times (x 114B)
Class org.gradle.tooling.internal.consumer.converters.FixedBuildIdentifierProvider    : loaded 3 times (x 77B)
Class com.android.tools.idea.gradle.project.sync.SwitchVariantRequest                 : loaded 3 times (x 74B)
Class org.jetbrains.kotlin.idea.gradleTooling.PrepareKotlinIdeaImportTaskModelBuilder : loaded 3 times (x 88B)
Class kotlin.collections.ArraysUtilJVM                                                : loaded 3 times (x 73B)
Class kotlin.jvm.functions.Function0                                                  : loaded 3 times (x 72B)
Class kotlin.sequences.FlatteningSequence$iterator$1                                  : loaded 3 times (x 81B)
Class org.gradle.tooling.model.kotlin.dsl.KotlinDslScriptModel                        : loaded 3 times (x 72B)
Class org.jetbrains.plugins.gradle.tooling.builder.AnnotationProcessingModelBuilder   : loaded 3 times (x 88B)
Class kotlin.reflect.KFunction                                                        : loaded 3 times (x 72B)
Class kotlin.collections.ArrayDeque                                                   : loaded 3 times (x 209B)
Class com.google.common.collect.Range                                                 : loaded 3 times (x 88B)
Class kotlin.text.CharsKt                                                             : loaded 3 times (x 73B)
Class kotlin.collections.CollectionsKt__ReversedViewsKt                               : loaded 3 times (x 73B)
Class org.jetbrains.plugins.gradle.tooling.builder.ProjectExtensionsDataBuilderImpl   : loaded 3 times (x 80B)
Class kotlin.reflect.KCallable                                                        : loaded 3 times (x 72B)
Class com.google.common.collect.ImmutableRangeSet$1                                   : loaded 3 times (x 212B)
Class com.android.builder.model.v2.ide.CodeShrinker                                   : loaded 3 times (x 81B)
Class kotlin.io.FilesKt__FilePathComponentsKt                                         : loaded 3 times (x 73B)
Class kotlin.io.TerminateException                                                    : loaded 3 times (x 84B)
Class org.gradle.tooling.internal.consumer.connection.NestedActionAwareBuildControllerAdapter: loaded 3 times (x 114B)
Class org.gradle.tooling.internal.consumer.versioning.VersionDetails$R51VersionDetails: loaded 3 times (x 82B)
Class org.gradle.tooling.internal.consumer.versioning.VersionDetails                  : loaded 3 times (x 82B)
Class kotlin.collections.MapsKt__MapsKt                                               : loaded 3 times (x 73B)
Class kotlin.collections.MapsKt                                                       : loaded 3 times (x 73B)
Class com.intellij.gradle.toolingExtension.impl.modelSerialization.ToolingSerializer  : loaded 3 times (x 74B)
Class org.jetbrains.kotlin.idea.gradleTooling.model.allopen.AllOpenModelBuilderService: loaded 3 times (x 87B)
Class org.jetbrains.kotlin.idea.gradleTooling.model.noarg.NoArgModelBuilderService    : loaded 3 times (x 87B)
Class kotlin.sequences.SequencesKt__SequenceBuilderKt                                 : loaded 3 times (x 73B)
Class org.gradle.internal.impldep.com.google.common.base.Optional                     : loaded 3 times (x 82B)
Class org.gradle.tooling.model.eclipse.EclipseClasspathEntry                          : loaded 3 times (x 72B)
Class kotlin.coroutines.intrinsics.CoroutineSingletons                                : loaded 3 times (x 81B)
Class kotlin.collections.CollectionsKt__IterablesKt                                   : loaded 3 times (x 73B)
Class kotlin.io.FilesKt__FileTreeWalkKt                                               : loaded 3 times (x 73B)
Class kotlin.ranges.RangesKt                                                          : loaded 3 times (x 73B)
Class org.jetbrains.plugins.gradle.tooling.MessageReportBuilder                       : loaded 3 times (x 72B)
Class kotlin.collections.CollectionsKt__MutableCollectionsKt                          : loaded 3 times (x 73B)
Class com.android.ide.gradle.model.ArtifactIdentifier                                 : loaded 3 times (x 72B)
Class [Lcom.android.builder.model.v2.ide.AaptOptions$Namespacing;                     : loaded 3 times (x 71B)
Class com.android.tools.idea.gradle.project.sync.AndroidExtraModelProviderImpl        : loaded 3 times (x 74B)
Class com.android.builder.model.v2.ide.BytecodeTransformation                         : loaded 3 times (x 81B)
Class com.android.builder.model.v2.ide.Variant                                        : loaded 3 times (x 72B)
Class kotlin.ranges.OpenEndRange                                                      : loaded 3 times (x 72B)
Class kotlin.Pair                                                                     : loaded 3 times (x 74B)
Class kotlin.sequences.TransformingSequence$iterator$1                                : loaded 3 times (x 81B)
Class com.android.ide.gradle.model.GradlePropertiesModel                              : loaded 3 times (x 72B)
Class com.intellij.gradle.toolingExtension.modelAction.GradleModelFetchPhase          : loaded 3 times (x 72B)
Class kotlin.sequences.SequenceBuilderIterator                                        : loaded 3 times (x 87B)
Class com.intellij.gradle.toolingExtension.impl.modelBuilder.DefaultModelBuilderContext: loaded 3 times (x 79B)
Class com.intellij.gradle.toolingExtension.impl.model.warmUp.GradleTaskWarmUpService  : loaded 3 times (x 88B)
Class kotlin.sequences.SequencesKt___SequencesJvmKt                                   : loaded 3 times (x 73B)
Class com.intellij.gradle.toolingExtension.impl.util.GradleExecutorServiceUtil        : loaded 3 times (x 73B)
Class kotlin.Unit                                                                     : loaded 3 times (x 73B)
Class kotlin.jvm.internal.markers.KMutableIterable                                    : loaded 3 times (x 72B)
Class com.android.ide.gradle.model.composites.BuildMap                                : loaded 3 times (x 72B)
Class kotlin.Metadata                                                                 : loaded 3 times (x 72B)
Class kotlin.TuplesKt                                                                 : loaded 3 times (x 73B)
Class [Lcom.android.builder.model.v2.ide.ProjectType;                                 : loaded 3 times (x 71B)
Class org.jetbrains.plugins.gradle.tooling.MessageReporter                            : loaded 3 times (x 72B)
Class com.intellij.compose.ide.plugin.gradleTooling.rt.ComposeResourcesModelBuilder   : loaded 3 times (x 80B)
Class org.jetbrains.kotlin.idea.gradleTooling.model.assignment.AssignmentModelBuilderService: loaded 3 times (x 87B)
Class com.android.builder.model.v2.dsl.BuildType                                      : loaded 3 times (x 72B)
Class kotlin.Result                                                                   : loaded 3 times (x 74B)
Class kotlin.ranges.RangesKt___RangesKt                                               : loaded 3 times (x 73B)
Class [Lcom.android.tools.idea.gradle.project.sync.SyncTestMode;                      : loaded 3 times (x 71B)
Class com.intellij.gradle.toolingExtension.impl.modelSerialization.ToolingSerializerConverter: loaded 3 times (x 75B)
Class com.android.builder.model.v2.ide.TestInfo$Execution                             : loaded 3 times (x 81B)
Class org.gradle.tooling.model.idea.IdeaLanguageLevel                                 : loaded 3 times (x 72B)
Class com.android.builder.model.v2.ide.Library                                        : loaded 3 times (x 72B)
Class com.android.builder.model.v2.ide.ArtifactDependenciesAdjacencyList              : loaded 3 times (x 72B)
Class com.intellij.gradle.toolingExtension.modelProvider.GradleClassBuildModelProvider: loaded 3 times (x 82B)
Class org.gradle.tooling.internal.consumer.connection.FetchAwareBuildControllerAdapter: loaded 3 times (x 114B)
Class kotlin.ranges.IntProgressionIterator                                            : loaded 3 times (x 84B)
Class com.android.builder.model.v2.models.Versions                                    : loaded 3 times (x 72B)
Class kotlin.ranges.IntProgression$Companion                                          : loaded 3 times (x 73B)
Class org.jetbrains.kotlin.idea.gradleTooling.KotlinGradleModelBuilder                : loaded 3 times (x 88B)
Class kotlin.collections.CollectionsKt___CollectionsJvmKt                             : loaded 3 times (x 73B)
Class kotlin.jvm.internal.CollectionToArray                                           : loaded 3 times (x 73B)
Class org.jetbrains.plugins.gradle.tooling.builder.VersionCatalogsModelBuilder        : loaded 3 times (x 88B)
Class com.intellij.openapi.externalSystem.model.project.dependencies.AbstractDependencyNode: loaded 3 times (x 89B)
Class com.intellij.gradle.toolingExtension.impl.model.utilDummyModel.DummyModelBuilder: loaded 3 times (x 88B)
Class com.intellij.gradle.toolingExtension.impl.model.buildScriptClasspathModel.GradleBuildScriptClasspathModelProvider: loaded 3 times (x 81B)
Class org.gradle.tooling.internal.consumer.connection.ParameterAwareBuildControllerAdapter: loaded 3 times (x 114B)
Class kotlin.jvm.internal.FunctionReferenceImpl                                       : loaded 3 times (x 128B)
Class com.android.builder.model.v2.ide.ProjectInfo                                    : loaded 3 times (x 72B)
Class kotlin.text.CharsKt__CharKt                                                     : loaded 3 times (x 73B)
Class org.jetbrains.kotlin.idea.gradleTooling.IdeaKpmProjectProvider                  : loaded 3 times (x 80B)
Class org.jetbrains.plugins.gradle.tooling.builder.IntelliJProjectSettingsBuilder     : loaded 3 times (x 80B)
Class kotlin.collections.CollectionsKt__IteratorsJVMKt                                : loaded 3 times (x 73B)
Class com.google.common.collect.SortedIterable                                        : loaded 3 times (x 72B)
Class com.android.builder.model.v2.models.ndk.NativeModule                            : loaded 3 times (x 72B)
Class kotlin.collections.ArrayDeque$Companion                                         : loaded 3 times (x 73B)
Class kotlin.collections.ArraysKt                                                     : loaded 3 times (x 73B)
Class org.gradle.tooling.model.cpp.CppBinary                                          : loaded 3 times (x 72B)
Class org.jetbrains.kotlin.idea.gradleTooling.KotlinDslScriptTaskModelBuilder         : loaded 3 times (x 88B)
Class kotlin.Result$Companion                                                         : loaded 3 times (x 73B)
Class kotlin.coroutines.jvm.internal.BaseContinuationImpl                             : loaded 3 times (x 89B)
Class com.intellij.gradle.toolingExtension.impl.modelAction.GradleModelFetchAction    : loaded 3 times (x 88B)
Class kotlin.sequences.FilteringSequence$iterator$1                                   : loaded 3 times (x 81B)
Class org.gradle.tooling.BuildAction                                                  : loaded 3 times (x 72B)
Class org.gradle.tooling.internal.adapter.ProtocolToModelAdapter$MixInBeanMappingAction: loaded 3 times (x 83B)
Class com.android.builder.model.v2.ide.AndroidArtifact                                : loaded 3 times (x 72B)
Class kotlin.comparisons.ComparisonsKt___ComparisonsJvmKt                             : loaded 3 times (x 73B)
Class org.gradle.tooling.internal.consumer.converters.IdeaProjectJavaLanguageSettingsMixin: loaded 3 times (x 75B)
Class com.intellij.gradle.toolingExtension.impl.model.sourceSetModel.GradleSourceSetModelBuilder: loaded 3 times (x 88B)
Class org.jetbrains.kotlin.idea.gradleTooling.model.samWithReceiver.SamWithReceiverModelBuilderService: loaded 3 times (x 87B)
Class com.android.builder.model.v2.ide.SourceProvider                                 : loaded 3 times (x 72B)
Class com.android.builder.model.v2.ide.BundleInfo                                     : loaded 3 times (x 72B)
Class kotlin.comparisons.ComparisonsKt___ComparisonsKt                                : loaded 3 times (x 73B)
Class kotlin.comparisons.ComparisonsKt                                                : loaded 3 times (x 73B)
Class kotlin.text.CharsKt__CharJVMKt                                                  : loaded 3 times (x 73B)
Class kotlin.sequences.FilteringSequence                                              : loaded 3 times (x 77B)
Class kotlin.jvm.internal.FunctionBase                                                : loaded 3 times (x 72B)
Class [Lkotlin.coroutines.intrinsics.CoroutineSingletons;                             : loaded 3 times (x 71B)
Class kotlin.jvm.internal.FunctionReference                                           : loaded 3 times (x 128B)
Class com.google.common.collect.ImmutableRangeSet$AsSet                               : loaded 3 times (x 302B)
Class com.android.builder.model.v2.dsl.DependenciesInfo                               : loaded 3 times (x 72B)
Class com.google.common.collect.ByFunctionOrdering                                    : loaded 3 times (x 117B)
Class kotlin.collections.SetsKt__SetsKt                                               : loaded 3 times (x 73B)
Class kotlin.coroutines.EmptyCoroutineContext                                         : loaded 3 times (x 79B)
Class com.android.ide.gradle.model.LegacyAndroidGradlePluginPropertiesModelParameters : loaded 3 times (x 72B)
Class com.android.builder.model.v2.ide.Installation                                   : loaded 3 times (x 72B)
Class org.gradle.tooling.internal.consumer.versioning.VersionDetails$R26VersionDetails: loaded 3 times (x 82B)
Class com.google.common.collect.ImmutableSortedAsList                                 : loaded 3 times (x 223B)
Class kotlin.text.RegexKt                                                             : loaded 3 times (x 73B)
Class kotlin.coroutines.intrinsics.IntrinsicsKt__IntrinsicsKt                         : loaded 3 times (x 73B)
Class org.jetbrains.kotlin.idea.gradleTooling.model.parcelize.ParcelizeModelBuilderService: loaded 3 times (x 83B)
Class com.intellij.openapi.externalSystem.model.project.dependencies.ArtifactDependencyNode: loaded 3 times (x 72B)
Class com.android.tools.idea.gradle.project.sync.SelectedVariants                     : loaded 3 times (x 74B)
Class org.gradle.tooling.internal.consumer.converters.BasicGradleProjectIdentifierMixin: loaded 3 times (x 75B)
Class com.intellij.gradle.toolingExtension.impl.modelSerialization.ToolingSerializer$1: loaded 3 times (x 78B)
Class org.gradle.tooling.internal.consumer.versioning.ModelMapping                    : loaded 3 times (x 75B)
Class kotlin.text.Regex$Companion                                                     : loaded 3 times (x 73B)
Class kotlin.collections.ArraysKt__ArraysJVMKt                                        : loaded 3 times (x 73B)
Class org.jetbrains.kotlin.idea.gradleTooling.OrphanSourceSetImportingChecker         : loaded 3 times (x 76B)
Class ijInit1_e44lle423e2omyh79xcqyj93a$_run_closure1                                 : loaded 3 times (x 141B)
Class org.gradle.tooling.internal.consumer.versioning.VersionDetails$R28VersionDetails: loaded 3 times (x 82B)
Class kotlin.text.StringsKt__StringBuilderKt                                          : loaded 3 times (x 73B)
Class com.android.builder.model.v2.models.ModelBuilderParameter                       : loaded 3 times (x 72B)
Class kotlin.collections.CollectionsKt__CollectionsKt                                 : loaded 3 times (x 73B)
Class kotlin.coroutines.Continuation                                                  : loaded 3 times (x 72B)
Class kotlin.io.FilesKt__UtilsKt                                                      : loaded 3 times (x 73B)
Class com.google.common.collect.Lists$TransformingRandomAccessList                    : loaded 3 times (x 201B)
Class kotlin.sequences.SequencesKt__SequencesKt                                       : loaded 3 times (x 73B)
Class kotlin.collections.CollectionsKt__CollectionsJVMKt                              : loaded 3 times (x 73B)
Class kotlin.collections.SetsKt___SetsKt                                              : loaded 3 times (x 73B)
Class kotlin.collections.ArraysKt___ArraysJvmKt                                       : loaded 3 times (x 73B)
Class com.google.common.collect.AllEqualOrdering                                      : loaded 3 times (x 116B)
Class com.google.common.collect.RangeSet                                              : loaded 3 times (x 72B)
Class kotlin.ranges.RangesKt__RangesKt                                                : loaded 3 times (x 73B)
Class com.android.builder.model.v2.ide.AbstractArtifact                               : loaded 3 times (x 72B)
Class kotlin.text.StringsKt__RegexExtensionsJVMKt                                     : loaded 3 times (x 73B)
Class com.android.builder.model.v2.ide.BasicVariant                                   : loaded 3 times (x 72B)
Class com.android.builder.model.v2.ide.AndroidGradlePluginProjectFlags                : loaded 3 times (x 72B)
Class [Lcom.android.builder.model.v2.ide.AndroidGradlePluginProjectFlags$BooleanFlag; : loaded 3 times (x 71B)
Class kotlin.comparisons.ComparisonsKt__ComparisonsKt                                 : loaded 3 times (x 73B)
Class kotlin.jvm.internal.CallableReference$NoReceiver                                : loaded 3 times (x 73B)
Class kotlin.sequences.SequencesKt__SequencesKt$sequenceOf$1$1                        : loaded 3 times (x 81B)
Class kotlin.sequences.SequencesKt                                                    : loaded 3 times (x 73B)
Class kotlin.collections.CollectionsKt__IteratorsKt                                   : loaded 3 times (x 73B)
Class org.jetbrains.kotlin.idea.gradleTooling.model.lombok.LombokModelBuilderService  : loaded 3 times (x 89B)
Class org.jetbrains.plugins.gradle.tooling.util.ClassMap                              : loaded 3 times (x 74B)
Class com.intellij.gradle.toolingExtension.impl.model.taskModel.GradleTaskModelProvider: loaded 3 times (x 80B)
Class org.gradle.tooling.model.gradle.BasicGradleProject                              : loaded 3 times (x 72B)
Class org.jetbrains.kotlin.idea.gradleTooling.model.annotation.AnnotationBasedPluginModelBuilderService: loaded 3 times (x 87B)
Class com.intellij.gradle.toolingExtension.impl.model.taskModel.GradleTaskModelBuilder: loaded 3 times (x 88B)
Class com.intellij.gradle.toolingExtension.impl.util.collectionUtil.GradleCollectionVisitor: loaded 3 times (x 72B)
Class org.gradle.tooling.internal.consumer.converters.BackwardsCompatibleIdeaModuleDependency: loaded 3 times (x 72B)
Class org.gradle.api.JavaVersion                                                      : loaded 3 times (x 81B)
Class com.android.ide.gradle.model.AdditionalClassifierArtifactsModelParameter        : loaded 3 times (x 72B)
Class com.android.tools.idea.gradle.project.sync.ModelConsumerVersion                 : loaded 3 times (x 77B)
Class org.gradle.tooling.model.ExternalDependency                                     : loaded 3 times (x 72B)
Class org.gradle.tooling.model.idea.IdeaSingleEntryLibraryDependency                  : loaded 3 times (x 72B)
Class org.gradle.internal.impldep.com.google.common.base.Preconditions                : loaded 3 times (x 73B)
Class [Lcom.android.builder.model.v2.ide.CodeShrinker;                                : loaded 3 times (x 71B)
Class kotlin.text.StringsKt                                                           : loaded 3 times (x 73B)
Class org.jetbrains.kotlin.idea.gradleTooling.IdeaKotlinDependenciesContainer         : loaded 3 times (x 72B)
Class org.jetbrains.plugins.gradle.tooling.builder.DependencyAccessorsModelBuilder    : loaded 3 times (x 83B)
Class com.intellij.gradle.toolingExtension.impl.model.dependencyGraphModel.GradleDependencyGraphModelBuilder: loaded 3 times (x 84B)
Class kotlin.Triple                                                                   : loaded 3 times (x 74B)
Class kotlin.sequences.SequencesKt__SequenceBuilderKt$sequence$$inlined$Sequence$1    : loaded 3 times (x 77B)
Class com.android.ide.gradle.model.LegacyV1AgpVersionModel                            : loaded 3 times (x 72B)
Class org.gradle.tooling.internal.consumer.converters.IdeaModuleDependencyTargetNameMixin: loaded 3 times (x 75B)
Class org.gradle.tooling.internal.consumer.converters.EclipseExternalDependencyUnresolvedMixin: loaded 3 times (x 75B)
Class org.gradle.tooling.internal.consumer.versioning.VersionDetails$R44VersionDetails: loaded 3 times (x 82B)
Class org.jetbrains.kotlin.idea.projectModel.KotlinPlatform                           : loaded 3 times (x 81B)
Class com.intellij.openapi.externalSystem.model.project.dependencies.UnknownDependencyNode: loaded 3 times (x 89B)
Class com.android.builder.model.v2.ide.VectorDrawablesOptions                         : loaded 3 times (x 72B)
Class org.jetbrains.kotlin.idea.gradleTooling.AbstractKotlinGradleModelBuilder$Companion: loaded 3 times (x 73B)
Class org.gradle.tooling.model.build.BuildEnvironment                                 : loaded 3 times (x 72B)
Class kotlin.collections.CollectionsKt___CollectionsKt$asSequence$$inlined$Sequence$1 : loaded 3 times (x 77B)
Class com.android.ide.gradle.model.artifacts.AdditionalClassifierArtifacts            : loaded 3 times (x 72B)
Class kotlin.text.Regex                                                               : loaded 3 times (x 74B)
Class org.gradle.util.internal.DefaultGradleVersion$Stage                             : loaded 3 times (x 77B)
Class com.google.common.collect.ImmutableRangeSet$Builder                             : loaded 3 times (x 79B)
Class kotlin.coroutines.jvm.internal.RestrictedContinuationImpl                       : loaded 3 times (x 89B)
Class kotlin.text.StringsKt__StringBuilderJVMKt                                       : loaded 3 times (x 73B)
Class com.google.common.collect.Lists$ReverseList$1                                   : loaded 3 times (x 101B)
Class com.intellij.gradle.toolingExtension.impl.model.sourceSetModel.GradleSourceSetModelProvider: loaded 3 times (x 81B)
Class com.android.builder.model.v2.ide.Edge                                           : loaded 3 times (x 72B)
Class com.google.common.collect.ReverseOrdering                                       : loaded 3 times (x 117B)
Class org.gradle.tooling.internal.adapter.ProtocolToModelAdapter$MixInTypeMappingAction: loaded 3 times (x 83B)
Class org.gradle.tooling.model.build.JavaEnvironment                                  : loaded 3 times (x 72B)
Class com.android.tools.idea.gradle.project.sync.ModelProviderCachedData              : loaded 3 times (x 74B)
Class com.android.tools.idea.gradle.project.sync.SyncTestMode                         : loaded 3 times (x 81B)
Class com.android.ide.gradle.model.GradlePluginModel                                  : loaded 3 times (x 72B)
Class org.gradle.internal.impldep.com.google.common.base.Present                      : loaded 3 times (x 83B)
Class org.gradle.tooling.internal.consumer.connection.HasCompatibilityMapping         : loaded 3 times (x 75B)
Class [Lkotlin.Pair;                                                                  : loaded 3 times (x 71B)
Class kotlin.text.StringsKt__StringNumberConversionsKt                                : loaded 3 times (x 73B)
Class kotlin.io.FilesKt__FileReadWriteKt                                              : loaded 3 times (x 73B)
Class com.android.ide.gradle.model.dependencies.DeclaredDependencies                  : loaded 3 times (x 72B)
Class kotlin.coroutines.jvm.internal.RestrictedSuspendLambda                          : loaded 3 times (x 93B)
Class com.google.common.collect.UsingToStringOrdering                                 : loaded 3 times (x 116B)
Class kotlin.text.MatchNamedGroupCollection                                           : loaded 3 times (x 72B)
Class kotlin.sequences.SequencesKt__SequencesJVMKt                                    : loaded 3 times (x 73B)
Class kotlin.jvm.internal.markers.KMutableList                                        : loaded 3 times (x 72B)
Class com.google.common.collect.CompoundOrdering                                      : loaded 3 times (x 117B)
Class kotlin.sequences.FlatteningSequence                                             : loaded 3 times (x 77B)
Class kotlin.text.MatcherMatchResult                                                  : loaded 3 times (x 82B)
Class org.jetbrains.plugins.gradle.tooling.builder.ProjectExtensionsDataBuilderImpl$Companion: loaded 3 times (x 73B)
Class org.gradle.tooling.ToolingModelContract                                         : loaded 3 times (x 72B)
Class com.intellij.gradle.toolingExtension.impl.model.projectModel.GradleExternalProjectModelProvider: loaded 3 times (x 81B)
Class com.android.builder.model.v2.dsl.ProductFlavor                                  : loaded 3 times (x 72B)
Class kotlin.sequences.Sequence                                                       : loaded 3 times (x 72B)
Class kotlin.sequences.SequenceScope                                                  : loaded 3 times (x 75B)
Class [Lkotlin.sequences.Sequence;                                                    : loaded 3 times (x 71B)
Class [Lcom.android.builder.model.v2.ide.TestInfo$Execution;                          : loaded 3 times (x 71B)
Class kotlin.sequences.SequencesKt___SequencesKt$sortedWith$1                         : loaded 3 times (x 77B)
Class com.android.builder.model.v2.models.BasicAndroidProject                         : loaded 3 times (x 72B)
Class com.google.common.collect.Lists$ReverseList                                     : loaded 3 times (x 202B)
Class com.intellij.gradle.toolingExtension.modelAction.GradleProjectLoadedModelFetchPhase: loaded 3 times (x 83B)
Class com.google.common.collect.ImmutableSortedSet                                    : loaded 3 times (x 302B)
Class kotlin.text.MatchResult                                                         : loaded 3 times (x 72B)
Class com.google.common.collect.NaturalOrdering                                       : loaded 3 times (x 117B)
Class org.gradle.tooling.internal.consumer.connection.InternalBuildActionAdapter      : loaded 3 times (x 82B)
Class kotlin.text.MatchGroupCollection                                                : loaded 3 times (x 72B)
Class kotlin.text.StringsKt__StringNumberConversionsJVMKt                             : loaded 3 times (x 73B)
Class org.gradle.tooling.internal.consumer.converters.EclipseProjectHasAutoBuildMixin : loaded 3 times (x 74B)
Class org.gradle.tooling.UnknownModelException                                        : loaded 3 times (x 85B)
Class kotlin.sequences.SequencesKt__SequencesKt$sequenceOf$$inlined$Sequence$1        : loaded 3 times (x 77B)
Class com.android.builder.model.v2.ide.SourceSetContainer                             : loaded 3 times (x 72B)
Class com.intellij.gradle.toolingExtension.impl.model.utilTurnOffDefaultTasksModel.TurnOffDefaultTasksModelBuilder: loaded 3 times (x 88B)
Class org.jetbrains.kotlin.idea.gradleTooling.KotlinMPPGradleModelBuilder             : loaded 3 times (x 88B)
Class org.gradle.tooling.internal.adapter.ProtocolToModelAdapter$ChainedMethodInvoker : loaded 3 times (x 78B)
Class com.android.builder.model.v2.ide.LintOptions                                    : loaded 3 times (x 72B)
Class com.google.common.collect.ComparatorOrdering                                    : loaded 3 times (x 117B)
Class com.android.builder.model.v2.ide.LibraryInfo                                    : loaded 3 times (x 72B)
Class ijInit1_e44lle423e2omyh79xcqyj93a                                               : loaded 3 times (x 173B)
Class com.android.builder.model.v2.ide.ViewBindingOptions                             : loaded 3 times (x 72B)
Class org.gradle.tooling.model.gradle.GradleScript                                    : loaded 3 times (x 72B)
Class kotlin.collections.EmptyIterator                                                : loaded 3 times (x 91B)
Class kotlin.text.StringsKt__RegexExtensionsKt                                        : loaded 3 times (x 73B)
Class kotlin.text.StringsKt__StringsKt                                                : loaded 3 times (x 73B)
Class com.google.common.collect.Lists$RandomAccessReverseList                         : loaded 3 times (x 202B)
Class kotlin.coroutines.jvm.internal.SpillingKt                                       : loaded 3 times (x 73B)
Class org.jetbrains.plugins.gradle.tooling.builder.ScalaModelBuilderImpl              : loaded 3 times (x 83B)
Class org.jetbrains.plugins.gradle.tooling.ModelBuilderContext                        : loaded 3 times (x 72B)
Class com.android.tools.idea.gradle.project.sync.AdditionalClassifierArtifactsActionOptions: loaded 3 times (x 74B)
Class kotlin.jvm.internal.ArrayIteratorKt                                             : loaded 3 times (x 73B)
Class org.jetbrains.kotlin.idea.projectModel.KotlinSwiftExportModel                   : loaded 3 times (x 72B)
Class com.google.common.collect.RegularImmutableSortedSet                             : loaded 3 times (x 302B)
Class org.gradle.tooling.FetchModelResult                                             : loaded 3 times (x 72B)
Class kotlin.jvm.internal.CallableReference                                           : loaded 3 times (x 112B)
Class org.gradle.tooling.internal.consumer.converters.ConsumerTargetTypeProvider      : loaded 3 times (x 78B)
Class com.android.builder.model.v2.models.AndroidDsl                                  : loaded 3 times (x 72B)
Class kotlin.ranges.IntProgression                                                    : loaded 3 times (x 83B)
Class com.android.ide.gradle.model.LegacyAndroidGradlePluginProperties                : loaded 3 times (x 72B)
Class com.intellij.gradle.toolingExtension.impl.modelBuilder.DefaultMessageReporter   : loaded 3 times (x 77B)
Class com.google.common.collect.ImmutableRangeSet                                     : loaded 3 times (x 117B)
Class kotlin.text.StringsKt__AppendableKt                                             : loaded 3 times (x 73B)
Class com.intellij.gradle.toolingExtension.impl.modelSerialization.DefaultSerializationService: loaded 3 times (x 78B)
Class com.android.builder.model.v2.ide.BasicArtifact                                  : loaded 3 times (x 72B)
Class kotlin.coroutines.jvm.internal.SuspendFunction                                  : loaded 3 times (x 72B)
Class [Lorg.gradle.api.JavaVersion;                                                   : loaded 3 times (x 71B)
Class kotlin.ranges.IntRange                                                          : loaded 3 times (x 95B)
Class kotlin.jvm.KotlinReflectionNotSupportedError                                    : loaded 3 times (x 84B)
Class org.gradle.tooling.model.idea.IdeaDependencyScope                               : loaded 3 times (x 72B)
Class com.intellij.gradle.toolingExtension.impl.model.buildScriptClasspathModel.GradleBuildScriptClasspathModelBuilder: loaded 3 times (x 88B)
Class kotlin.jvm.internal.ArrayIterator                                               : loaded 3 times (x 81B)
Class com.intellij.gradle.toolingExtension.modelAction.GradleModelFetchPhase$BuildFinished: loaded 3 times (x 72B)
Class org.jetbrains.plugins.gradle.tooling.ModelBuilderService$ParameterizedModelBuilderService: loaded 3 times (x 72B)
Class org.jetbrains.plugins.gradle.tooling.builder.EarModelBuilderImpl                : loaded 3 times (x 88B)
Class org.jetbrains.kotlin.idea.projectModel.KotlinTarget$Companion                   : loaded 3 times (x 73B)
Class org.gradle.tooling.internal.adapter.ProtocolToModelAdapter$ClassMixInMethodInvoker: loaded 3 times (x 78B)
Class com.intellij.openapi.externalSystem.model.project.dependencies.DependencyNode   : loaded 3 times (x 72B)
Class org.gradle.tooling.internal.consumer.converters.IncludedBuildsMixin             : loaded 3 times (x 76B)
Class kotlin.sequences.SequencesKt___SequencesKt$flatMap$2                            : loaded 3 times (x 131B)
Class org.jetbrains.plugins.gradle.model.scala.ScalaModel                             : loaded 3 times (x 72B)
Class com.intellij.gradle.toolingExtension.impl.modelAction.GradleModelHolderState    : loaded 3 times (x 79B)
Class com.intellij.gradle.toolingExtension.impl.modelBuilder.ExtraModelBuilder        : loaded 3 times (x 87B)
Class org.jetbrains.plugins.gradle.tooling.builder.WarModelBuilderImpl                : loaded 3 times (x 88B)
Class com.android.builder.model.v2.ide.TestInfo                                       : loaded 3 times (x 72B)
Class com.google.common.collect.Ordering                                              : loaded 3 times (x 116B)
Class org.jetbrains.plugins.gradle.model.ProjectImportModelProvider$GradleModelConsumer: loaded 3 times (x 72B)
Class com.intellij.openapi.externalSystem.model.project.dependencies.ProjectDependencyNodeImpl: loaded 3 times (x 95B)
Class com.intellij.gradle.toolingExtension.impl.model.sourceSetDependencyModel.GradleSourceSetDependencyModelProvider: loaded 3 times (x 81B)
Class org.jetbrains.kotlin.gradle.idea.tcs.IdeaKotlinDependencyCoordinates            : loaded 3 times (x 72B)
Class com.intellij.gradle.toolingExtension.impl.model.sourceSetModel.DefaultGradleSourceSetModel: loaded 3 times (x 83B)
Class org.jetbrains.kotlin.idea.gradleTooling.KotlinDslScriptTaskModelBuilder$Companion: loaded 3 times (x 73B)
Class com.intellij.gradle.toolingExtension.impl.javaModel.manifestModel.JavaGradleManifestModelBuilder: loaded 3 times (x 88B)
Class org.jetbrains.kotlin.idea.projectModel.KotlinTargetJar                          : loaded 3 times (x 72B)
Class kotlin.sequences.SequencesKt___SequencesKt                                      : loaded 3 times (x 73B)
Class com.google.common.collect.ReverseNaturalOrdering                                : loaded 3 times (x 116B)
Class com.android.tools.idea.gradle.project.sync.SingleVariantSyncActionOptions       : loaded 3 times (x 75B)
Class com.android.builder.model.v2.dsl.BaseConfig                                     : loaded 3 times (x 72B)
Class kotlin.jvm.internal.Ref$BooleanRef                                              : loaded 3 times (x 73B)
Class kotlin.jvm.internal.StringCompanionObject                                       : loaded 3 times (x 73B)
Class org.jetbrains.plugins.gradle.tooling.builder.ExternalTestsModelBuilderImpl      : loaded 3 times (x 80B)
Class com.google.common.collect.ForwardingObject                                      : loaded 3 times (x 74B)
Class kotlin.coroutines.intrinsics.IntrinsicsKt__IntrinsicsJvmKt                      : loaded 3 times (x 73B)
Class com.android.builder.model.v2.ide.JavaCompileOptions                             : loaded 3 times (x 72B)
Class com.android.tools.idea.gradle.project.sync.SyncActionOptions                    : loaded 3 times (x 74B)
Class kotlin.coroutines.jvm.internal.CoroutineStackFrame                              : loaded 3 times (x 72B)
Class com.android.builder.model.v2.ide.AaptOptions$Namespacing                        : loaded 3 times (x 81B)
Class com.intellij.gradle.toolingExtension.impl.modelAction.GradleDaemonModelHolder   : loaded 3 times (x 78B)
Class org.jetbrains.kotlin.idea.gradleTooling.KotlinMPPGradleModelBinaryBuilder       : loaded 3 times (x 88B)
Class com.android.utils.FileUtils                                                     : loaded 3 times (x 73B)
Class org.jetbrains.kotlin.gradle.idea.tcs.IdeaKotlinDependency                       : loaded 3 times (x 72B)
Class [Lorg.gradle.tooling.internal.adapter.MethodInvoker;                            : loaded 3 times (x 71B)
Class org.jetbrains.plugins.gradle.tooling.AbstractModelBuilderService                : loaded 3 times (x 88B)
Class com.android.utils.StringHelper                                                  : loaded 3 times (x 73B)
Class kotlin.sequences.TransformingSequence                                           : loaded 3 times (x 77B)
Class com.android.builder.model.v2.ide.ProjectType                                    : loaded 3 times (x 81B)
Class kotlin.io.FileSystemException                                                   : loaded 3 times (x 84B)
Class com.android.builder.model.v2.ide.ComponentInfo                                  : loaded 3 times (x 72B)
Class org.jetbrains.kotlin.idea.gradleTooling.KotlinMPPGradleModel$Companion          : loaded 3 times (x 73B)
Class org.gradle.tooling.model.idea.IdeaCompilerOutput                                : loaded 3 times (x 72B)
Class kotlin.io.NoSuchFileException                                                   : loaded 3 times (x 84B)
Class com.intellij.util.ReflectionUtilRt                                              : loaded 3 times (x 73B)
Class org.gradle.tooling.internal.consumer.converters.GradleProjectIdentifierMixin    : loaded 3 times (x 75B)
Class kotlin.collections.CollectionsKt                                                : loaded 3 times (x 73B)
Class com.intellij.gradle.toolingExtension.impl.model.sourceSetDependencyModel.GradleSourceSetDependencyModelBuilder: loaded 3 times (x 88B)
Class org.gradle.internal.classloader.ClasspathUtil                                   : loaded 2 times (x 73B)
Class org.jetbrains.plugins.gradle.model.MavenRepositoryModel                         : loaded 2 times (x 72B)
Class com.android.tools.idea.projectsystem.gradle.sync.Counter$time$1                 : loaded 2 times (x 80B)
Class kotlin.text.MatchResult$DefaultImpls                                            : loaded 2 times (x 73B)
Class org.jetbrains.kotlin.idea.gradleTooling.reflect.KotlinSourceSetReflectionImpl$Companion: loaded 2 times (x 73B)
Class com.intellij.gradle.toolingExtension.impl.model.buildScriptClasspathModel.DefaultGradleBuildScriptClasspathModel: loaded 2 times (x 85B)
Class com.intellij.gradle.toolingExtension.impl.model.sourceSetDependencyModel.GradleSourceSetDependencyResolver: loaded 2 times (x 74B)
Class org.jetbrains.plugins.gradle.model.DefaultExternalProject                       : loaded 2 times (x 97B)
Class com.android.tools.idea.gradle.project.sync.AndroidModule                        : loaded 2 times (x 90B)
Class com.android.tools.idea.gradle.model.IdeAndroidGradlePluginProjectFlags          : loaded 2 times (x 72B)
Class com.android.builder.model.v2.models.BaseTestSuiteSourceIdentity                 : loaded 2 times (x 72B)
Class com.android.tools.idea.gradle.model.IdeDependencyCore                           : loaded 2 times (x 72B)
Class com.android.tools.idea.gradle.project.sync.AgpCompatibilityKt$WhenMappings      : loaded 2 times (x 73B)
Class com.google.common.collect.ComparisonChain                                       : loaded 2 times (x 82B)
Class com.android.tools.idea.projectsystem.gradle.sync.Counter$time$2                 : loaded 2 times (x 80B)
Class com.google.common.util.concurrent.Uninterruptibles                              : loaded 2 times (x 73B)
Class org.jetbrains.kotlin.idea.gradleTooling.reflect.ReflectionKt                    : loaded 2 times (x 73B)
Class org.jetbrains.kotlin.idea.gradleTooling.AndroidAwareGradleModelProvider$Result  : loaded 2 times (x 74B)
Class com.google.common.cache.CacheBuilder$OneWeigher                                 : loaded 2 times (x 84B)
Class org.jetbrains.plugins.gradle.model.ExternalFilter                               : loaded 2 times (x 72B)
Class com.android.tools.idea.gradle.project.sync.SyncProjectActionWorker              : loaded 2 times (x 74B)
Class com.android.builder.model.v2.models.SourceType                                  : loaded 2 times (x 81B)
Class com.android.tools.idea.gradle.model.impl.IdeSigningConfigImpl                   : loaded 2 times (x 80B)
Class com.android.tools.idea.gradle.project.sync.FetchedVariant                       : loaded 2 times (x 74B)
Class com.android.tools.idea.gradle.project.sync.SyncVariantResultSuccess             : loaded 2 times (x 74B)
Class com.android.tools.idea.gradle.model.CodeShrinker                                : loaded 2 times (x 81B)
Class kotlin.sequences.DistinctSequence                                               : loaded 2 times (x 77B)
Class com.android.tools.idea.gradle.project.sync.ModelFetchersKt$findVariantDependenciesV2Model$findModel$1: loaded 2 times (x 77B)
Class com.android.tools.idea.gradle.project.sync.FetchedVariantResult$InProgress      : loaded 2 times (x 73B)
Class org.jetbrains.kotlin.idea.gradleTooling.reflect.TypeToken                       : loaded 2 times (x 74B)
Class com.google.common.collect.Maps                                                  : loaded 2 times (x 73B)
Class org.gradle.api.specs.Spec                                                       : loaded 2 times (x 72B)
Class sync_studio_tooling1442_1e7bmiblwut3pnvolff4iewzg$_run_closure1                 : loaded 2 times (x 140B)
Class org.jetbrains.kotlin.tooling.core.InternerImpl                                  : loaded 2 times (x 78B)
Class com.google.common.collect.ImmutableMapEntry$NonTerminalImmutableMapEntry        : loaded 2 times (x 87B)
Class com.google.common.base.Equivalence                                              : loaded 2 times (x 84B)
Class com.google.common.collect.ImmutableMultimap                                     : loaded 2 times (x 148B)
Class [Lcom.google.common.collect.ImmutableEntry;                                     : loaded 2 times (x 71B)
Class org.gradle.tooling.model.idea.IdeaSourceDirectory                               : loaded 2 times (x 72B)
Class com.android.tools.idea.gradle.project.sync.ModelCacheV2ImplKt$WhenMappings      : loaded 2 times (x 73B)
Class com.android.tools.idea.gradle.model.IdeAndroidLibraryImpl                       : loaded 2 times (x 108B)
Class com.android.tools.idea.gradle.model.IdePreResolvedModuleLibraryImpl             : loaded 2 times (x 83B)
Class com.android.tools.idea.gradle.project.sync.FetchedVariantResult$Finished        : loaded 2 times (x 74B)
Class com.android.tools.idea.gradle.project.sync.IdeSyncExecutionReport               : loaded 2 times (x 73B)
Class com.google.common.collect.ImmutableMapEntry                                     : loaded 2 times (x 87B)
Class com.android.tools.idea.gradle.model.IdeUnresolvedLibrary                        : loaded 2 times (x 72B)
Class com.android.tools.idea.gradle.project.sync.ModelCacheV2ImplKt$modelCacheV2Impl$variantCoreFrom$6: loaded 2 times (x 131B)
Class com.android.tools.idea.gradle.model.impl.BuildFolderPaths                       : loaded 2 times (x 74B)
Class com.google.common.cache.LocalCache$LoadingValueReference                        : loaded 2 times (x 98B)
Class org.objectweb.asm.commons.InstructionAdapter                                    : loaded 2 times (x 190B)
Class com.android.tools.idea.gradle.project.sync.BasicModulesKt$getLegacyAndroidGradlePluginProperties$1: loaded 2 times (x 77B)
Class com.intellij.gradle.toolingExtension.impl.model.buildScriptClasspathModel.GradleBuildScriptClasspathSerializationService$1: loaded 2 times (x 78B)
Class com.google.common.math.IntMath                                                  : loaded 2 times (x 73B)
Class org.gradle.tooling.model.idea.IdeaModule                                        : loaded 2 times (x 72B)
Class kotlin.collections.AbstractList$SubList                                         : loaded 2 times (x 200B)
Class kotlin.jvm.internal.Intrinsics$Kotlin                                           : loaded 2 times (x 73B)
Class com.android.tools.idea.gradle.model.IdeProjectPath                              : loaded 2 times (x 72B)
Class com.android.tools.idea.gradle.project.sync.DependencyGraphCompat$AdjacencyList  : loaded 2 times (x 74B)
Class org.jetbrains.kotlin.idea.gradleTooling.reflect.Parameter                       : loaded 2 times (x 74B)
Class org.jetbrains.kotlin.tooling.core.InternerImpl$Store                            : loaded 2 times (x 72B)
Class org.jetbrains.kotlin.tooling.core.KotlinToolingVersionKt                        : loaded 2 times (x 73B)
Class org.jetbrains.kotlin.idea.gradleTooling.PrepareKotlinIdeaImportTaskModelBuilder$KotlinNativePlatformDependenciesKt: loaded 2 times (x 73B)
Class org.gradle.internal.service.CachingServiceLocator                               : loaded 2 times (x 84B)
Class com.google.common.base.CommonPattern                                            : loaded 2 times (x 76B)
Class com.google.common.base.Platform                                                 : loaded 2 times (x 73B)
Class com.android.tools.idea.gradle.model.impl.IdeDependenciesInfoImpl                : loaded 2 times (x 77B)
Class com.android.tools.idea.gradle.project.sync.AndroidVariantResolver               : loaded 2 times (x 72B)
Class com.android.tools.idea.gradle.model.ClasspathType                               : loaded 2 times (x 81B)
Class com.android.tools.idea.gradle.model.IdeJavaLibrary                              : loaded 2 times (x 72B)
Class com.intellij.gradle.toolingExtension.impl.model.dependencyModel.auxiliary.AuxiliaryArtifactResolverImpl: loaded 2 times (x 78B)
Class org.gradle.internal.classloader.ClassLoaderFactory                              : loaded 2 times (x 72B)
Class [Lcom.google.common.cache.LocalCache$EntryFactory;                              : loaded 2 times (x 71B)
Class com.android.tools.idea.gradle.project.sync.BasicNonAndroidIncompleteGradleModule: loaded 2 times (x 75B)
Class com.android.tools.idea.gradle.project.sync.GradleModule                         : loaded 2 times (x 80B)
Class org.jetbrains.kotlin.idea.gradleTooling.KotlinGradlePluginVersionImpl           : loaded 2 times (x 80B)
Class org.jetbrains.plugins.gradle.tooling.serialization.RepositoriesModelSerializationService$1: loaded 2 times (x 78B)
Class com.android.tools.idea.gradle.model.impl.IdeProjectPathImpl                     : loaded 2 times (x 79B)
Class com.android.tools.idea.gradle.project.sync.ResolvedAndroidProjectPath           : loaded 2 times (x 72B)
Class com.android.tools.idea.gradle.model.IdeDependenciesCore                         : loaded 2 times (x 72B)
Class com.android.tools.idea.gradle.model.impl.IdeDependenciesImplKt                  : loaded 2 times (x 73B)
Class com.android.builder.model.v2.models.TestSuiteSourceDependenciesAdjacencyList    : loaded 2 times (x 72B)
Class kotlin.io.FilePathComponents                                                    : loaded 2 times (x 74B)
Class [Lorg.jetbrains.kotlin.tooling.core.KotlinToolingVersion$Maturity;              : loaded 2 times (x 71B)
Class com.android.tools.idea.gradle.project.sync.AgpVersionIncompatible               : loaded 2 times (x 84B)
Class org.gradle.internal.service.ServiceLookupException                              : loaded 2 times (x 84B)
Class com.android.tools.idea.gradle.project.sync.ModelVersion                         : loaded 2 times (x 77B)
Class com.android.tools.idea.gradle.model.impl.IdeCompositeBuildMapImpl               : loaded 2 times (x 78B)
Class [Lcom.android.tools.idea.gradle.project.upgrade.AndroidGradlePluginCompatibility;: loaded 2 times (x 71B)
Class [Lorg.objectweb.asm.AnnotationWriter;                                           : loaded 2 times (x 71B)
Class com.google.common.collect.Maps$8                                                : loaded 2 times (x 84B)
Class com.android.tools.idea.gradle.project.sync.ModelCacheV2ImplKt$modelCacheV2Impl$1: loaded 2 times (x 82B)
Class com.android.tools.idea.gradle.project.sync.VariantDetailsKt                     : loaded 2 times (x 73B)
Class org.jetbrains.kotlin.idea.gradleTooling.GetAdditionalVisibleSourceSetsKt        : loaded 2 times (x 73B)
Class org.jetbrains.kotlin.idea.gradleTooling.reflect.KotlinMultiplatformImportReflectionImpl$Companion: loaded 2 times (x 73B)
Class org.jetbrains.plugins.gradle.model.DefaultGradleProperty                        : loaded 2 times (x 80B)
Class com.google.common.cache.CacheLoader$SupplierToCacheLoader                       : loaded 2 times (x 77B)
Class com.intellij.openapi.util.io.FileUtilRt$SymlinkResolver                         : loaded 2 times (x 72B)
Class com.android.tools.idea.gradle.model.IdeJavaLibraryImpl                          : loaded 2 times (x 94B)
Class com.android.tools.idea.gradle.model.IdeJavaCompileOptions                       : loaded 2 times (x 72B)
Class com.android.tools.idea.gradle.project.sync.ModelCacheV2ImplKt$modelCacheV2Impl$variantCoreFrom$9: loaded 2 times (x 131B)
Class org.objectweb.asm.RecordComponentVisitor                                        : loaded 2 times (x 79B)
Class com.android.tools.idea.gradle.model.IdeArtifactName$Companion                   : loaded 2 times (x 73B)
Class com.google.common.collect.ImmutableMultiset                                     : loaded 2 times (x 165B)
Class com.android.tools.idea.gradle.project.sync.AndroidSyncException                 : loaded 2 times (x 84B)
Class com.android.ide.common.gradle.Module                                            : loaded 2 times (x 74B)
Class com.google.common.collect.AbstractMapBasedMultimap                              : loaded 2 times (x 140B)
Class com.google.common.base.FunctionalEquivalence                                    : loaded 2 times (x 85B)
Class com.google.common.util.concurrent.AbstractFuture                                : loaded 2 times (x 108B)
Class com.google.common.collect.Sets$SetView                                          : loaded 2 times (x 140B)
Class com.google.common.cache.LocalCache$StrongValueReference                         : loaded 2 times (x 92B)
Class com.android.tools.idea.gradle.project.sync.ModelFetchersKt                      : loaded 2 times (x 73B)
Class com.google.common.collect.SortedLists$KeyAbsentBehavior                         : loaded 2 times (x 82B)
Class com.android.tools.idea.gradle.project.sync.ModelResult                          : loaded 2 times (x 74B)
Class com.android.tools.idea.gradle.model.IdeUnresolvedAndroidLibrary                 : loaded 2 times (x 72B)
Class com.intellij.openapi.util.io.FileTooBigException                                : loaded 2 times (x 84B)
Class com.android.tools.idea.gradle.project.sync.GradleProject                        : loaded 2 times (x 77B)
Class org.jetbrains.plugins.gradle.model.DefaultUnresolvedExternalDependency          : loaded 2 times (x 113B)
Class _BuildScript_$_run_closure1$_closure2                                           : loaded 2 times (x 133B)
Class org.jetbrains.plugins.gradle.tooling.serialization.internal.IdeaProjectSerializationService$1: loaded 2 times (x 78B)
Class org.jetbrains.plugins.gradle.model.GradleConvention                             : loaded 2 times (x 72B)
Class com.android.tools.idea.gradle.project.sync.LibraryIdentity$LibraryIdentityProvider: loaded 2 times (x 74B)
Class org.gradle.tooling.model.SourceDirectory                                        : loaded 2 times (x 72B)
Class com.intellij.openapi.util.io.FileUtilRt                                         : loaded 2 times (x 73B)
Class org.objectweb.asm.Type                                                          : loaded 2 times (x 74B)
Class org.gradle.internal.classloader.VisitableURLClassLoader$InstrumentingVisitableURLClassLoader: loaded 2 times (x 124B)
Class com.intellij.gradle.toolingExtension.impl.model.repositoryModel.DefaultProjectRepositoriesModel: loaded 2 times (x 78B)
Class com.google.common.base.Converter                                                : loaded 2 times (x 92B)
Class org.jetbrains.kotlin.idea.gradleTooling.reflect.KotlinSwiftExportReflection     : loaded 2 times (x 72B)
Class com.google.common.cache.ReferenceEntry                                          : loaded 2 times (x 72B)
Class com.google.common.util.concurrent.ListenableFuture                              : loaded 2 times (x 72B)
Class org.jetbrains.plugins.gradle.tooling.serialization.internal.IdeaProjectSerializationService$2: loaded 2 times (x 79B)
Class com.android.tools.idea.gradle.project.sync.BuildId                              : loaded 2 times (x 74B)
Class com.android.tools.idea.gradle.project.sync.AllVariantsSyncActionOptions         : loaded 2 times (x 75B)
Class com.android.tools.idea.gradle.model.impl.IdeProductFlavorImpl                   : loaded 2 times (x 103B)
Class com.android.tools.idea.gradle.project.sync.AndroidProjectResult                 : loaded 2 times (x 78B)
Class com.android.tools.idea.gradle.model.IdeExtraSourceProvider                      : loaded 2 times (x 72B)
Class com.android.tools.idea.gradle.project.sync.NativeVariantAbiResult$V2            : loaded 2 times (x 74B)
Class org.jetbrains.plugins.gradle.tooling.util.GradleVersionComparator               : loaded 2 times (x 77B)
Class org.jetbrains.plugins.gradle.model.DefaultExternalLibraryDependency             : loaded 2 times (x 113B)
Class org.gradle.api.internal.classpath.DefaultModuleRegistry                         : loaded 2 times (x 86B)
Class com.google.common.collect.SortedLists$KeyPresentBehavior                        : loaded 2 times (x 82B)
Class com.android.tools.idea.gradle.model.impl.IdeBuildTypeContainerImpl              : loaded 2 times (x 81B)
Class org.objectweb.asm.ByteVector                                                    : loaded 2 times (x 81B)
Class [Lcom.google.common.cache.CacheBuilder$NullListener;                            : loaded 2 times (x 71B)
Class com.google.common.math.IntMath$1                                                : loaded 2 times (x 73B)
Class org.gradle.internal.classloader.VisitableURLClassLoader$Spec                    : loaded 2 times (x 76B)
Class org.gradle.internal.classpath.DefaultClassPath                                  : loaded 2 times (x 92B)
Class com.android.tools.idea.gradle.model.impl.ThrowingIdeDependencies                : loaded 2 times (x 80B)
Class com.google.common.cache.LocalCache$LocalManualCache$1                           : loaded 2 times (x 77B)
Class com.google.common.collect.ImmutableMultimap$Values                              : loaded 2 times (x 128B)
Class com.android.tools.idea.gradle.project.sync.LibraryIdentity$LibraryIdentityProvider$Companion: loaded 2 times (x 73B)
Class org.jetbrains.plugins.gradle.tooling.util.BooleanBiFunction                     : loaded 2 times (x 72B)
Class com.android.tools.idea.gradle.project.sync.FetchedVariantResult                 : loaded 2 times (x 73B)
Class com.google.common.base.Splitter$SplittingIterator                               : loaded 2 times (x 85B)
Class com.intellij.gradle.toolingExtension.impl.model.sourceSetArtifactIndex.GradleSourceSetArtifactIndex: loaded 2 times (x 80B)
Class org.jetbrains.kotlin.idea.gradleTooling.KotlinMPPGradleModelBinary              : loaded 2 times (x 72B)
Class org.jetbrains.plugins.gradle.tooling.serialization.internal.IdeaProjectSerializationService$3: loaded 2 times (x 79B)
Class com.android.tools.idea.gradle.model.IdeAndroidLibrary                           : loaded 2 times (x 72B)
Class com.google.common.collect.ImmutableSet$JdkBackedSetBuilderImpl                  : loaded 2 times (x 78B)
Class [Lcom.android.tools.idea.gradle.project.sync.AndroidModule$NativeModelVersion;  : loaded 2 times (x 71B)
Class com.android.tools.idea.gradle.model.impl.IdeAndroidProjectImpl$Companion        : loaded 2 times (x 73B)
Class com.android.tools.idea.gradle.model.impl.IdeAaptOptionsImpl                     : loaded 2 times (x 77B)
Class com.google.common.util.concurrent.internal.InternalFutureFailureAccess          : loaded 2 times (x 74B)
Class com.android.tools.idea.gradle.project.sync.AndroidExtraModelProviderKt          : loaded 2 times (x 73B)
Class com.android.ide.common.repository.AgpVersion$PreviewKind$Companion              : loaded 2 times (x 73B)
Class com.android.tools.idea.gradle.model.IdeProductFlavor                            : loaded 2 times (x 72B)
Class com.android.tools.idea.gradle.project.sync.AdditionalClassifierArtifactsModelCollectorKt: loaded 2 times (x 73B)
Class org.gradle.internal.installation.GradleInstallation$1                           : loaded 2 times (x 77B)
Class org.gradle.api.internal.classpath.ModuleRegistry                                : loaded 2 times (x 72B)
Class org.objectweb.asm.Symbol                                                        : loaded 2 times (x 75B)
Class com.google.common.base.AbstractIterator                                         : loaded 2 times (x 82B)
Class com.google.common.collect.AbstractListMultimap                                  : loaded 2 times (x 173B)
Class com.google.common.collect.ImmutableBiMap                                        : loaded 2 times (x 145B)
Class com.google.common.cache.CacheLoader                                             : loaded 2 times (x 76B)
Class org.jetbrains.kotlin.idea.gradleTooling.UtilsKt                                 : loaded 2 times (x 73B)
Class [Lorg.objectweb.asm.SymbolTable$Entry;                                          : loaded 2 times (x 71B)
Class com.android.tools.idea.gradle.model.impl.IdeVariantCoreSerializable             : loaded 2 times (x 72B)
Class com.android.builder.model.v2.models.ndk.NativeBuildSystem                       : loaded 2 times (x 81B)
Class com.android.tools.idea.gradle.project.sync.AndroidProjectResult$Companion$RuntimeClasspathBehaviour: loaded 2 times (x 73B)
Class com.android.tools.idea.gradle.model.IdeCompositeBuildMap                        : loaded 2 times (x 72B)
Class com.google.common.collect.RegularImmutableMap$Values                            : loaded 2 times (x 209B)
Class org.gradle.internal.classloader.ClassLoaderSpec                                 : loaded 2 times (x 73B)
Class com.android.tools.idea.gradle.model.impl.IdeMultiVariantDataImpl                : loaded 2 times (x 79B)
Class com.android.tools.idea.gradle.model.IdeUnresolvedJavaLibrary                    : loaded 2 times (x 72B)
Class org.jetbrains.kotlin.tooling.core.InternerKt                                    : loaded 2 times (x 73B)
Class org.jetbrains.plugins.gradle.model.DefaultExternalProjectDependency             : loaded 2 times (x 122B)
Class com.android.tools.idea.gradle.project.sync.NativeVariantAbiResult               : loaded 2 times (x 73B)
Class com.android.tools.idea.gradle.project.sync.StandaloneDeliverableModel           : loaded 2 times (x 77B)
Class com.android.tools.idea.gradle.project.sync.AdditionalClassifierArtifactsModelCollectorKt$getAdditionalClassifierArtifactsModel$1$1$1: loaded 2 times (x 77B)
Class com.android.tools.idea.gradle.model.LibraryReference                            : loaded 2 times (x 74B)
Class com.android.tools.idea.gradle.model.IdeAaptOptions                              : loaded 2 times (x 72B)
Class com.android.builder.model.v2.ide.TestSuite                                      : loaded 2 times (x 72B)
Class com.google.common.collect.SortedLists$KeyAbsentBehavior$1                       : loaded 2 times (x 82B)
Class _BuildScript_$_run_closure1                                                     : loaded 2 times (x 134B)
Class com.google.common.cache.LocalCache$Segment                                      : loaded 2 times (x 155B)
Class org.objectweb.asm.AnnotationWriter                                              : loaded 2 times (x 80B)
Class com.google.common.cache.CacheStats                                              : loaded 2 times (x 73B)
Class io.opentelemetry.context.ContextExecutorService                                 : loaded 2 times (x 106B)
Class [Lcom.android.tools.idea.gradle.project.sync.MeasurementCheckpoint;             : loaded 2 times (x 71B)
Class [Lcom.google.common.collect.SortedLists$KeyAbsentBehavior;                      : loaded 2 times (x 71B)
Class com.android.tools.idea.gradle.project.sync.DefaultVariantsKt                    : loaded 2 times (x 73B)
Class com.android.tools.idea.gradle.model.IdeJavaArtifactCore                         : loaded 2 times (x 72B)
Class com.intellij.gradle.toolingExtension.impl.model.resourceFilterModel.GradleResourceFilterModelBuilder: loaded 2 times (x 73B)
Class com.intellij.gradle.toolingExtension.impl.model.dependencyDownloadPolicyModel.GradleDependencyDownloadPolicyCache: loaded 2 times (x 77B)
Class org.jetbrains.plugins.gradle.tooling.serialization.internal.IdeaProjectSerializationService$6: loaded 2 times (x 78B)
Class org.jetbrains.kotlin.idea.gradleTooling.model.annotation.AnnotationBasedPluginModel: loaded 2 times (x 72B)
Class [Lcom.android.tools.idea.gradle.model.ClasspathType;                            : loaded 2 times (x 71B)
Class [Lcom.android.builder.model.v2.models.ndk.NativeBuildSystem;                    : loaded 2 times (x 71B)
Class com.google.common.collect.ImmutableMap$IteratorBasedImmutableMap                : loaded 2 times (x 127B)
Class [Lcom.android.tools.idea.gradle.model.IdeArtifactName;                          : loaded 2 times (x 71B)
Class com.google.common.collect.SortedLists$KeyAbsentBehavior$2                       : loaded 2 times (x 82B)
Class com.google.common.collect.Cut$AboveAll                                          : loaded 2 times (x 90B)
Class com.google.common.cache.LocalCache$ComputingValueReference                      : loaded 2 times (x 98B)
Class com.android.tools.idea.gradle.project.sync.AndroidExtraModelProviderWorker      : loaded 2 times (x 74B)
Class kotlin.text.MatchResult$Destructured                                            : loaded 2 times (x 74B)
Class com.android.ide.common.repository.AgpVersion$PreviewKind$WhenMappings           : loaded 2 times (x 73B)
Class com.android.tools.idea.gradle.project.sync.SyncCounters                         : loaded 2 times (x 74B)
Class org.jetbrains.plugins.gradle.model.DefaultBuildController                       : loaded 2 times (x 108B)
Class com.google.common.collect.ImmutableMultisetGwtSerializationDependencies         : loaded 2 times (x 127B)
Class org.objectweb.asm.RecordComponentWriter                                         : loaded 2 times (x 79B)
Class com.google.common.util.concurrent.AbstractFuture$Listener                       : loaded 2 times (x 74B)
Class Settings_gradle$1$1                                                             : loaded 2 times (x 76B)
Class org.gradle.api.internal.classpath.Module$ModuleAlias                            : loaded 2 times (x 72B)
Class com.android.tools.idea.gradle.model.impl.IdeTestOptionsImpl                     : loaded 2 times (x 79B)
Class com.android.builder.model.v2.ide.SyncIssue                                      : loaded 2 times (x 72B)
Class com.google.common.base.Suppliers$SupplierOfInstance                             : loaded 2 times (x 81B)
Class org.objectweb.asm.Edge                                                          : loaded 2 times (x 74B)
Class com.android.tools.idea.gradle.project.sync.ActionToRun                          : loaded 2 times (x 74B)
Class com.android.tools.idea.gradle.model.IdeSourceProviderKt                         : loaded 2 times (x 73B)
Class com.android.tools.idea.gradle.model.impl.IdeAndroidGradlePluginProjectFlagsImpl : loaded 2 times (x 89B)
Class org.jetbrains.kotlin.idea.gradleTooling.reflect.KotlinSourceSetReflectionKt     : loaded 2 times (x 73B)
Class org.jetbrains.plugins.gradle.tooling.serialization.internal.IdeaProjectSerializationService$7: loaded 2 times (x 78B)
Class com.android.tools.idea.gradle.project.sync.DeliverableJavaModule                : loaded 2 times (x 78B)
Class com.intellij.openapi.util.io.FileUtil                                           : loaded 2 times (x 73B)
Class com.android.ide.common.gradle.Version$Companion$ParseState                      : loaded 2 times (x 72B)
Class [Lcom.intellij.openapi.diagnostic.LogLevel;                                     : loaded 2 times (x 71B)
Class com.android.builder.model.v2.ide.TestSuiteArtifact                              : loaded 2 times (x 72B)
Class com.google.common.collect.SortedLists$KeyAbsentBehavior$3                       : loaded 2 times (x 82B)
Class org.jetbrains.plugins.gradle.DefaultExternalDependencyId                        : loaded 2 times (x 82B)
Class com.intellij.gradle.toolingExtension.impl.modelAction.GradleDaemonModelHolder$1 : loaded 2 times (x 80B)
Class org.objectweb.asm.Attribute                                                     : loaded 2 times (x 79B)
Class com.google.common.base.Supplier                                                 : loaded 2 times (x 72B)
Class org.gradle.internal.classloader.VisitableURLClassLoader                         : loaded 2 times (x 118B)
Class org.jetbrains.kotlin.idea.gradleTooling.reflect.KotlinLanguageSettingsReflection: loaded 2 times (x 72B)
Class org.gradle.api.internal.classpath.DefaultModuleRegistry$DefaultModuleAlias      : loaded 2 times (x 82B)
Class org.objectweb.asm.SymbolTable$Entry                                             : loaded 2 times (x 75B)
Class org.jetbrains.plugins.gradle.tooling.serialization.internal.adapter.kotlin.dsl.InternalKotlinDslScriptModel: loaded 2 times (x 86B)
Class com.android.builder.model.v2.ide.TestSuiteVariantTarget                         : loaded 2 times (x 72B)
Class com.android.tools.idea.gradle.model.IdeTestOptions$Execution                    : loaded 2 times (x 81B)
Class com.android.builder.model.v2.ide.UnresolvedDependency                           : loaded 2 times (x 72B)
Class org.jetbrains.kotlin.idea.gradleTooling.GeneratedSourceRootsKt                  : loaded 2 times (x 73B)
Class com.google.common.base.JdkPattern                                               : loaded 2 times (x 77B)
Class com.android.tools.idea.projectsystem.gradle.sync.PerformanceMeasurementUtilKt   : loaded 2 times (x 73B)
Class com.android.tools.idea.gradle.project.sync.AgpVersionTooNew                     : loaded 2 times (x 84B)
Class org.jetbrains.plugins.gradle.tooling.serialization.internal.IdeaProjectSerializationService$8: loaded 2 times (x 78B)
Class com.intellij.openapi.util.io.FileUtil$1                                         : loaded 2 times (x 79B)
Class com.android.ide.common.repository.AgpVersion$Companion                          : loaded 2 times (x 73B)
Class com.android.tools.idea.gradle.model.impl.IdeDependenciesCoreDirect              : loaded 2 times (x 81B)
Class com.intellij.openapi.externalSystem.model.project.ExternalSystemSourceType      : loaded 2 times (x 87B)
Class com.intellij.gradle.toolingExtension.impl.javaModel.manifestModel.DefaultJavaGradleManifestModel: loaded 2 times (x 78B)
Class Settings_gradle                                                                 : loaded 2 times (x 126B)
Class org.jetbrains.kotlin.idea.gradleTooling.reflect.KotlinSourceSetReflection       : loaded 2 times (x 72B)
Class com.intellij.gradle.toolingExtension.impl.model.dependencyModel.GradleDependencyResolver$1: loaded 2 times (x 79B)
Class org.gradle.internal.classpath.ClassPath                                         : loaded 2 times (x 72B)
Class org.jetbrains.kotlin.gradle.idea.kpm.IdeaKpmProjectContainer                    : loaded 2 times (x 72B)
Class com.android.tools.idea.gradle.project.sync.IndexedModels                        : loaded 2 times (x 74B)
Class Settings_gradle$1                                                               : loaded 2 times (x 76B)
Class com.intellij.openapi.util.io.FileUtil$2                                         : loaded 2 times (x 84B)
Class com.android.tools.idea.gradle.model.IdeUnresolvedUnknownLibrary                 : loaded 2 times (x 72B)
Class com.android.ide.common.gradle.Version$Companion                                 : loaded 2 times (x 73B)
Class com.android.tools.idea.gradle.model.IdeAndroidProject                           : loaded 2 times (x 72B)
Class com.google.common.cache.CacheBuilder                                            : loaded 2 times (x 74B)
Class com.intellij.openapi.util.io.FileUtilRt$RepeatableIOOperation                   : loaded 2 times (x 72B)
Class com.android.tools.idea.gradle.project.sync.BasicIncompleteGradleModule          : loaded 2 times (x 75B)
Class com.android.builder.model.v2.models.HostJarTestSuiteSource                      : loaded 2 times (x 72B)
Class com.google.common.collect.Sets                                                  : loaded 2 times (x 73B)
Class org.objectweb.asm.Handler                                                       : loaded 2 times (x 74B)
Class com.google.common.base.Ticker                                                   : loaded 2 times (x 74B)
Class com.google.common.base.Strings                                                  : loaded 2 times (x 73B)
Class [Lcom.android.tools.idea.gradle.model.impl.IdeModuleWellKnownSourceSet;         : loaded 2 times (x 71B)
Class com.android.tools.idea.gradle.project.sync.ModelCacheV1ImplKt                   : loaded 2 times (x 73B)
Class com.android.tools.idea.gradle.model.ndk.v2.IdeNativeModule                      : loaded 2 times (x 72B)
Class org.gradle.tooling.model.Launchable                                             : loaded 2 times (x 72B)
Class com.android.tools.idea.gradle.model.impl.IdeBasicVariantImpl                    : loaded 2 times (x 81B)
Class org.jetbrains.plugins.gradle.tooling.builder.EarModelBuilderImplKt              : loaded 2 times (x 73B)
Class org.jetbrains.plugins.gradle.model.DefaultExternalTask                          : loaded 2 times (x 85B)
Class org.jetbrains.plugins.gradle.tooling.serialization.internal.adapter.InternalBuildIdentifier: loaded 2 times (x 77B)
Class org.jetbrains.plugins.gradle.tooling.builder.WarModelBuilderImplKt              : loaded 2 times (x 73B)
Class com.intellij.gradle.toolingExtension.impl.model.dependencyModel.auxiliary.AuxiliaryArtifactResolver: loaded 2 times (x 72B)
Class org.gradle.api.internal.ClassPathRegistry                                       : loaded 2 times (x 72B)
Class com.intellij.util.containers.UtilKt                                             : loaded 2 times (x 73B)
Class com.android.tools.idea.gradle.model.impl.IdeSourceProviderContainerImpl         : loaded 2 times (x 78B)
Class com.android.tools.idea.gradle.project.sync.BasicModulesKt                       : loaded 2 times (x 73B)
Class com.android.tools.idea.gradle.project.upgrade.AndroidGradlePluginCompatibility  : loaded 2 times (x 81B)
Class com.google.common.collect.Cut$AboveValue                                        : loaded 2 times (x 90B)
Class org.gradle.internal.classpath.DefaultClassPath$ImmutableUniqueList              : loaded 2 times (x 201B)
Class com.android.tools.idea.gradle.project.sync.ModelVersions                        : loaded 2 times (x 74B)
Class com.google.common.primitives.IntsMethodsForWeb                                  : loaded 2 times (x 73B)
Class [Lcom.google.common.cache.LocalCache$Segment;                                   : loaded 2 times (x 71B)
Class [Lcom.google.common.cache.LocalCache$Strength;                                  : loaded 2 times (x 71B)
Class com.google.common.cache.CacheBuilder$1                                          : loaded 2 times (x 87B)
Class com.google.common.collect.ImmutableMap                                          : loaded 2 times (x 122B)
Class org.gradle.internal.classpath.DefaultClassPath$ImmutableUniqueList$Builder      : loaded 2 times (x 77B)
Class com.google.common.collect.ImmutableMultimap$Keys                                : loaded 2 times (x 168B)
Class com.android.tools.idea.projectsystem.gradle.sync.Counter                        : loaded 2 times (x 74B)
Class org.jetbrains.plugins.gradle.tooling.internal.ClasspathEntryModelImpl           : loaded 2 times (x 82B)
Class com.android.builder.model.ProjectSyncIssues                                     : loaded 2 times (x 72B)
Class com.android.tools.idea.gradle.project.sync.ArtifactDependenciesCompat$AdjacencyList: loaded 2 times (x 74B)
Class com.android.tools.idea.gradle.project.sync.ModelCacheV2ImplKt$modelCacheV2Impl$createFromDependencies$1$LibrariesByType: loaded 2 times (x 74B)
Class org.jetbrains.plugins.gradle.tooling.serialization.internal.IdeaProjectSerializationService$JavaHomePathGetter: loaded 2 times (x 77B)
Class com.android.tools.idea.gradle.project.sync.ModelCacheV2ImplKt$modelCacheV2Impl$createFromDependencies$1$LibraryWithDependencies: loaded 2 times (x 74B)
Class com.android.tools.idea.gradle.model.impl.IdeViewBindingOptionsImpl              : loaded 2 times (x 76B)
Class org.gradle.api.internal.DefaultClassPathRegistry                                : loaded 2 times (x 78B)
Class com.google.common.cache.RemovalListener                                         : loaded 2 times (x 72B)
Class com.android.tools.idea.gradle.project.sync.SyncActionRunnerKt                   : loaded 2 times (x 73B)
Class com.google.common.cache.LocalCache                                              : loaded 2 times (x 188B)
Class com.google.common.cache.CacheBuilder$2                                          : loaded 2 times (x 74B)
Class com.android.builder.model.Variant                                               : loaded 2 times (x 72B)
Class com.android.tools.idea.gradle.project.sync.ModelCacheKt                         : loaded 2 times (x 73B)
Class com.google.common.base.NullnessCasts                                            : loaded 2 times (x 73B)
Class com.google.common.collect.ImmutableMap$Builder                                  : loaded 2 times (x 84B)
Class com.google.common.util.concurrent.AbstractFuture$Cancellation                   : loaded 2 times (x 74B)
Class com.intellij.gradle.toolingExtension.impl.modelAction.GradleModelId             : loaded 2 times (x 74B)
Class com.android.builder.model.v2.ide.JUnitEngineInfo                                : loaded 2 times (x 72B)
Class com.intellij.openapi.externalSystem.model.project.dependencies.ProjectDependenciesImpl: loaded 2 times (x 79B)
Class org.jetbrains.kotlin.idea.gradleTooling.model.samWithReceiver.SamWithReceiverModel: loaded 2 times (x 72B)
Class com.intellij.gradle.toolingExtension.impl.model.buildScriptClasspathModel.GradleBuildScriptClasspathCache: loaded 2 times (x 77B)
Class com.android.tools.idea.gradle.project.sync.AndroidModule$V2                     : loaded 2 times (x 90B)
Class ijInit2_buf6cpsrtdiljonsku0zyke2l                                               : loaded 2 times (x 173B)
Class com.android.tools.idea.gradle.project.sync.VariantSelectionKt                   : loaded 2 times (x 73B)
Class com.google.common.cache.Cache                                                   : loaded 2 times (x 72B)
Class com.android.tools.idea.gradle.project.sync.AndroidProjectResult$V2Project       : loaded 2 times (x 79B)
Class com.google.common.cache.LocalCache$Strength                                     : loaded 2 times (x 83B)
Class com.android.tools.idea.gradle.project.sync.LibraryIdentity$LibraryIdentityProvider$special$$inlined$thenBy$1: loaded 2 times (x 92B)
Class com.google.common.base.Stopwatch                                                : loaded 2 times (x 74B)
Class org.jetbrains.plugins.gradle.model.GradleLightBuild                             : loaded 2 times (x 72B)
Class [Lcom.google.common.collect.AbstractMapEntry;                                   : loaded 2 times (x 71B)
Class com.google.common.collect.ImmutableEntry                                        : loaded 2 times (x 84B)
Class com.google.common.collect.ArrayListMultimap                                     : loaded 2 times (x 173B)
Class org.jetbrains.plugins.gradle.model.DefaultGradleLightProject                    : loaded 2 times (x 86B)
Class com.android.tools.idea.gradle.project.sync.AndroidModule$V1                     : loaded 2 times (x 90B)
Class com.intellij.openapi.util.SystemInfoRt                                          : loaded 2 times (x 73B)
Class com.intellij.openapi.diagnostic.Logger                                          : loaded 2 times (x 101B)
Class kotlin.sequences.DistinctIterator                                               : loaded 2 times (x 85B)
Class com.android.tools.idea.gradle.project.sync.DeliverableAndroidModule             : loaded 2 times (x 78B)
Class org.gradle.api.internal.classpath.UnknownModuleException                        : loaded 2 times (x 84B)
Class com.google.common.cache.Weigher                                                 : loaded 2 times (x 72B)
Class com.android.tools.idea.gradle.project.sync.BuildModelsAndMap                    : loaded 2 times (x 74B)
Class org.jetbrains.kotlin.idea.gradleTooling.model.kapt.KaptGradleModelImpl          : loaded 2 times (x 79B)
Class org.jetbrains.plugins.gradle.tooling.util.BiFunction                            : loaded 2 times (x 72B)
Class org.jetbrains.plugins.gradle.model.AbstractExternalDependency                   : loaded 2 times (x 108B)
Class com.android.builder.model.v2.models.BasicTestSuite                              : loaded 2 times (x 72B)
Class org.jetbrains.kotlin.idea.gradleTooling.PrepareKotlinIdeaImportTaskModelBuilder$Messages: loaded 2 times (x 73B)
Class com.android.ide.common.gradle.Version                                           : loaded 2 times (x 77B)
Class [Lcom.android.tools.idea.gradle.model.IdeAaptOptions$Namespacing;               : loaded 2 times (x 71B)
Class com.android.tools.idea.gradle.model.IdeAaptOptions$Namespacing                  : loaded 2 times (x 81B)
Class com.android.tools.idea.gradle.model.impl.IdeDependencyCoreImpl                  : loaded 2 times (x 78B)
Class com.android.tools.idea.gradle.model.IdeApiVersion                               : loaded 2 times (x 72B)
Class com.intellij.openapi.util.Comparing                                             : loaded 2 times (x 73B)
Class com.intellij.gradle.toolingExtension.impl.util.GradleObjectUtil                 : loaded 2 times (x 73B)
Class org.jetbrains.kotlin.idea.gradleTooling.KotlinGradleModelImpl                   : loaded 2 times (x 87B)
Class com.google.common.collect.CollectPreconditions                                  : loaded 2 times (x 73B)
Class org.gradle.api.internal.classpath.Module                                        : loaded 2 times (x 72B)
Class com.google.common.collect.ImmutableMapEntrySet                                  : loaded 2 times (x 153B)
Class org.jetbrains.plugins.gradle.model.ModelFactory                                 : loaded 2 times (x 73B)
Class org.jetbrains.plugins.gradle.tooling.serialization.ToolingStreamApiUtilsKt      : loaded 2 times (x 73B)
Class org.gradle.tooling.model.java.InstalledJdk                                      : loaded 2 times (x 72B)
Class org.jetbrains.plugins.gradle.tooling.ModelBuilderContext$DataProvider           : loaded 2 times (x 72B)
Class com.android.tools.idea.gradle.project.sync.IdeModelFactoryV2Kt                  : loaded 2 times (x 73B)
Class com.intellij.openapi.diagnostic.Logger$Factory                                  : loaded 2 times (x 72B)
Class com.intellij.gradle.toolingExtension.impl.model.sourceSetArtifactIndex.GradleSourceSetArtifactModel: loaded 2 times (x 78B)
Class com.google.common.collect.ObjectArrays                                          : loaded 2 times (x 73B)
Class com.google.common.collect.ArrayListMultimapGwtSerializationDependencies         : loaded 2 times (x 173B)
Class com.google.common.collect.SortedMapDifference                                   : loaded 2 times (x 72B)
Class com.google.common.collect.Multiset                                              : loaded 2 times (x 72B)
Class com.google.common.math.MathPreconditions                                        : loaded 2 times (x 73B)
Class com.android.tools.idea.gradle.model.ResolverType                                : loaded 2 times (x 81B)
Class org.jetbrains.kotlin.tooling.core.KotlinToolingVersion$Maturity                 : loaded 2 times (x 81B)
Class com.google.common.primitives.Ints                                               : loaded 2 times (x 73B)
Class com.intellij.gradle.toolingExtension.impl.util.GradleTreeTraverserUtil          : loaded 2 times (x 73B)
Class com.android.tools.idea.gradle.model.impl.FileImplKt                             : loaded 2 times (x 73B)
Class [Lcom.intellij.openapi.externalSystem.model.project.IExternalSystemSourceType;  : loaded 2 times (x 71B)
Class com.android.tools.idea.gradle.project.sync.IdeAndroidModels                     : loaded 2 times (x 74B)
Class com.android.tools.idea.gradle.project.sync.SyncProjectActionWorker$populateAndroidModels$3$1: loaded 2 times (x 131B)
Class com.android.tools.idea.gradle.model.IdeUnresolvedArtifactLibrary                : loaded 2 times (x 72B)
Class com.android.tools.idea.gradle.model.IdeBuildTasksAndOutputInformation           : loaded 2 times (x 72B)
Class [Lcom.android.tools.idea.gradle.model.IdeAndroidProjectType;                    : loaded 2 times (x 71B)
Class com.android.ide.common.repository.AgpVersion                                    : loaded 2 times (x 77B)
Class com.google.common.cache.LocalCache$EntryFactory                                 : loaded 2 times (x 85B)
Class org.jetbrains.kotlin.idea.gradleTooling.reflect.ReflectionLogger                : loaded 2 times (x 72B)
Class org.jetbrains.kotlin.idea.gradleTooling.model.lombok.LombokModel                : loaded 2 times (x 72B)
Class org.jetbrains.plugins.gradle.tooling.internal.DefaultRepositoryModels           : loaded 2 times (x 78B)
Class org.jetbrains.kotlin.idea.gradleTooling.ResolveCompilerArgumentsKt              : loaded 2 times (x 73B)
Class org.jetbrains.kotlin.idea.gradleTooling.reflect.KotlinMultiplatformImportReflectionImpl: loaded 2 times (x 78B)
Class org.jetbrains.kotlin.idea.gradleTooling.reflect.ReflectionReceiver$Instance     : loaded 2 times (x 79B)
Class [Lorg.jetbrains.kotlin.idea.gradleTooling.reflect.Parameter;                    : loaded 2 times (x 71B)
Class org.jetbrains.kotlin.idea.gradleTooling.model.assignment.AssignmentModel        : loaded 2 times (x 72B)
Class org.gradle.api.internal.classpath.DefaultModuleRegistry$DefaultModule           : loaded 2 times (x 84B)
Class com.google.common.collect.BiMap                                                 : loaded 2 times (x 72B)
Class com.google.common.collect.ImmutableMap$1                                        : loaded 2 times (x 83B)
Class sync_studio_tooling278_cug4i53ypcmvs4jzxv6lubftx$_run_closure1                  : loaded 2 times (x 140B)
Class [Lcom.android.ide.common.gradle.Separator;                                      : loaded 2 times (x 71B)
Class com.android.tools.idea.gradle.model.impl.IdeModuleSourceSet                     : loaded 2 times (x 72B)
Class com.google.common.collect.IndexedImmutableSet                                   : loaded 2 times (x 152B)
Class org.objectweb.asm.FieldVisitor                                                  : loaded 2 times (x 79B)
Class org.gradle.tooling.model.Task                                                   : loaded 2 times (x 72B)
Class com.android.tools.idea.gradle.project.sync.ModuleId                             : loaded 2 times (x 74B)
Class com.google.common.cache.LocalCache$AbstractReferenceEntry                       : loaded 2 times (x 109B)
Class com.google.common.base.CharMatcher$Whitespace                                   : loaded 2 times (x 114B)
Class com.android.tools.idea.gradle.model.IdeBuildType                                : loaded 2 times (x 72B)
Class com.android.tools.idea.gradle.project.sync.ArtifactRef                          : loaded 2 times (x 73B)
Class com.android.tools.idea.gradle.project.sync.VariantSelectionChange               : loaded 2 times (x 74B)
Class com.android.tools.idea.gradle.project.sync.GradleModulesKt                      : loaded 2 times (x 73B)
Class com.android.tools.idea.gradle.project.sync.InternedModels$nameLibraries$IdeModelAndReferenceAndIdentity: loaded 2 times (x 77B)
Class org.jetbrains.plugins.gradle.tooling.serialization.internal.IdeaProjectSerializationService$WriteContext$FilePathComparator: loaded 2 times (x 93B)
Class org.jetbrains.kotlin.idea.gradleTooling.reflect.KotlinAndroidSourceSetInfoReflection: loaded 2 times (x 72B)
Class org.jetbrains.plugins.gradle.model.web.WebConfiguration                         : loaded 2 times (x 72B)
Class com.android.tools.idea.gradle.model.impl.IdeBuildTasksAndOutputInformationImpl  : loaded 2 times (x 82B)
Class com.android.tools.idea.gradle.model.IdeMultiVariantData                         : loaded 2 times (x 72B)
Class com.android.tools.idea.gradle.project.sync.BuildTypeDef                         : loaded 2 times (x 74B)
Class com.android.tools.idea.gradle.project.sync.IdeModelFactoryV2                    : loaded 2 times (x 74B)
Class com.google.common.cache.CacheLoader$UnsupportedLoadingOperationException        : loaded 2 times (x 84B)
Class org.objectweb.asm.ClassWriter                                                   : loaded 2 times (x 107B)
Class com.android.tools.idea.gradle.project.sync.MeasurementCheckpoint                : loaded 2 times (x 81B)
Class com.android.tools.idea.gradle.project.sync.SyncActionRunner$Companion           : loaded 2 times (x 73B)
Class com.android.tools.idea.gradle.project.sync.SyncActionRunner                     : loaded 2 times (x 78B)
Class org.objectweb.asm.SymbolTable                                                   : loaded 2 times (x 74B)
Class com.google.common.cache.CacheLoader$InvalidCacheLoadException                   : loaded 2 times (x 84B)
Class com.android.ide.common.gradle.Separator                                         : loaded 2 times (x 81B)
Class org.jetbrains.plugins.gradle.model.DefaultDependencyAccessorsModel              : loaded 2 times (x 78B)
Class sync_studio_tooling1305_6z7mz2ed4ejycgbgu53ubd5kk                               : loaded 2 times (x 173B)
Class org.jetbrains.plugins.gradle.model.DefaultGradleLightBuild                      : loaded 2 times (x 84B)
Class org.jetbrains.plugins.gradle.tooling.internal.VersionCatalogsModelImpl          : loaded 2 times (x 78B)
Class com.android.tools.idea.gradle.project.sync.Modules                              : loaded 2 times (x 73B)
Class com.android.tools.idea.gradle.project.sync.AndroidArtifactRef                   : loaded 2 times (x 74B)
Class com.android.builder.model.v2.ide.BasicTestSuiteArtifact                         : loaded 2 times (x 72B)
Class com.android.builder.model.v2.ide.TestSuiteTestInfo                              : loaded 2 times (x 72B)
Class com.android.tools.idea.gradle.model.impl.IdeUnresolvedLibraryTableImpl          : loaded 2 times (x 77B)
Class org.jetbrains.kotlin.idea.gradleTooling.reflect.ReflectionReceiver$Static       : loaded 2 times (x 79B)
Class com.google.common.util.concurrent.UncheckedExecutionException                   : loaded 2 times (x 84B)
Class io.opentelemetry.context.ForwardingExecutorService                              : loaded 2 times (x 106B)
Class com.android.tools.idea.gradle.project.sync.HasBasicGradleProject                : loaded 2 times (x 72B)
Class com.google.common.cache.LocalCache$StrongEntry                                  : loaded 2 times (x 110B)
Class com.google.common.util.concurrent.AbstractFuture$TrustedFuture                  : loaded 2 times (x 116B)
Class com.google.common.cache.LoadingCache                                            : loaded 2 times (x 72B)
Class org.jetbrains.kotlin.idea.gradleTooling.reflect.ParameterList$Companion         : loaded 2 times (x 73B)
Class com.google.common.util.concurrent.AbstractFuture$Trusted                        : loaded 2 times (x 72B)
Class com.android.tools.idea.gradle.model.impl.IdeBuildImpl                           : loaded 2 times (x 78B)
Class kotlin.collections.AbstractIterator                                             : loaded 2 times (x 85B)
Class com.android.tools.idea.gradle.model.IdeBasicVariant                             : loaded 2 times (x 72B)
Class com.android.tools.idea.gradle.model.impl.IdeJavaCompileOptionsImpl              : loaded 2 times (x 80B)
Class com.android.ide.common.gradle.Component                                         : loaded 2 times (x 74B)
Class org.jetbrains.plugins.gradle.tooling.serialization.internal.IdeaProjectSerializationService$TestResourceDirectoriesGetter: loaded 2 times (x 77B)
Class com.intellij.gradle.toolingExtension.impl.util.javaPluginUtil.JavaPluginAccessor: loaded 2 times (x 72B)
Class org.jetbrains.kotlin.idea.gradleTooling.model.parcelize.ParcelizeGradleModel    : loaded 2 times (x 72B)
Class com.intellij.gradle.toolingExtension.impl.model.sourceSetModel.GradleSourceSetModelBuilder$1: loaded 2 times (x 85B)
Class com.android.tools.idea.gradle.project.sync.ModelFetchersKt$findKotlinModelsForAndroidProject$kaptModel$1: loaded 2 times (x 77B)
Class com.intellij.openapi.diagnostic.Logger$DefaultFactory                           : loaded 2 times (x 76B)
Class com.android.tools.idea.gradle.project.sync.LibraryIdentity$Companion            : loaded 2 times (x 73B)
Class com.android.tools.idea.gradle.model.impl.IdeModuleWellKnownSourceSet            : loaded 2 times (x 85B)
Class com.android.tools.idea.gradle.project.sync.InternedModels                       : loaded 2 times (x 74B)
Class com.android.tools.idea.gradle.project.sync.BasicV2AndroidModuleGradleProject    : loaded 2 times (x 75B)
Class org.jetbrains.kotlin.idea.gradleTooling.reflect.KotlinExtensionReflection       : loaded 2 times (x 74B)
Class org.jetbrains.kotlin.idea.gradleTooling.reflect.KotlinExtensionReflection$Companion: loaded 2 times (x 73B)
Class com.google.common.collect.AbstractMultimap                                      : loaded 2 times (x 125B)
Class org.objectweb.asm.MethodWriter                                                  : loaded 2 times (x 107B)
Class [Lcom.google.common.cache.Weigher;                                              : loaded 2 times (x 71B)
Class com.google.common.collect.RegularImmutableMap$BucketOverflowException           : loaded 2 times (x 84B)
Class com.google.common.cache.LocalCache$2                                            : loaded 2 times (x 144B)
Class com.intellij.gradle.toolingExtension.impl.util.javaPluginUtil.JavaPluginUtil    : loaded 2 times (x 73B)
Class com.intellij.compose.ide.plugin.gradleTooling.rt.ComposeResourcesExtension      : loaded 2 times (x 74B)
Class com.google.common.collect.AbstractMapEntry                                      : loaded 2 times (x 83B)
Class com.google.common.cache.LocalCache$1                                            : loaded 2 times (x 91B)
Class com.google.common.collect.SingletonImmutableBiMap                               : loaded 2 times (x 145B)
Class com.intellij.gradle.toolingExtension.impl.model.sourceSetModel.GradleSourceSetModelBuilder$2: loaded 2 times (x 85B)
Class com.android.tools.idea.gradle.project.sync.DeliverableGradleModule              : loaded 2 times (x 78B)
Class com.intellij.openapi.diagnostic.LogLevel                                        : loaded 2 times (x 81B)
Class com.android.tools.idea.gradle.model.IdeUnknownLibraryImpl                       : loaded 2 times (x 85B)
Class com.android.ide.common.gradle.Version$Companion$ParseState$EMPTY                : loaded 2 times (x 76B)
Class com.android.tools.idea.gradle.project.sync.VariantDiscoveryKt                   : loaded 2 times (x 73B)
Class com.android.tools.idea.gradle.project.sync.HasAndroidVariantResolver            : loaded 2 times (x 72B)
Class com.google.common.base.Ascii                                                    : loaded 2 times (x 73B)
Class com.google.common.collect.Cut                                                   : loaded 2 times (x 90B)
Class com.android.tools.idea.gradle.project.sync.VariantDependenciesCompat$AdjacencyList: loaded 2 times (x 74B)
Class com.google.common.collect.ImmutableMultimap$1                                   : loaded 2 times (x 84B)
Class org.jetbrains.kotlin.tooling.core.InternerImpl$Store$Strong                     : loaded 2 times (x 78B)
Class org.jetbrains.kotlin.idea.gradleTooling.reflect.KotlinCompilerArgumentsResolverReflection: loaded 2 times (x 72B)
Class org.jetbrains.plugins.gradle.tooling.serialization.ExternalTestsSerializationService$1: loaded 2 times (x 78B)
Class org.gradle.internal.service.ServiceLocator                                      : loaded 2 times (x 72B)
Class com.google.common.collect.Platform                                              : loaded 2 times (x 73B)
Class [Lorg.objectweb.asm.Type;                                                       : loaded 2 times (x 71B)
Class com.intellij.gradle.toolingExtension.impl.model.sourceSetModel.GradleSourceSetModelBuilder$3: loaded 2 times (x 85B)
Class com.android.tools.idea.gradle.project.sync.ModelConverter                       : loaded 2 times (x 73B)
Class com.android.tools.idea.gradle.project.sync.SyncActionRunnerKt$toMeasuringController$1: loaded 2 times (x 92B)
Class com.android.tools.idea.gradle.project.sync.VariantDetails                       : loaded 2 times (x 74B)
Class com.android.tools.idea.gradle.model.impl.IdeVariantCoreImpl$Companion           : loaded 2 times (x 73B)
Class com.google.common.collect.Range$RangeLexOrdering                                : loaded 2 times (x 116B)
Class com.android.ide.common.repository.AgpVersion$Companion$WhenMappings             : loaded 2 times (x 73B)
Class com.google.common.collect.TreeRangeSet$AsRanges                                 : loaded 2 times (x 151B)
Class com.android.tools.idea.gradle.project.sync.AndroidModule$NativeModelVersion     : loaded 2 times (x 81B)
Class com.google.common.collect.ImmutableMultimap$2                                   : loaded 2 times (x 83B)
Class com.google.common.collect.RegularImmutableBiMap                                 : loaded 2 times (x 149B)
Class com.google.common.cache.LocalCache$ValueReference                               : loaded 2 times (x 72B)
Class com.android.tools.idea.gradle.project.sync.IdeModelWithPostProcessor            : loaded 2 times (x 74B)
Class com.android.tools.idea.gradle.model.impl.IdeModuleWellKnownSourceSet$Companion  : loaded 2 times (x 73B)
Class com.android.tools.idea.gradle.project.sync.NativeVariantAbiResult$None          : loaded 2 times (x 73B)
Class com.android.tools.idea.gradle.project.sync.VariantSelectionChange$Companion     : loaded 2 times (x 73B)
Class sync_studio_tooling1442_1e7bmiblwut3pnvolff4iewzg                               : loaded 2 times (x 173B)
Class com.google.common.base.MoreObjects                                              : loaded 2 times (x 73B)
Class org.jetbrains.plugins.gradle.model.tests.ExternalTestSourceMapping              : loaded 2 times (x 72B)
Class com.android.tools.idea.gradle.project.sync.VariantDependenciesCompat            : loaded 2 times (x 74B)
Class com.google.common.collect.BaseImmutableMultimap                                 : loaded 2 times (x 125B)
Class com.android.tools.idea.gradle.model.IdeDependenciesInfo                         : loaded 2 times (x 72B)
Class com.google.common.collect.EmptyImmutableListMultimap                            : loaded 2 times (x 178B)
Class com.android.tools.idea.gradle.project.sync.BuildInfo                            : loaded 2 times (x 74B)
Class com.android.builder.model.v2.models.TestApkTestSuiteSource                      : loaded 2 times (x 72B)
Class com.google.common.util.concurrent.AbstractFuture$Failure                        : loaded 2 times (x 74B)
Class com.google.common.base.Equivalence$Equals                                       : loaded 2 times (x 84B)
Class com.google.common.collect.Hashing                                               : loaded 2 times (x 73B)
Class com.google.common.base.PatternCompiler                                          : loaded 2 times (x 72B)
Class com.android.tools.idea.gradle.project.sync.ModelCacheV2ImplKt                   : loaded 2 times (x 73B)
Class com.android.tools.idea.gradle.model.IdeSigningConfig                            : loaded 2 times (x 72B)
Class com.android.tools.idea.gradle.model.IdeLibrary                                  : loaded 2 times (x 72B)
Class _BuildScript_                                                                   : loaded 2 times (x 167B)
Class org.jetbrains.plugins.gradle.model.DefaultGradleConfiguration                   : loaded 2 times (x 81B)
Class com.intellij.gradle.toolingExtension.impl.model.dependencyModel.auxiliary.AuxiliaryConfigurationArtifacts: loaded 2 times (x 76B)
Class org.jetbrains.kotlin.idea.gradleTooling.ModelBuilderUtilsKt                     : loaded 2 times (x 73B)
Class com.google.common.cache.CacheLoader$FunctionToCacheLoader                       : loaded 2 times (x 77B)
Class com.google.common.collect.ImmutableListMultimap                                 : loaded 2 times (x 178B)
Class com.android.tools.idea.gradle.model.IdeBuild                                    : loaded 2 times (x 72B)
Class com.android.tools.idea.gradle.project.sync.ModelCache                           : loaded 2 times (x 72B)
Class [Lcom.android.tools.idea.gradle.model.ResolverType;                             : loaded 2 times (x 71B)
Class com.android.tools.idea.gradle.project.sync.LibraryIdentity                      : loaded 2 times (x 74B)
Class com.android.tools.idea.gradle.model.IdeVariantCore                              : loaded 2 times (x 72B)
Class com.android.tools.idea.gradle.model.impl.IdeDependenciesCoreImpl                : loaded 2 times (x 72B)
Class com.android.tools.idea.gradle.project.sync.AndroidProjectPathResolver           : loaded 2 times (x 72B)
Class com.android.tools.idea.gradle.project.upgrade.AndroidGradlePluginCompatibilityKt: loaded 2 times (x 73B)
Class com.android.tools.idea.gradle.project.sync.BasicIncompleteAndroidModule         : loaded 2 times (x 75B)
Class com.android.tools.idea.gradle.project.sync.VariantDiscovery$prepareRequestedOrDefaultModuleConfigurations$$inlined$sortedBy$1: loaded 2 times (x 91B)
Class com.android.tools.idea.gradle.project.sync.ActionToRun$toSafeController$1       : loaded 2 times (x 92B)
Class org.gradle.tooling.model.GradleTask                                             : loaded 2 times (x 72B)
Class com.android.tools.idea.gradle.model.IdeArtifactName$Companion$WhenMappings      : loaded 2 times (x 73B)
Class ijInit2_buf6cpsrtdiljonsku0zyke2l$_run_closure1                                 : loaded 2 times (x 141B)
Class org.objectweb.asm.Label                                                         : loaded 2 times (x 75B)
Class org.objectweb.asm.CurrentFrame                                                  : loaded 2 times (x 75B)
Class org.objectweb.asm.ClassTooLargeException                                        : loaded 2 times (x 84B)
Class org.jetbrains.kotlin.idea.gradleTooling.KotlinTaskPropertiesImpl                : loaded 2 times (x 80B)
Class org.jetbrains.plugins.gradle.tooling.serialization.GradleExtensionsSerializationService$3: loaded 2 times (x 78B)
Class org.gradle.internal.classloader.InstrumentingClassLoader                        : loaded 2 times (x 72B)
Class org.jetbrains.plugins.gradle.model.tests.DefaultExternalTestsModel              : loaded 2 times (x 79B)
Class org.jetbrains.kotlin.idea.gradleTooling.KotlinGradlePluginVersionKt             : loaded 2 times (x 73B)
Class org.jetbrains.kotlin.idea.gradleTooling.reflect.TypeToken$Companion             : loaded 2 times (x 73B)
Class org.gradle.internal.classpath.TransformedClassPath                              : loaded 2 times (x 98B)
Class com.google.common.cache.CacheBuilder$NullListener                               : loaded 2 times (x 84B)
Class org.objectweb.asm.FieldWriter                                                   : loaded 2 times (x 79B)
Class kotlin.coroutines.jvm.internal.CoroutineDumpState                               : loaded 2 times (x 73B)
Class org.gradle.tooling.model.idea.IdeaContentRoot                                   : loaded 2 times (x 72B)
Class com.android.tools.idea.gradle.project.sync.ModelFetchersKt$findKotlinModelsForAndroidProject$kotlinModel$1: loaded 2 times (x 77B)
Class com.android.ide.common.gradle.Version$Companion$ParseState$NUMERIC              : loaded 2 times (x 76B)
Class com.android.tools.idea.gradle.project.sync.VariantNameResolutionKt$buildVariantNameResolver$1: loaded 2 times (x 77B)
Class com.android.tools.idea.gradle.model.impl.IdeVariantBuildInformationImpl         : loaded 2 times (x 78B)
Class com.android.tools.idea.gradle.model.IdeArtifactName                             : loaded 2 times (x 81B)
Class com.android.ide.common.repository.AgpVersion$PreviewKind                        : loaded 2 times (x 81B)
Class com.android.builder.model.v2.models.ProjectGraph                                : loaded 2 times (x 72B)
Class org.jetbrains.plugins.gradle.tooling.serialization.internal.IdeaProjectSerializationService$JdkGetter: loaded 2 times (x 77B)
Class com.intellij.gradle.toolingExtension.impl.util.GradleModelProviderUtil          : loaded 2 times (x 73B)
Class org.objectweb.asm.Frame                                                         : loaded 2 times (x 75B)
Class org.objectweb.asm.MethodVisitor                                                 : loaded 2 times (x 107B)
Class com.google.common.cache.LocalCache$EntryFactory$1                               : loaded 2 times (x 85B)
Class [Lcom.google.common.cache.RemovalListener;                                      : loaded 2 times (x 71B)
Class org.jetbrains.plugins.gradle.tooling.serialization.internal.IdeaProjectSerializationService$ResourceDirectoriesGetter: loaded 2 times (x 77B)
Class org.jetbrains.kotlin.idea.gradleTooling.reflect.ParameterList                   : loaded 2 times (x 171B)
Class org.jetbrains.plugins.gradle.tooling.serialization.GradleExtensionsSerializationService$2: loaded 2 times (x 78B)
Class com.google.common.base.Splitter$1                                               : loaded 2 times (x 79B)
Class com.google.common.collect.MapDifference                                         : loaded 2 times (x 72B)
Class com.google.common.cache.LocalCache$Strength$3                                   : loaded 2 times (x 83B)
Class com.android.tools.idea.gradle.project.sync.SyncVariantResult                    : loaded 2 times (x 74B)
Class com.intellij.openapi.util.Pair                                                  : loaded 2 times (x 74B)
Class com.android.tools.idea.gradle.model.impl.IdeVectorDrawablesOptionsImpl          : loaded 2 times (x 77B)
Class org.jetbrains.kotlin.idea.gradleTooling.model.kapt.KaptSourceSetModel           : loaded 2 times (x 72B)
Class com.google.common.collect.ComparisonChain$1                                     : loaded 2 times (x 83B)
Class com.android.tools.idea.gradle.model.IdeAndroidProjectType                       : loaded 2 times (x 81B)
Class com.google.common.cache.LocalCache$EntryFactory$2                               : loaded 2 times (x 85B)
Class com.android.tools.idea.gradle.project.sync.ModelCacheV2ImplKt$modelCacheV2Impl$variantCoreFrom$15: loaded 2 times (x 131B)
Class com.android.tools.idea.gradle.project.sync.ModelResult$Context                  : loaded 2 times (x 72B)
Class com.android.tools.idea.gradle.project.sync.DeliverableGradleModule$ModelConsumer: loaded 2 times (x 74B)
Class com.intellij.gradle.toolingExtension.impl.util.GradleProjectUtil                : loaded 2 times (x 73B)
Class org.jetbrains.kotlin.idea.gradleTooling.reflect.ReflectionReceiver              : loaded 2 times (x 72B)
Class org.jetbrains.plugins.gradle.tooling.serialization.GradleExtensionsSerializationService$1: loaded 2 times (x 78B)
Class com.google.common.cache.LocalCache$Strength$2                                   : loaded 2 times (x 83B)
Class com.google.common.util.concurrent.SettableFuture                                : loaded 2 times (x 116B)
Class org.jetbrains.plugins.gradle.model.ProjectImportModelProvider$GradleModelConsumer$1: loaded 2 times (x 79B)
Class com.android.tools.idea.gradle.project.sync.AndroidExtraModelProviderKt$flattenDag$2: loaded 2 times (x 97B)
Class com.android.tools.idea.gradle.model.IdeVariantBuildInformation                  : loaded 2 times (x 72B)
Class com.intellij.gradle.toolingExtension.impl.util.GradleIdeaPluginUtil             : loaded 2 times (x 73B)
Class com.android.ide.common.gradle.Component$Companion                               : loaded 2 times (x 73B)
Class com.android.tools.idea.gradle.model.IdeLintOptions                              : loaded 2 times (x 72B)
Class com.android.tools.idea.gradle.project.sync.VariantAssetSourceProviderContext    : loaded 2 times (x 74B)
Class com.android.tools.idea.gradle.project.sync.DefaultVariantsKt$getDefaultVariant$$inlined$compareBy$1: loaded 2 times (x 92B)
Class com.android.builder.model.v2.dsl.ClassField                                     : loaded 2 times (x 72B)
Class com.google.common.collect.Cut$BelowAll                                          : loaded 2 times (x 90B)
Class com.android.tools.idea.gradle.project.sync.AndroidExtraModelProviderWorkerKt    : loaded 2 times (x 73B)
Class org.objectweb.asm.ModuleWriter                                                  : loaded 2 times (x 83B)
Class com.google.common.cache.LocalCache$EntryFactory$3                               : loaded 2 times (x 85B)
Class com.google.common.base.Ticker$1                                                 : loaded 2 times (x 74B)
Class com.google.common.collect.ImmutableMapEntrySet$RegularEntrySet                  : loaded 2 times (x 153B)
Class com.google.common.collect.Maps$BiMapConverter                                   : loaded 2 times (x 92B)
Class com.google.common.cache.LocalCache$Strength$1                                   : loaded 2 times (x 83B)
Class org.objectweb.asm.ModuleVisitor                                                 : loaded 2 times (x 83B)
Class com.google.common.collect.Sets$4                                                : loaded 2 times (x 141B)
Class com.android.tools.idea.gradle.model.IdeVariantHeader                            : loaded 2 times (x 72B)
Class com.intellij.gradle.toolingExtension.impl.model.sourceSetModel.GradleSourceSetResolutionContext: loaded 2 times (x 75B)
Class com.intellij.compose.ide.plugin.gradleTooling.rt.ComposeResourcesExtension$Companion: loaded 2 times (x 73B)
Class org.jetbrains.kotlin.idea.gradleTooling.reflect.GradleReflectionLogger          : loaded 2 times (x 77B)
Class org.gradle.internal.service.UnknownServiceException                             : loaded 2 times (x 85B)
Class com.google.common.base.AbstractIterator$State                                   : loaded 2 times (x 81B)
Class com.google.common.cache.LocalCache$LocalLoadingCache                            : loaded 2 times (x 136B)
Class com.android.tools.idea.gradle.model.IdeAndroidLibraryImpl$Companion             : loaded 2 times (x 73B)
Class com.android.tools.idea.gradle.model.IdeAndroidArtifactCore                      : loaded 2 times (x 72B)
Class com.android.tools.idea.gradle.model.impl.IdeApiVersionImpl                      : loaded 2 times (x 79B)
Class com.android.tools.idea.gradle.project.sync.AndroidProjectResult$Companion       : loaded 2 times (x 73B)
Class com.google.common.collect.Sets$3                                                : loaded 2 times (x 141B)
Class com.google.common.collect.SortedLists$KeyPresentBehavior$1                      : loaded 2 times (x 82B)
Class org.gradle.tooling.model.kotlin.dsl.EditorReportSeverity                        : loaded 2 times (x 81B)
Class com.intellij.gradle.toolingExtension.impl.modelAction.GradleDaemonModelHolder$ConvertedModel: loaded 2 times (x 74B)
Class com.google.common.cache.LocalCache$EntryFactory$4                               : loaded 2 times (x 85B)
Class com.google.common.collect.ImmutableSet$Builder                                  : loaded 2 times (x 87B)
Class [Lorg.objectweb.asm.AnnotationVisitor;                                          : loaded 2 times (x 71B)
Class org.jetbrains.plugins.gradle.model.ExternalSourceDirectorySet                   : loaded 2 times (x 72B)
Class com.android.tools.idea.gradle.project.sync.ModelCacheV2ImplKt$modelCacheV2Impl$variantCoreFrom$12: loaded 2 times (x 131B)
Class com.intellij.gradle.toolingExtension.impl.model.dependencyModel.GradleDependencyTraverser: loaded 2 times (x 82B)
Class com.intellij.gradle.toolingExtension.impl.model.sourceSetDependencyModel.DefaultGradleSourceSetDependencyModel: loaded 2 times (x 79B)
Class com.android.tools.idea.gradle.project.sync.ModelResult$Companion                : loaded 2 times (x 73B)
Class com.android.tools.idea.gradle.model.IdeAndroidLibraryImplKt                     : loaded 2 times (x 73B)
Class com.android.tools.idea.gradle.model.IdeArtifactLibrary                          : loaded 2 times (x 72B)
Class com.android.tools.idea.gradle.project.sync.AndroidProjectResultKt               : loaded 2 times (x 73B)
Class com.android.tools.idea.gradle.model.impl.IdeLintOptionsImpl                     : loaded 2 times (x 105B)
Class com.android.tools.idea.gradle.model.IdeSourceProviderContainer                  : loaded 2 times (x 72B)
Class com.google.common.collect.SortedLists$KeyPresentBehavior$2                      : loaded 2 times (x 82B)
Class com.android.tools.idea.gradle.project.sync.ModuleConfiguration                  : loaded 2 times (x 74B)
Class com.android.builder.model.v2.models.VariantDependenciesFlatList                 : loaded 2 times (x 72B)
Class org.jetbrains.kotlin.idea.gradleTooling.reflect.KotlinMultiplatformImportReflection: loaded 2 times (x 72B)
Class org.gradle.api.internal.ClassPathProvider                                       : loaded 2 times (x 72B)
Class com.google.common.cache.LocalCache$EntryFactory$5                               : loaded 2 times (x 85B)
Class [Lorg.gradle.api.internal.ClassPathProvider;                                    : loaded 2 times (x 71B)
Class com.google.common.collect.Sets$2                                                : loaded 2 times (x 141B)
Class com.android.builder.model.AndroidProject                                        : loaded 2 times (x 72B)
Class com.google.common.collect.TreeRangeSet                                          : loaded 2 times (x 117B)
Class com.android.tools.idea.gradle.project.sync.DefaultVariantsKt$getDefaultVariant$$inlined$thenBy$2: loaded 2 times (x 92B)
Class com.android.tools.idea.gradle.model.impl.IdeAndroidProjectImpl                  : loaded 2 times (x 109B)
Class com.android.tools.idea.gradle.project.sync.VariantDiscovery                     : loaded 2 times (x 74B)
Class com.android.tools.idea.gradle.project.sync.DependencyGraphCompat                : loaded 2 times (x 73B)
Class org.jetbrains.plugins.gradle.tooling.serialization.internal.IdeaProjectSerializationService$TargetBytecodeVersionGetter: loaded 2 times (x 77B)
Class [Lcom.android.tools.idea.gradle.model.IdeTestOptions$Execution;                 : loaded 2 times (x 71B)
Class com.android.builder.model.v2.models.AssetsTestSuiteSource                       : loaded 2 times (x 72B)
Class org.jetbrains.plugins.gradle.tooling.serialization.internal.adapter.InternalProjectIdentifier: loaded 2 times (x 78B)
Class com.google.common.collect.SortedLists$KeyPresentBehavior$3                      : loaded 2 times (x 82B)
Class com.google.common.cache.LocalCache$EntryFactory$6                               : loaded 2 times (x 85B)
Class org.gradle.internal.installation.CurrentGradleInstallationLocator               : loaded 2 times (x 73B)
Class com.intellij.gradle.toolingExtension.impl.model.dependencyModel.GradleDependencyTraverser$Itr: loaded 2 times (x 85B)
Class org.gradle.api.internal.DefaultClassPathProvider                                : loaded 2 times (x 78B)
Class sync_studio_tooling1305_6z7mz2ed4ejycgbgu53ubd5kk$_run_closure1                 : loaded 2 times (x 140B)
Class com.google.common.base.Splitter                                                 : loaded 2 times (x 74B)
Class org.objectweb.asm.AnnotationVisitor                                             : loaded 2 times (x 80B)
Class com.google.common.collect.Sets$1                                                : loaded 2 times (x 141B)
Class com.android.tools.idea.gradle.project.sync.AllKotlinModels                      : loaded 2 times (x 74B)
Class com.google.common.collect.Cut$BelowValue                                        : loaded 2 times (x 90B)
Class com.google.common.collect.SortedLists                                           : loaded 2 times (x 73B)
Class [Lcom.google.common.collect.SortedLists$KeyPresentBehavior;                     : loaded 2 times (x 71B)
Class com.google.common.collect.SortedLists$KeyPresentBehavior$4                      : loaded 2 times (x 82B)
Class org.gradle.tooling.model.idea.IdeaJavaLanguageSettings                          : loaded 2 times (x 72B)
Class com.google.common.collect.Iterators$PeekingImpl                                 : loaded 2 times (x 87B)
Class org.jetbrains.plugins.gradle.tooling.serialization.internal.adapter.kotlin.dsl.InternalKotlinDslScriptsModel: loaded 2 times (x 78B)
Class com.google.common.collect.ImmutableMultimap$Builder                             : loaded 2 times (x 85B)
Class com.google.common.cache.LocalCache$EntryFactory$7                               : loaded 2 times (x 85B)
Class com.google.common.collect.ImmutableSet$EmptySetBuilderImpl                      : loaded 2 times (x 78B)
Class org.gradle.internal.service.DefaultServiceLocator                               : loaded 2 times (x 85B)
Class com.android.tools.idea.gradle.project.sync.JavaModule                           : loaded 2 times (x 80B)
Class com.android.tools.idea.gradle.project.sync.DefaultVariantsKt$getDefaultVariant$$inlined$thenBy$1: loaded 2 times (x 92B)
Class com.android.builder.model.v2.models.TestSuiteDependenciesAdjacencyList          : loaded 2 times (x 72B)
Class [Lcom.android.tools.idea.gradle.model.impl.IdeModuleSourceSet;                  : loaded 2 times (x 71B)
Class com.android.ide.common.gradle.Numeric                                           : loaded 2 times (x 79B)
Class org.jetbrains.kotlin.idea.gradleTooling.KotlinGradlePluginVersion$Companion     : loaded 2 times (x 73B)
Class org.jetbrains.kotlin.idea.gradleTooling.model.allopen.AllOpenModel              : loaded 2 times (x 72B)
Class com.google.common.collect.ListMultimap                                          : loaded 2 times (x 72B)
Class com.google.common.collect.ImmutableEnumMap                                      : loaded 2 times (x 127B)
Class org.jetbrains.kotlin.idea.gradleTooling.AndroidAwareGradleModelProvider$populateModels$1: loaded 2 times (x 76B)
Class com.android.tools.idea.gradle.model.IdeBaseArtifactCore                         : loaded 2 times (x 72B)
Class com.android.tools.idea.gradle.project.sync.VariantNameResolutionKt              : loaded 2 times (x 73B)
Class com.android.tools.idea.gradle.model.IdeViewBindingOptions                       : loaded 2 times (x 72B)
Class com.google.common.collect.SortedLists$KeyPresentBehavior$5                      : loaded 2 times (x 82B)
Class com.google.common.collect.ComparisonChain$InactiveComparisonChain               : loaded 2 times (x 82B)
Class com.android.tools.idea.gradle.project.sync.SyncProjectActionWorker$populateAndroidModels$2$variantDiscovery$1: loaded 2 times (x 80B)
Class com.android.tools.idea.gradle.model.impl.IdeUnresolvedLibraryTable              : loaded 2 times (x 72B)
Class org.jetbrains.plugins.gradle.model.FilePatternSet                               : loaded 2 times (x 72B)
Class org.jetbrains.plugins.gradle.model.GradleLightProject                           : loaded 2 times (x 72B)
Class com.google.common.collect.ImmutableMultimap$EntryCollection                     : loaded 2 times (x 129B)
Class com.google.common.cache.LocalCache$EntryFactory$8                               : loaded 2 times (x 85B)
Class org.gradle.internal.installation.CurrentGradleInstallation                      : loaded 2 times (x 75B)
Class [Lcom.google.common.collect.ImmutableMapEntry;                                  : loaded 2 times (x 71B)
Class com.intellij.gradle.toolingExtension.model.repositoryModel.RepositoryModel      : loaded 2 times (x 72B)
Class [Lcom.android.ide.common.repository.AgpVersion$PreviewKind;                     : loaded 2 times (x 71B)
Class com.android.builder.model.v2.models.TestSuiteSource                             : loaded 2 times (x 72B)
Class com.android.tools.idea.gradle.model.IdeBuildTypeContainer                       : loaded 2 times (x 72B)
Class com.android.tools.idea.gradle.model.impl.IdeJavaArtifactCoreImpl                : loaded 2 times (x 93B)
Class org.jetbrains.kotlin.tooling.core.Interner                                      : loaded 2 times (x 72B)
Class com.google.common.base.CharMatcher$None                                         : loaded 2 times (x 114B)
Class org.jetbrains.kotlin.idea.gradleTooling.KotlinTasksPropertyUtilsKt              : loaded 2 times (x 73B)
Class org.gradle.tooling.model.kotlin.dsl.EditorPosition                              : loaded 2 times (x 72B)
Class kotlin.text.MatcherMatchResult$groupValues$1                                    : loaded 2 times (x 200B)
Class com.android.tools.idea.gradle.model.IdeUnknownLibrary                           : loaded 2 times (x 72B)
Class com.android.tools.idea.gradle.model.IdePreResolvedModuleLibrary                 : loaded 2 times (x 72B)
Class com.android.tools.idea.gradle.project.sync.LibraryIdentity$LibraryIdentityProvider$special$$inlined$compareBy$1: loaded 2 times (x 92B)
Class sync_studio_tooling278_cug4i53ypcmvs4jzxv6lubftx                                : loaded 2 times (x 173B)
Class org.gradle.internal.classloader.DefaultClassLoaderFactory                       : loaded 2 times (x 84B)
Class com.google.common.base.Platform$JdkPatternCompiler                              : loaded 2 times (x 77B)
Class com.android.tools.idea.gradle.project.sync.GradleInjectedSyncActionRunner       : loaded 2 times (x 72B)
Class com.google.common.base.Suppliers                                                : loaded 2 times (x 73B)
Class [Lcom.google.common.cache.CacheBuilder$OneWeigher;                              : loaded 2 times (x 71B)
Class com.google.common.cache.CacheLoader$1                                           : loaded 2 times (x 77B)
Class org.gradle.util.internal.GUtil                                                  : loaded 2 times (x 73B)
Class org.objectweb.asm.MethodTooLargeException                                       : loaded 2 times (x 84B)
Class org.gradle.tooling.model.kotlin.dsl.EditorReport                                : loaded 2 times (x 72B)
Class org.jetbrains.plugins.gradle.model.DefaultGradleExtensions                      : loaded 2 times (x 90B)
Class com.android.tools.idea.gradle.model.IdeBaseConfig                               : loaded 2 times (x 72B)
Class com.android.tools.idea.gradle.project.sync.GradleModelCollection                : loaded 2 times (x 72B)
Class [Lcom.intellij.openapi.externalSystem.model.project.ExternalSystemSourceType;   : loaded 2 times (x 71B)
Class com.intellij.gradle.toolingExtension.impl.model.dependencyDownloadPolicyModel.DefaultGradleDependencyDownloadPolicy: loaded 2 times (x 79B)
Class org.jetbrains.kotlin.idea.gradleTooling.model.noarg.NoArgModel                  : loaded 2 times (x 72B)
Class org.objectweb.asm.ClassVisitor                                                  : loaded 2 times (x 90B)
Class [Lorg.objectweb.asm.Symbol;                                                     : loaded 2 times (x 71B)
Class com.android.tools.idea.gradle.project.sync.AndroidSdkBootClasspathUtilKt        : loaded 2 times (x 73B)
Class com.android.tools.idea.gradle.model.impl.IdeVariantCoreImpl                     : loaded 2 times (x 110B)
Class com.android.tools.idea.gradle.model.impl.IdeExtraSourceProviderImpl             : loaded 2 times (x 78B)
Class com.android.tools.idea.gradle.project.sync.AgpVersionsMismatch                  : loaded 2 times (x 84B)
Class com.android.tools.idea.gradle.project.sync.AgpVersionTooOld                     : loaded 2 times (x 84B)
Class [Lcom.android.tools.idea.gradle.project.sync.ModelFeature;                      : loaded 2 times (x 71B)
Class com.google.common.cache.AbstractCache$StatsCounter                              : loaded 2 times (x 72B)
Class com.android.tools.idea.gradle.project.sync.ModelCache$V2                        : loaded 2 times (x 72B)
Class kotlin.jvm.internal.FunctionAdapter                                             : loaded 2 times (x 72B)
Class com.android.ide.common.gradle.Module$Companion                                  : loaded 2 times (x 73B)
Class org.jetbrains.plugins.gradle.model.ear.EarConfiguration                         : loaded 2 times (x 72B)
Class org.jetbrains.kotlin.idea.gradleTooling.reflect.KotlinCompilerArgumentsResolverReflectionKt: loaded 2 times (x 73B)
Class com.google.common.collect.ImmutableMap$MapViewOfValuesAsSingletonSets           : loaded 2 times (x 127B)
Class com.google.common.collect.RegularImmutableMap                                   : loaded 2 times (x 122B)
Class org.gradle.tooling.internal.consumer.connection.ToolingParameterProxy           : loaded 2 times (x 78B)
Class com.android.tools.idea.gradle.project.sync.VariantDef                           : loaded 2 times (x 74B)
Class org.jetbrains.kotlin.idea.gradleTooling.reflect.KotlinSourceSetReflectionImpl   : loaded 2 times (x 85B)
Class com.android.tools.idea.gradle.project.sync.ClasspathIdentifier                  : loaded 2 times (x 74B)
Class com.android.tools.idea.gradle.project.sync.VariantDiscovery$toTraverseAction$1$1$moduleDependencies$1: loaded 2 times (x 131B)
Class com.android.builder.model.v2.ide.TestSuiteTarget                                : loaded 2 times (x 72B)
Class com.intellij.gradle.toolingExtension.impl.model.dependencyModel.GradleDependencyResolver: loaded 2 times (x 74B)
Class com.google.common.util.concurrent.ExecutionError                                : loaded 2 times (x 84B)
Class com.google.common.collect.ImmutableEnumSet                                      : loaded 2 times (x 148B)
Class org.gradle.internal.installation.GradleInstallation                             : loaded 2 times (x 77B)
Class com.android.tools.idea.gradle.model.impl.FileImpl                               : loaded 2 times (x 123B)
Class com.android.tools.idea.gradle.model.IdeVectorDrawablesOptions                   : loaded 2 times (x 72B)
Class com.android.tools.idea.gradle.model.IdeSourceProvider                           : loaded 2 times (x 74B)
Class com.android.tools.idea.gradle.model.IdeTestOptions                              : loaded 2 times (x 72B)
Class org.jetbrains.plugins.gradle.model.DefaultFileCollectionDependency              : loaded 2 times (x 112B)
Class com.intellij.openapi.diagnostic.DefaultLogger                                   : loaded 2 times (x 103B)
Class com.intellij.gradle.toolingExtension.impl.util.javaPluginUtil.ExtensionJavaPluginAccessor: loaded 2 times (x 84B)
Class com.android.tools.idea.gradle.project.sync.StandaloneDeliverableModel$Companion : loaded 2 times (x 73B)
Class com.android.tools.idea.gradle.project.sync.AgpCompatibilityKt                   : loaded 2 times (x 73B)
Class com.google.common.collect.ForwardingCollection                                  : loaded 2 times (x 132B)
Class com.intellij.openapi.diagnostic.Attachment                                      : loaded 2 times (x 74B)
Class com.google.common.collect.Iterables                                             : loaded 2 times (x 73B)
Class com.google.common.base.Splitter$Strategy                                        : loaded 2 times (x 72B)
Class com.android.tools.idea.gradle.project.sync.GradleProject$ModelConsumer          : loaded 2 times (x 74B)
Class org.gradle.internal.classloader.ClassLoaderHierarchy                            : loaded 2 times (x 72B)
Class [Lcom.google.common.base.AbstractIterator$State;                                : loaded 2 times (x 71B)
Class com.android.tools.idea.gradle.project.sync.HasLintJar                           : loaded 2 times (x 72B)
Class com.android.tools.idea.gradle.project.sync.ModelFetchersKt$findNativeModuleModel$1: loaded 2 times (x 76B)
Class com.android.tools.idea.gradle.project.sync.VariantSelectionKt$getModuleDependencyConfigurations$generateDirectModuleDependencies$allDependencies$1: loaded 2 times (x 97B)
Class org.jetbrains.plugins.gradle.model.DefaultGradleExtension                       : loaded 2 times (x 82B)
Class org.jetbrains.kotlin.idea.gradleTooling.reflect.KotlinCompilerArgumentsResolverReflectionImpl: loaded 2 times (x 77B)
Class org.jetbrains.plugins.gradle.tooling.util.GradleContainerUtil                   : loaded 2 times (x 73B)
Class org.jetbrains.plugins.gradle.tooling.serialization.internal.IdeaProjectSerializationService$11: loaded 2 times (x 78B)
Class com.intellij.gradle.toolingExtension.impl.model.utilTurnOffDefaultTasksModel.DefaultTurnOffDefaultTasks: loaded 2 times (x 73B)
Class org.gradle.internal.classloader.FilteringClassLoader                            : loaded 2 times (x 106B)
Class com.google.common.collect.RegularImmutableMap$KeySet                            : loaded 2 times (x 152B)
Class com.google.common.base.Equivalence$Identity                                     : loaded 2 times (x 84B)
Class com.google.common.base.PairwiseEquivalence                                      : loaded 2 times (x 85B)
Class com.android.tools.idea.gradle.project.sync.ModelFeature                         : loaded 2 times (x 81B)
Class com.android.ide.common.gradle.Part                                              : loaded 2 times (x 79B)
Class com.android.tools.idea.gradle.model.impl.IdeBuildTypeImpl                       : loaded 2 times (x 95B)
Class com.android.tools.idea.gradle.model.impl.IdeAndroidArtifactCoreImpl             : loaded 2 times (x 105B)
Class com.android.tools.idea.gradle.project.sync.ArtifactDependenciesCompat           : loaded 2 times (x 74B)
Class org.jetbrains.plugins.gradle.tooling.serialization.internal.IdeaProjectSerializationService$10: loaded 2 times (x 78B)
Class com.google.common.cache.LocalCache$LocalManualCache                             : loaded 2 times (x 101B)
Class org.gradle.tooling.model.internal.Exceptions                                    : loaded 2 times (x 73B)

---------------  S Y S T E M  ---------------

OS:
 Windows 11 , 64 bit Build 26100 (10.0.26100.9168)
OS uptime: 0 days 0:48 hours
Hyper-V role detected

CPU: total 8 (initial active 8) (4 cores per cpu, 2 threads per core) family 6 model 140 stepping 1 microcode 0x86, cx8, cmov, fxsr, ht, mmx, 3dnowpref, sse, sse2, sse3, ssse3, sse4.1, sse4.2, popcnt, lzcnt, tsc, tscinvbit, avx, avx2, aes, erms, clmul, bmi1, bmi2, adx, avx512f, avx512dq, avx512cd, avx512bw, avx512vl, sha, fma, vzeroupper, avx512_vpopcntdq, avx512_vpclmulqdq, avx512_vaes, avx512_vnni, clflush, clflushopt, clwb, avx512_vbmi2, avx512_vbmi, hv, rdtscp, rdpid, fsrm, gfni, avx512_bitalg, f16c, cet_ibt, cet_ss, avx512_ifma
Processor Information for the first 8 processors :
  Max Mhz: 3110, Current Mhz: 3110, Mhz Limit: 3110

Memory: 4k page, system-wide physical 16073M (4544M free)
TotalPageFile size 16073M (AvailPageFile size 4M)
current process WorkingSet (physical memory assigned to process): 470M, peak: 601M
current process commit charge ("private bytes"): 613M, peak: 626M

vm_info: OpenJDK 64-Bit Server VM (25.0.2+-15348964-b329.117) for windows-amd64 JRE (25.0.2+-15348964-b329.117), built on 2026-05-05T18:25:19Z with MS VC++ 16.10 / 16.11 (VS2019)

END.
