#
# There is insufficient memory for the Java Runtime Environment to continue.
# Native memory allocation (malloc) failed to allocate 14828760 bytes. Error detail: Chunk::new
# Possible reasons:
#   The system is out of physical RAM or swap space
#   This process is running with CompressedOops enabled, and the Java Heap may be blocking the growth of the native heap
# Possible solutions:
#   Reduce memory load on the system
#   Increase physical memory or swap space
#   Check if swap backing store is full
#   Decrease Java heap size (-Xmx/-Xms)
#   Decrease number of Java threads
#   Decrease Java thread stack sizes (-Xss)
#   Set larger code cache with -XX:ReservedCodeCacheSize=
#   JVM is running with Unscaled Compressed Oops mode in which the Java heap is
#     placed in the first 4GB address space. The Java Heap base address is the
#     maximum limit for the native heap growth. Please use -XX:HeapBaseMinAddress
#     to set the Java Heap base and to place the Java Heap above 4GB virtual address.
# This output file may be truncated or incomplete.
#
#  Out of Memory Error (arena.cpp:186), pid=5580, tid=7648
#
# JRE version: OpenJDK Runtime Environment (25.0.2) (build 25.0.2+-15348964-b329.117)
# Java VM: OpenJDK 64-Bit Server VM (25.0.2+-15348964-b329.117, mixed mode, tiered, compressed oops, compressed class ptrs, g1 gc, windows-amd64)
# No core dump will be written. Minidumps are not enabled by default on client versions of Windows
#

---------------  S U M M A R Y ------------

Command Line: --add-opens=java.base/java.lang=ALL-UNNAMED --add-opens=java.base/java.lang.invoke=ALL-UNNAMED --add-opens=java.base/java.util=ALL-UNNAMED --add-opens=java.prefs/java.util.prefs=ALL-UNNAMED --add-exports=jdk.compiler/com.sun.tools.javac.api=ALL-UNNAMED --add-exports=jdk.compiler/com.sun.tools.javac.util=ALL-UNNAMED --add-opens=java.base/java.nio.charset=ALL-UNNAMED --add-opens=java.base/java.net=ALL-UNNAMED --add-opens=java.base/java.util.concurrent=ALL-UNNAMED --add-opens=java.base/java.util.concurrent.atomic=ALL-UNNAMED --add-opens=java.xml/javax.xml.namespace=ALL-UNNAMED --add-opens=java.base/java.time=ALL-UNNAMED --enable-native-access=ALL-UNNAMED -Xmx2048m -Dfile.encoding=UTF-8 -Duser.country=RU -Duser.language=ru -Duser.variant -javaagent:C:\Users\sdenm\.gradle\wrapper\dists\gradle-9.5.0-bin\bvnork1r7n8i6kp5cnkibsc9q\gradle-9.5.0\lib\agents\gradle-instrumentation-agent-9.5.0.jar org.gradle.launcher.daemon.bootstrap.GradleDaemon 9.5.0

Host: 11th Gen Intel(R) Core(TM) i5-11300H @ 3.10GHz, 8 cores, 15G,  Windows 11 , 64 bit Build 26100 (10.0.26100.8972)
Time: Mon Aug 10 22:55:30 2026 elapsed time: 20.587561 seconds (0d 0h 0m 20s)

---------------  T H R E A D  ---------------

Current thread (0x00000173b3c66a60):  JavaThread "C2 CompilerThread2" daemon [_thread_in_native, id=7648, stack(0x0000006828900000,0x0000006828a00000) (1024K)]


Current CompileTask:
C2:20587 13076       4       org.objectweb.asm.ClassReader::readCode (5117 bytes)

Stack: [0x0000006828900000,0x0000006828a00000]
Native frames: (J=compiled Java code, j=interpreted, Vv=VM code, C=native code)
V  [jvm.dll+0x7bd439]  (no source info available)
V  [jvm.dll+0x78763d]  (no source info available)
V  [jvm.dll+0xa0c885]  (no source info available)
V  [jvm.dll+0xa0ef04]  (no source info available)
V  [jvm.dll+0xa0f603]  (no source info available)
V  [jvm.dll+0x309bf6]  (no source info available)
V  [jvm.dll+0x10ea69]  (no source info available)
V  [jvm.dll+0x10ed92]  (no source info available)
V  [jvm.dll+0x1a9837]  (no source info available)
V  [jvm.dll+0x3bec92]  (no source info available)
V  [jvm.dll+0x7c2cb7]  (no source info available)
V  [jvm.dll+0x2ce046]  (no source info available)
V  [jvm.dll+0x2cd221]  (no source info available)
V  [jvm.dll+0x242ffa]  (no source info available)
V  [jvm.dll+0x2dcc05]  (no source info available)
V  [jvm.dll+0x2dae06]  (no source info available)
V  [jvm.dll+0x49b59e]  (no source info available)
V  [jvm.dll+0x9ab9c8]  (no source info available)
V  [jvm.dll+0x7bb985]  (no source info available)
C  [ucrtbase.dll+0x2cd30]  (no source info available)
C  [KERNEL32.DLL+0x2ccb7]  (no source info available)
C  [ntdll.dll+0xaad6c]  (no source info available)

Lock stack of current Java thread (top to bottom):


---------------  P R O C E S S  ---------------

Threads class SMR info:
_java_thread_list=0x00000173b3958d20, length=54, elements={
0x00000173910f7c90, 0x00000173a8cea0c0, 0x00000173a8cebec0, 0x00000173a8ced9f0,
0x00000173a8d176e0, 0x00000173a8d17ea0, 0x00000173a8d18a60, 0x00000173a8cfd5c0,
0x00000173a8d22ea0, 0x00000173ad006930, 0x00000173ad385f80, 0x00000173afa717c0,
0x00000173aff01730, 0x00000173af182ec0, 0x00000173afbca670, 0x00000173afbcf8c0,
0x00000173afbc7940, 0x00000173ae2d2080, 0x00000173afc06bd0, 0x00000173afc08340,
0x00000173afc0b220, 0x00000173afc092e0, 0x00000173afc09ab0, 0x00000173afc0d160,
0x00000173afc0e100, 0x00000173b0336550, 0x00000173b0333e40, 0x00000173b0334610,
0x00000173b03355b0, 0x00000173b07ec960, 0x00000173b07ec190, 0x00000173b07ed900,
0x00000173b07ee8a0, 0x00000173b07eb1f0, 0x00000173b07f1780, 0x00000173b07f0010,
0x00000173b19516c0, 0x00000173b1950ef0, 0x00000173b1952660, 0x00000173b194ff50,
0x00000173b19564e0, 0x00000173a8d286b0, 0x00000173b2fcaf10, 0x00000173b2fc8800,
0x00000173b2fc97a0, 0x00000173b2fcb6e0, 0x00000173b2fce5c0, 0x00000173b2fcbeb0,
0x00000173b2ee7100, 0x00000173b2eec6f0, 0x00000173b2eeaf80, 0x00000173b2eea7b0,
0x00000173b34f4310, 0x00000173b3c66a60
}

Java Threads: ( => current thread )
  0x00000173910f7c90 JavaThread "main"                              [_thread_blocked, id=14852, stack(0x0000006824400000,0x0000006824500000) (1024K)]
  0x00000173a8cea0c0 JavaThread "Common-Cleaner"             daemon [_thread_blocked, id=1964, stack(0x0000006824c00000,0x0000006824d00000) (1024K)]
  0x00000173a8cebec0 JavaThread "Reference Handler"          daemon [_thread_blocked, id=10624, stack(0x0000006824d00000,0x0000006824e00000) (1024K)]
  0x00000173a8ced9f0 JavaThread "Finalizer"                  daemon [_thread_blocked, id=11700, stack(0x0000006824e00000,0x0000006824f00000) (1024K)]
  0x00000173a8d176e0 JavaThread "Signal Dispatcher"          daemon [_thread_blocked, id=11808, stack(0x0000006824f00000,0x0000006825000000) (1024K)]
  0x00000173a8d17ea0 JavaThread "Attach Listener"            daemon [_thread_blocked, id=16176, stack(0x0000006825000000,0x0000006825100000) (1024K)]
  0x00000173a8d18a60 JavaThread "Service Thread"             daemon [_thread_blocked, id=15324, stack(0x0000006825100000,0x0000006825200000) (1024K)]
  0x00000173a8cfd5c0 JavaThread "Monitor Deflation Thread"   daemon [_thread_blocked, id=13392, stack(0x0000006825200000,0x0000006825300000) (1024K)]
  0x00000173a8d22ea0 JavaThread "C2 CompilerThread0"         daemon [_thread_in_native, id=7048, stack(0x0000006825300000,0x0000006825400000) (1024K)]
  0x00000173ad006930 JavaThread "C1 CompilerThread0"         daemon [_thread_blocked, id=3124, stack(0x0000006825400000,0x0000006825500000) (1024K)]
  0x00000173ad385f80 JavaThread "Notification Thread"        daemon [_thread_blocked, id=18456, stack(0x0000006825500000,0x0000006825600000) (1024K)]
  0x00000173afa717c0 JavaThread "Daemon health stats"               [_thread_blocked, id=2140, stack(0x0000006825d00000,0x0000006825e00000) (1024K)]
  0x00000173aff01730 JavaThread "Incoming local TCP Connector on port 51001"        [_thread_in_native, id=12680, stack(0x0000006825e00000,0x0000006825f00000) (1024K)]
  0x00000173af182ec0 JavaThread "Daemon periodic checks"            [_thread_blocked, id=9160, stack(0x0000006825f00000,0x0000006826000000) (1024K)]
  0x00000173afbca670 JavaThread "Daemon"                            [_thread_blocked, id=16696, stack(0x0000006826300000,0x0000006826400000) (1024K)]
  0x00000173afbcf8c0 JavaThread "Handler for socket connection from /127.0.0.1:51001 to /127.0.0.1:51002"        [_thread_in_native, id=16028, stack(0x0000006826400000,0x0000006826500000) (1024K)]
  0x00000173afbc7940 JavaThread "Cancel handler"                    [_thread_blocked, id=5564, stack(0x0000006826500000,0x0000006826600000) (1024K)]
  0x00000173ae2d2080 JavaThread "Daemon worker"                     [_thread_in_Java, id=16024, stack(0x0000006826600000,0x0000006826700000) (1024K)]
  0x00000173afc06bd0 JavaThread "Asynchronous log dispatcher for DefaultDaemonConnection: socket connection from /127.0.0.1:51001 to /127.0.0.1:51002"        [_thread_blocked, id=13620, stack(0x0000006826700000,0x0000006826800000) (1024K)]
  0x00000173afc08340 JavaThread "Stdin handler"                     [_thread_blocked, id=5484, stack(0x0000006826800000,0x0000006826900000) (1024K)]
  0x00000173afc0b220 JavaThread "Daemon client event forwarder"        [_thread_blocked, id=9764, stack(0x0000006826900000,0x0000006826a00000) (1024K)]
  0x00000173afc092e0 JavaThread "Cache worker for journal cache (C:\Users\sdenm\.gradle\caches\journal-1)"        [_thread_blocked, id=6996, stack(0x0000006826a00000,0x0000006826b00000) (1024K)]
  0x00000173afc09ab0 JavaThread "File lock request listener"        [_thread_in_native, id=11636, stack(0x0000006826b00000,0x0000006826c00000) (1024K)]
  0x00000173afc0d160 JavaThread "Cache worker for file hash cache (C:\Users\sdenm\.gradle\caches\9.5.0\fileHashes)"        [_thread_blocked, id=12356, stack(0x0000006826c00000,0x0000006826d00000) (1024K)]
  0x00000173afc0e100 JavaThread "Cache worker for file hash cache (D:\itdetiApp\.gradle\9.5.0\fileHashes)"        [_thread_blocked, id=14236, stack(0x0000006826d00000,0x0000006826e00000) (1024K)]
  0x00000173b0336550 JavaThread "Cache worker for Build Output Cleanup Cache (D:\itdetiApp\.gradle\buildOutputCleanup)"        [_thread_blocked, id=18468, stack(0x0000006826e00000,0x0000006826f00000) (1024K)]
  0x00000173b0333e40 JavaThread "File watcher server"        daemon [_thread_in_native, id=15496, stack(0x0000006826f00000,0x0000006827000000) (1024K)]
  0x00000173b0334610 JavaThread "File watcher consumer"      daemon [_thread_blocked, id=18608, stack(0x0000006827000000,0x0000006827100000) (1024K)]
  0x00000173b03355b0 JavaThread "jar transforms"                    [_thread_blocked, id=8620, stack(0x0000006827100000,0x0000006827200000) (1024K)]
  0x00000173b07ec960 JavaThread "jar transforms Thread 2"           [_thread_blocked, id=348, stack(0x0000006827200000,0x0000006827300000) (1024K)]
  0x00000173b07ec190 JavaThread "jar transforms Thread 3"           [_thread_blocked, id=15336, stack(0x0000006827300000,0x0000006827400000) (1024K)]
  0x00000173b07ed900 JavaThread "jar transforms Thread 4"           [_thread_blocked, id=6392, stack(0x0000006827400000,0x0000006827500000) (1024K)]
  0x00000173b07ee8a0 JavaThread "jar transforms Thread 5"           [_thread_blocked, id=15592, stack(0x0000006827500000,0x0000006827600000) (1024K)]
  0x00000173b07eb1f0 JavaThread "jar transforms Thread 6"           [_thread_blocked, id=7560, stack(0x0000006827600000,0x0000006827700000) (1024K)]
  0x00000173b07f1780 JavaThread "jar transforms Thread 7"           [_thread_blocked, id=4852, stack(0x0000006827700000,0x0000006827800000) (1024K)]
  0x00000173b07f0010 JavaThread "jar transforms Thread 8"           [_thread_blocked, id=14156, stack(0x0000006827800000,0x0000006827900000) (1024K)]
  0x00000173b19516c0 JavaThread "Cache worker for file content cache (C:\Users\sdenm\.gradle\caches\9.5.0\fileContent)"        [_thread_blocked, id=1900, stack(0x0000006827900000,0x0000006827a00000) (1024K)]
  0x00000173b1950ef0 JavaThread "Cache worker for checksums cache (D:\itdetiApp\.gradle\9.5.0\checksums)"        [_thread_blocked, id=19308, stack(0x0000006827a00000,0x0000006827b00000) (1024K)]
  0x00000173b1952660 JavaThread "Cache worker for cache directory md-supplier (C:\Users\sdenm\.gradle\caches\9.5.0\md-supplier)"        [_thread_blocked, id=3060, stack(0x0000006827b00000,0x0000006827c00000) (1024K)]
  0x00000173b194ff50 JavaThread "Cache worker for cache directory md-rule (C:\Users\sdenm\.gradle\caches\9.5.0\md-rule)"        [_thread_blocked, id=11556, stack(0x0000006827c00000,0x0000006827d00000) (1024K)]
  0x00000173b19564e0 JavaThread "Build operations"                  [_thread_blocked, id=6476, stack(0x0000006825700000,0x0000006825800000) (1024K)]
  0x00000173a8d286b0 JavaThread "Build operations Thread 2"         [_thread_blocked, id=16712, stack(0x0000006827d00000,0x0000006827e00000) (1024K)]
  0x00000173b2fcaf10 JavaThread "Build operations Thread 3"         [_thread_blocked, id=6328, stack(0x0000006827e00000,0x0000006827f00000) (1024K)]
  0x00000173b2fc8800 JavaThread "Build operations Thread 4"         [_thread_blocked, id=16368, stack(0x0000006827f00000,0x0000006828000000) (1024K)]
  0x00000173b2fc97a0 JavaThread "Build operations Thread 5"         [_thread_blocked, id=9748, stack(0x0000006828000000,0x0000006828100000) (1024K)]
  0x00000173b2fcb6e0 JavaThread "Build operations Thread 6"         [_thread_blocked, id=7892, stack(0x0000006828100000,0x0000006828200000) (1024K)]
  0x00000173b2fce5c0 JavaThread "Build operations Thread 7"         [_thread_blocked, id=11828, stack(0x0000006828200000,0x0000006828300000) (1024K)]
  0x00000173b2fcbeb0 JavaThread "Build operations Thread 8"         [_thread_blocked, id=11708, stack(0x0000006828300000,0x0000006828400000) (1024K)]
  0x00000173b2ee7100 JavaThread "pool-1-thread-1"                   [_thread_blocked, id=11960, stack(0x0000006828400000,0x0000006828500000) (1024K)]
  0x00000173b2eec6f0 JavaThread "DefaultDispatcher-worker-1" daemon [_thread_blocked, id=16148, stack(0x0000006828500000,0x0000006828600000) (1024K)]
  0x00000173b2eeaf80 JavaThread "DefaultDispatcher-worker-2" daemon [_thread_blocked, id=4284, stack(0x0000006828600000,0x0000006828700000) (1024K)]
  0x00000173b2eea7b0 JavaThread "DefaultDispatcher-worker-3" daemon [_thread_blocked, id=2244, stack(0x0000006828700000,0x0000006828800000) (1024K)]
  0x00000173b34f4310 JavaThread "C2 CompilerThread1"         daemon [_thread_in_native, id=11044, stack(0x0000006828800000,0x0000006828900000) (1024K)]
=>0x00000173b3c66a60 JavaThread "C2 CompilerThread2"         daemon [_thread_in_native, id=7648, stack(0x0000006828900000,0x0000006828a00000) (1024K)]
Total: 54

Other Threads:
  0x00000173a8cb40c0 VMThread "VM Thread"                           [id=2148, stack(0x0000006824b00000,0x0000006824c00000) (1024K)]
  0x00000173a8c76fd0 WatcherThread "VM Periodic Task Thread"        [id=12676, stack(0x0000006824a00000,0x0000006824b00000) (1024K)]
  0x000001739114c600 WorkerThread "GC Thread#0"                     [id=7448, stack(0x0000006824500000,0x0000006824600000) (1024K)]
  0x00000173ae3d46a0 WorkerThread "GC Thread#1"                     [id=16332, stack(0x0000006825800000,0x0000006825900000) (1024K)]
  0x00000173ae3d4ed0 WorkerThread "GC Thread#2"                     [id=17776, stack(0x0000006825900000,0x0000006825a00000) (1024K)]
  0x00000173ae3d5300 WorkerThread "GC Thread#3"                     [id=5424, stack(0x0000006825a00000,0x0000006825b00000) (1024K)]
  0x00000173ae3d5730 WorkerThread "GC Thread#4"                     [id=16584, stack(0x0000006825b00000,0x0000006825c00000) (1024K)]
  0x00000173ae3c29a0 WorkerThread "GC Thread#5"                     [id=12976, stack(0x0000006825c00000,0x0000006825d00000) (1024K)]
  0x00000173af520300 WorkerThread "GC Thread#6"                     [id=6124, stack(0x0000006826000000,0x0000006826100000) (1024K)]
  0x00000173af522130 WorkerThread "GC Thread#7"                     [id=4152, stack(0x0000006826100000,0x0000006826200000) (1024K)]
  0x0000017391165930 ConcurrentGCThread "G1 Main Marker"            [id=2444, stack(0x0000006824600000,0x0000006824700000) (1024K)]
  0x00000173911662d0 WorkerThread "G1 Conc#0"                       [id=15288, stack(0x0000006824700000,0x0000006824800000) (1024K)]
  0x00000173af520ba0 WorkerThread "G1 Conc#1"                       [id=11104, stack(0x0000006826200000,0x0000006826300000) (1024K)]
  0x00000173a8b47550 ConcurrentGCThread "G1 Refine#0"               [id=18368, stack(0x0000006824800000,0x0000006824900000) (1024K)]
  0x00000173a8b49f20 ConcurrentGCThread "G1 Service"                [id=15728, stack(0x0000006824900000,0x0000006824a00000) (1024K)]
Total: 15

Threads with active compile tasks:
C2 CompilerThread0  20647 13316       4       org.gradle.api.internal.changedetection.state.FallbackHandlingResourceHasher::hash (50 bytes)
C2 CompilerThread1  20647 13325   !   4       java.util.zip.InflaterInputStream::read (129 bytes)
C2 CompilerThread2  20647 13076       4       org.objectweb.asm.ClassReader::readCode (5117 bytes)
Total: 3

VM state: not at safepoint (normal execution)

VM Mutex/Monitor currently owned by a thread: None

Heap address: 0x0000000080000000, size: 2048 MB, Compressed Oops mode: 32-bit

CDS archive(s) not mapped
Compressed class space mapped at: 0x000000002f000000-0x000000006f000000, reserved size: 1073741824
UseCompressedClassPointers 1, UseCompactObjectHeaders 0
Narrow klass pointer bits 32, Max shift 3
Narrow klass base: 0x0000000000000000, Narrow klass shift: 0
Encoding Range: [0x0000000000000000 - 0x0000000100000000), (4294967296 bytes)
Klass Range:    [0x000000002f000000 - 0x000000006f000000), (1073741824 bytes)
Klass ID Range:  [788529152 - 1862270969) (1073741817)
No protection zone.

GC Precious Log:
 CardTable entry size: 512
 Card Set container configuration: InlinePtr #cards 5 size 8 Array Of Cards #cards 10 size 36 Howl #buckets 4 coarsen threshold 1843 Howl Bitmap #cards 512 size 80 coarsen threshold 460 Card regions per heap region 1 cards per card region 2048
 CPUs: 8 total, 8 available
 Memory: 16073M
 Large Page Support: Disabled
 NUMA Support: Disabled
 Compressed Oops: Enabled (32-bit)
 Heap Region Size: 1M
 Heap Min Capacity: 8M
 Heap Initial Capacity: 252M
 Heap Max Capacity: 2G
 Pre-touch: Disabled
 Parallel Workers: 8
 Concurrent Workers: 2
 Concurrent Refinement Workers: 8
 Periodic GC: Disabled

Heap:
 garbage-first heap   total reserved 2097152K, committed 416768K, used 375249K [0x0000000080000000, 0x0000000100000000)
  region size 1024K, 203 young (207872K), 15 survivors (15360K)

Heap Regions: E=young(eden), S=young(survivor), O=old, HS=humongous(starts), HC=humongous(continues), CS=collection set, F=free, TAMS=top-at-mark-start, PB=parsable bottom
|   0|0x0000000080000000, 0x0000000080100000, 0x0000000080100000|100%|HS|  |TAMS 0x0000000080000000| PB 0x0000000080000000| Complete |  0
|   1|0x0000000080100000, 0x0000000080200000, 0x0000000080200000|100%|HC|  |TAMS 0x0000000080100000| PB 0x0000000080100000| Complete |  0
|   2|0x0000000080200000, 0x0000000080300000, 0x0000000080300000|100%|HC|  |TAMS 0x0000000080200000| PB 0x0000000080200000| Complete |  0
|   3|0x0000000080300000, 0x0000000080400000, 0x0000000080400000|100%|HC|  |TAMS 0x0000000080300000| PB 0x0000000080300000| Complete |  0
|   4|0x0000000080400000, 0x0000000080500000, 0x0000000080500000|100%| O|  |TAMS 0x0000000080400000| PB 0x0000000080400000| Untracked |  0
|   5|0x0000000080500000, 0x0000000080600000, 0x0000000080600000|100%| O|  |TAMS 0x0000000080500000| PB 0x0000000080500000| Untracked |  0
|   6|0x0000000080600000, 0x0000000080700000, 0x0000000080700000|100%|HS|  |TAMS 0x0000000080600000| PB 0x0000000080600000| Complete |  0
|   7|0x0000000080700000, 0x0000000080800000, 0x0000000080800000|100%| O|  |TAMS 0x0000000080700000| PB 0x0000000080700000| Untracked |  0
|   8|0x0000000080800000, 0x0000000080900000, 0x0000000080900000|100%| O|  |TAMS 0x0000000080800000| PB 0x0000000080800000| Untracked |  0
|   9|0x0000000080900000, 0x0000000080a00000, 0x0000000080a00000|100%| O|  |TAMS 0x0000000080900000| PB 0x0000000080900000| Untracked |  0
|  10|0x0000000080a00000, 0x0000000080b00000, 0x0000000080b00000|100%| O|  |TAMS 0x0000000080a00000| PB 0x0000000080a00000| Untracked |  0
|  11|0x0000000080b00000, 0x0000000080c00000, 0x0000000080c00000|100%| O|  |TAMS 0x0000000080b00000| PB 0x0000000080b00000| Untracked |  0
|  12|0x0000000080c00000, 0x0000000080d00000, 0x0000000080d00000|100%| O|  |TAMS 0x0000000080c00000| PB 0x0000000080c00000| Untracked |  0
|  13|0x0000000080d00000, 0x0000000080e00000, 0x0000000080e00000|100%| O|  |TAMS 0x0000000080d00000| PB 0x0000000080d00000| Untracked |  0
|  14|0x0000000080e00000, 0x0000000080f00000, 0x0000000080f00000|100%| O|  |TAMS 0x0000000080e00000| PB 0x0000000080e00000| Untracked |  0
|  15|0x0000000080f00000, 0x0000000081000000, 0x0000000081000000|100%| O|  |TAMS 0x0000000080f00000| PB 0x0000000080f00000| Untracked |  0
|  16|0x0000000081000000, 0x0000000081100000, 0x0000000081100000|100%| O|  |TAMS 0x0000000081000000| PB 0x0000000081000000| Untracked |  0
|  17|0x0000000081100000, 0x0000000081200000, 0x0000000081200000|100%| O|  |TAMS 0x0000000081100000| PB 0x0000000081100000| Untracked |  0
|  18|0x0000000081200000, 0x0000000081300000, 0x0000000081300000|100%|HS|  |TAMS 0x0000000081200000| PB 0x0000000081200000| Complete |  0
|  19|0x0000000081300000, 0x0000000081400000, 0x0000000081400000|100%|HC|  |TAMS 0x0000000081300000| PB 0x0000000081300000| Complete |  0
|  20|0x0000000081400000, 0x0000000081500000, 0x0000000081500000|100%|HC|  |TAMS 0x0000000081400000| PB 0x0000000081400000| Complete |  0
|  21|0x0000000081500000, 0x0000000081600000, 0x0000000081600000|100%|HC|  |TAMS 0x0000000081500000| PB 0x0000000081500000| Complete |  0
|  22|0x0000000081600000, 0x0000000081700000, 0x0000000081700000|100%|HC|  |TAMS 0x0000000081600000| PB 0x0000000081600000| Complete |  0
|  23|0x0000000081700000, 0x0000000081800000, 0x0000000081800000|100%|HC|  |TAMS 0x0000000081700000| PB 0x0000000081700000| Complete |  0
|  24|0x0000000081800000, 0x0000000081900000, 0x0000000081900000|100%|HS|  |TAMS 0x0000000081800000| PB 0x0000000081800000| Complete |  0
|  25|0x0000000081900000, 0x0000000081a00000, 0x0000000081a00000|100%|HS|  |TAMS 0x0000000081900000| PB 0x0000000081900000| Complete |  0
|  26|0x0000000081a00000, 0x0000000081b00000, 0x0000000081b00000|100%|HS|  |TAMS 0x0000000081a00000| PB 0x0000000081a00000| Complete |  0
|  27|0x0000000081b00000, 0x0000000081c00000, 0x0000000081c00000|100%|HC|  |TAMS 0x0000000081b00000| PB 0x0000000081b00000| Complete |  0
|  28|0x0000000081c00000, 0x0000000081d00000, 0x0000000081d00000|100%|HC|  |TAMS 0x0000000081c00000| PB 0x0000000081c00000| Complete |  0
|  29|0x0000000081d00000, 0x0000000081e00000, 0x0000000081e00000|100%|HC|  |TAMS 0x0000000081d00000| PB 0x0000000081d00000| Complete |  0
|  30|0x0000000081e00000, 0x0000000081f00000, 0x0000000081f00000|100%|HC|  |TAMS 0x0000000081e00000| PB 0x0000000081e00000| Complete |  0
|  31|0x0000000081f00000, 0x0000000082000000, 0x0000000082000000|100%|HC|  |TAMS 0x0000000081f00000| PB 0x0000000081f00000| Complete |  0
|  32|0x0000000082000000, 0x0000000082100000, 0x0000000082100000|100%|HS|  |TAMS 0x0000000082000000| PB 0x0000000082000000| Complete |  0
|  33|0x0000000082100000, 0x0000000082200000, 0x0000000082200000|100%|HS|  |TAMS 0x0000000082100000| PB 0x0000000082100000| Complete |  0
|  34|0x0000000082200000, 0x0000000082300000, 0x0000000082300000|100%| O|  |TAMS 0x0000000082200000| PB 0x0000000082200000| Untracked |  0
|  35|0x0000000082300000, 0x0000000082400000, 0x0000000082400000|100%| O|  |TAMS 0x0000000082300000| PB 0x0000000082300000| Untracked |  0
|  36|0x0000000082400000, 0x0000000082500000, 0x0000000082500000|100%| O|  |TAMS 0x0000000082400000| PB 0x0000000082400000| Untracked |  0
|  37|0x0000000082500000, 0x0000000082600000, 0x0000000082600000|100%| O|  |TAMS 0x0000000082500000| PB 0x0000000082500000| Untracked |  0
|  38|0x0000000082600000, 0x0000000082700000, 0x0000000082700000|100%| O|  |TAMS 0x0000000082600000| PB 0x0000000082600000| Untracked |  0
|  39|0x0000000082700000, 0x0000000082800000, 0x0000000082800000|100%| O|  |TAMS 0x0000000082700000| PB 0x0000000082700000| Untracked |  0
|  40|0x0000000082800000, 0x0000000082900000, 0x0000000082900000|100%| O|  |TAMS 0x0000000082800000| PB 0x0000000082800000| Untracked |  0
|  41|0x0000000082900000, 0x0000000082a00000, 0x0000000082a00000|100%| O|  |TAMS 0x0000000082900000| PB 0x0000000082900000| Untracked |  0
|  42|0x0000000082a00000, 0x0000000082b00000, 0x0000000082b00000|100%| O|  |TAMS 0x0000000082a00000| PB 0x0000000082a00000| Untracked |  0
|  43|0x0000000082b00000, 0x0000000082c00000, 0x0000000082c00000|100%| O|  |TAMS 0x0000000082b00000| PB 0x0000000082b00000| Untracked |  0
|  44|0x0000000082c00000, 0x0000000082d00000, 0x0000000082d00000|100%| O|  |TAMS 0x0000000082c00000| PB 0x0000000082c00000| Untracked |  0
|  45|0x0000000082d00000, 0x0000000082e00000, 0x0000000082e00000|100%| O|  |TAMS 0x0000000082d00000| PB 0x0000000082d00000| Untracked |  0
|  46|0x0000000082e00000, 0x0000000082f00000, 0x0000000082f00000|100%| O|  |TAMS 0x0000000082e00000| PB 0x0000000082e00000| Untracked |  0
|  47|0x0000000082f00000, 0x0000000083000000, 0x0000000083000000|100%| O|  |TAMS 0x0000000082f00000| PB 0x0000000082f00000| Untracked |  0
|  48|0x0000000083000000, 0x0000000083100000, 0x0000000083100000|100%| O|  |TAMS 0x0000000083000000| PB 0x0000000083000000| Untracked |  0
|  49|0x0000000083100000, 0x0000000083200000, 0x0000000083200000|100%| O|  |TAMS 0x0000000083100000| PB 0x0000000083100000| Untracked |  0
|  50|0x0000000083200000, 0x0000000083300000, 0x0000000083300000|100%| O|  |TAMS 0x0000000083200000| PB 0x0000000083200000| Untracked |  0
|  51|0x0000000083300000, 0x0000000083400000, 0x0000000083400000|100%| O|  |TAMS 0x0000000083300000| PB 0x0000000083300000| Untracked |  0
|  52|0x0000000083400000, 0x0000000083500000, 0x0000000083500000|100%| O|  |TAMS 0x0000000083400000| PB 0x0000000083400000| Untracked |  0
|  53|0x0000000083500000, 0x0000000083600000, 0x0000000083600000|100%| O|  |TAMS 0x0000000083500000| PB 0x0000000083500000| Untracked |  0
|  54|0x0000000083600000, 0x0000000083700000, 0x0000000083700000|100%| O|Cm|TAMS 0x0000000083600000| PB 0x0000000083600000| Complete |  0
|  55|0x0000000083700000, 0x0000000083800000, 0x0000000083800000|100%| O|  |TAMS 0x0000000083700000| PB 0x0000000083700000| Untracked |  0
|  56|0x0000000083800000, 0x0000000083900000, 0x0000000083900000|100%| O|  |TAMS 0x0000000083800000| PB 0x0000000083800000| Untracked |  0
|  57|0x0000000083900000, 0x0000000083a00000, 0x0000000083a00000|100%| O|  |TAMS 0x0000000083900000| PB 0x0000000083900000| Untracked |  0
|  58|0x0000000083a00000, 0x0000000083b00000, 0x0000000083b00000|100%| O|  |TAMS 0x0000000083a00000| PB 0x0000000083a00000| Untracked |  0
|  59|0x0000000083b00000, 0x0000000083c00000, 0x0000000083c00000|100%| O|  |TAMS 0x0000000083b00000| PB 0x0000000083b00000| Untracked |  0
|  60|0x0000000083c00000, 0x0000000083d00000, 0x0000000083d00000|100%| O|  |TAMS 0x0000000083c00000| PB 0x0000000083c00000| Untracked |  0
|  61|0x0000000083d00000, 0x0000000083e00000, 0x0000000083e00000|100%| O|  |TAMS 0x0000000083d00000| PB 0x0000000083d00000| Untracked |  0
|  62|0x0000000083e00000, 0x0000000083f00000, 0x0000000083f00000|100%| O|  |TAMS 0x0000000083e00000| PB 0x0000000083e00000| Untracked |  0
|  63|0x0000000083f00000, 0x0000000084000000, 0x0000000084000000|100%| O|  |TAMS 0x0000000083f00000| PB 0x0000000083f00000| Untracked |  0
|  64|0x0000000084000000, 0x0000000084100000, 0x0000000084100000|100%| O|  |TAMS 0x0000000084000000| PB 0x0000000084000000| Untracked |  0
|  65|0x0000000084100000, 0x0000000084200000, 0x0000000084200000|100%| O|  |TAMS 0x0000000084100000| PB 0x0000000084100000| Untracked |  0
|  66|0x0000000084200000, 0x0000000084300000, 0x0000000084300000|100%| O|  |TAMS 0x0000000084200000| PB 0x0000000084200000| Untracked |  0
|  67|0x0000000084300000, 0x0000000084400000, 0x0000000084400000|100%| O|  |TAMS 0x0000000084300000| PB 0x0000000084300000| Untracked |  0
|  68|0x0000000084400000, 0x0000000084500000, 0x0000000084500000|100%| O|  |TAMS 0x0000000084400000| PB 0x0000000084400000| Untracked |  0
|  69|0x0000000084500000, 0x0000000084600000, 0x0000000084600000|100%| O|  |TAMS 0x0000000084500000| PB 0x0000000084500000| Untracked |  0
|  70|0x0000000084600000, 0x0000000084700000, 0x0000000084700000|100%| O|  |TAMS 0x0000000084600000| PB 0x0000000084600000| Untracked |  0
|  71|0x0000000084700000, 0x0000000084800000, 0x0000000084800000|100%| O|  |TAMS 0x0000000084700000| PB 0x0000000084700000| Untracked |  0
|  72|0x0000000084800000, 0x0000000084900000, 0x0000000084900000|100%| O|  |TAMS 0x0000000084800000| PB 0x0000000084800000| Untracked |  0
|  73|0x0000000084900000, 0x0000000084a00000, 0x0000000084a00000|100%| O|  |TAMS 0x0000000084900000| PB 0x0000000084900000| Untracked |  0
|  74|0x0000000084a00000, 0x0000000084b00000, 0x0000000084b00000|100%| O|  |TAMS 0x0000000084a00000| PB 0x0000000084a00000| Untracked |  0
|  75|0x0000000084b00000, 0x0000000084c00000, 0x0000000084c00000|100%| O|  |TAMS 0x0000000084b00000| PB 0x0000000084b00000| Untracked |  0
|  76|0x0000000084c00000, 0x0000000084d00000, 0x0000000084d00000|100%| O|  |TAMS 0x0000000084c00000| PB 0x0000000084c00000| Untracked |  0
|  77|0x0000000084d00000, 0x0000000084e00000, 0x0000000084e00000|100%| O|Cm|TAMS 0x0000000084d00000| PB 0x0000000084d00000| Complete |  0
|  78|0x0000000084e00000, 0x0000000084f00000, 0x0000000084f00000|100%| O|Cm|TAMS 0x0000000084e00000| PB 0x0000000084e00000| Complete |  0
|  79|0x0000000084f00000, 0x0000000085000000, 0x0000000085000000|100%| O|  |TAMS 0x0000000084f00000| PB 0x0000000084f00000| Untracked |  0
|  80|0x0000000085000000, 0x0000000085100000, 0x0000000085100000|100%| O|  |TAMS 0x0000000085000000| PB 0x0000000085000000| Untracked |  0
|  81|0x0000000085100000, 0x0000000085200000, 0x0000000085200000|100%| O|  |TAMS 0x0000000085100000| PB 0x0000000085100000| Untracked |  0
|  82|0x0000000085200000, 0x0000000085300000, 0x0000000085300000|100%| O|  |TAMS 0x0000000085200000| PB 0x0000000085200000| Untracked |  0
|  83|0x0000000085300000, 0x0000000085400000, 0x0000000085400000|100%| O|  |TAMS 0x0000000085300000| PB 0x0000000085300000| Untracked |  0
|  84|0x0000000085400000, 0x0000000085500000, 0x0000000085500000|100%| O|  |TAMS 0x0000000085400000| PB 0x0000000085400000| Untracked |  0
|  85|0x0000000085500000, 0x0000000085577c80, 0x0000000085600000| 46%| O|  |TAMS 0x0000000085500000| PB 0x0000000085500000| Untracked |  0
|  86|0x0000000085600000, 0x0000000085700000, 0x0000000085700000|100%| O|  |TAMS 0x0000000085600000| PB 0x0000000085600000| Untracked |  0
|  87|0x0000000085700000, 0x0000000085800000, 0x0000000085800000|100%|HS|  |TAMS 0x0000000085700000| PB 0x0000000085700000| Complete |  0
|  88|0x0000000085800000, 0x0000000085900000, 0x0000000085900000|100%| O|  |TAMS 0x0000000085800000| PB 0x0000000085800000| Untracked |  0
|  89|0x0000000085900000, 0x0000000085a00000, 0x0000000085a00000|100%| O|  |TAMS 0x0000000085900000| PB 0x0000000085900000| Untracked |  0
|  90|0x0000000085a00000, 0x0000000085b00000, 0x0000000085b00000|100%| O|  |TAMS 0x0000000085a00000| PB 0x0000000085a00000| Untracked |  0
|  91|0x0000000085b00000, 0x0000000085c00000, 0x0000000085c00000|100%| O|  |TAMS 0x0000000085b00000| PB 0x0000000085b00000| Untracked |  0
|  92|0x0000000085c00000, 0x0000000085d00000, 0x0000000085d00000|100%| O|  |TAMS 0x0000000085c00000| PB 0x0000000085c00000| Untracked |  0
|  93|0x0000000085d00000, 0x0000000085e00000, 0x0000000085e00000|100%| O|  |TAMS 0x0000000085d00000| PB 0x0000000085d00000| Untracked |  0
|  94|0x0000000085e00000, 0x0000000085f00000, 0x0000000085f00000|100%| O|  |TAMS 0x0000000085e00000| PB 0x0000000085e00000| Untracked |  0
|  95|0x0000000085f00000, 0x0000000086000000, 0x0000000086000000|100%| O|  |TAMS 0x0000000085f00000| PB 0x0000000085f00000| Untracked |  0
|  96|0x0000000086000000, 0x0000000086100000, 0x0000000086100000|100%| O|  |TAMS 0x0000000086000000| PB 0x0000000086000000| Untracked |  0
|  97|0x0000000086100000, 0x0000000086200000, 0x0000000086200000|100%| O|  |TAMS 0x0000000086100000| PB 0x0000000086100000| Untracked |  0
|  98|0x0000000086200000, 0x0000000086300000, 0x0000000086300000|100%| O|  |TAMS 0x0000000086200000| PB 0x0000000086200000| Untracked |  0
|  99|0x0000000086300000, 0x0000000086400000, 0x0000000086400000|100%| O|  |TAMS 0x0000000086300000| PB 0x0000000086300000| Untracked |  0
| 100|0x0000000086400000, 0x0000000086500000, 0x0000000086500000|100%| O|  |TAMS 0x0000000086400000| PB 0x0000000086400000| Untracked |  0
| 101|0x0000000086500000, 0x0000000086600000, 0x0000000086600000|100%| O|  |TAMS 0x0000000086500000| PB 0x0000000086500000| Untracked |  0
| 102|0x0000000086600000, 0x0000000086700000, 0x0000000086700000|100%| O|  |TAMS 0x0000000086600000| PB 0x0000000086600000| Untracked |  0
| 103|0x0000000086700000, 0x0000000086800000, 0x0000000086800000|100%| O|  |TAMS 0x0000000086700000| PB 0x0000000086700000| Untracked |  0
| 104|0x0000000086800000, 0x0000000086900000, 0x0000000086900000|100%| O|  |TAMS 0x0000000086800000| PB 0x0000000086800000| Untracked |  0
| 105|0x0000000086900000, 0x0000000086a00000, 0x0000000086a00000|100%| O|  |TAMS 0x0000000086900000| PB 0x0000000086900000| Untracked |  0
| 106|0x0000000086a00000, 0x0000000086b00000, 0x0000000086b00000|100%| O|  |TAMS 0x0000000086a00000| PB 0x0000000086a00000| Untracked |  0
| 107|0x0000000086b00000, 0x0000000086c00000, 0x0000000086c00000|100%| O|  |TAMS 0x0000000086b00000| PB 0x0000000086b00000| Untracked |  0
| 108|0x0000000086c00000, 0x0000000086d00000, 0x0000000086d00000|100%| O|  |TAMS 0x0000000086c00000| PB 0x0000000086c00000| Untracked |  0
| 109|0x0000000086d00000, 0x0000000086e00000, 0x0000000086e00000|100%| O|  |TAMS 0x0000000086d00000| PB 0x0000000086d00000| Untracked |  0
| 110|0x0000000086e00000, 0x0000000086f00000, 0x0000000086f00000|100%| O|  |TAMS 0x0000000086e00000| PB 0x0000000086e00000| Untracked |  0
| 111|0x0000000086f00000, 0x0000000087000000, 0x0000000087000000|100%| O|  |TAMS 0x0000000086f00000| PB 0x0000000086f00000| Untracked |  0
| 112|0x0000000087000000, 0x0000000087100000, 0x0000000087100000|100%| O|  |TAMS 0x0000000087000000| PB 0x0000000087000000| Untracked |  0
| 113|0x0000000087100000, 0x0000000087200000, 0x0000000087200000|100%| O|  |TAMS 0x0000000087100000| PB 0x0000000087100000| Untracked |  0
| 114|0x0000000087200000, 0x0000000087300000, 0x0000000087300000|100%| O|  |TAMS 0x0000000087200000| PB 0x0000000087200000| Untracked |  0
| 115|0x0000000087300000, 0x0000000087400000, 0x0000000087400000|100%| O|  |TAMS 0x0000000087300000| PB 0x0000000087300000| Untracked |  0
| 116|0x0000000087400000, 0x0000000087500000, 0x0000000087500000|100%| O|  |TAMS 0x0000000087400000| PB 0x0000000087400000| Untracked |  0
| 117|0x0000000087500000, 0x0000000087600000, 0x0000000087600000|100%| O|  |TAMS 0x0000000087500000| PB 0x0000000087500000| Untracked |  0
| 118|0x0000000087600000, 0x0000000087700000, 0x0000000087700000|100%| O|  |TAMS 0x0000000087600000| PB 0x0000000087600000| Untracked |  0
| 119|0x0000000087700000, 0x0000000087800000, 0x0000000087800000|100%| O|  |TAMS 0x0000000087700000| PB 0x0000000087700000| Untracked |  0
| 120|0x0000000087800000, 0x0000000087900000, 0x0000000087900000|100%| O|  |TAMS 0x0000000087800000| PB 0x0000000087800000| Untracked |  0
| 121|0x0000000087900000, 0x0000000087a00000, 0x0000000087a00000|100%| O|  |TAMS 0x0000000087900000| PB 0x0000000087900000| Untracked |  0
| 122|0x0000000087a00000, 0x0000000087b00000, 0x0000000087b00000|100%| O|  |TAMS 0x0000000087a00000| PB 0x0000000087a00000| Untracked |  0
| 123|0x0000000087b00000, 0x0000000087c00000, 0x0000000087c00000|100%| O|  |TAMS 0x0000000087b00000| PB 0x0000000087b00000| Untracked |  0
| 124|0x0000000087c00000, 0x0000000087d00000, 0x0000000087d00000|100%| O|  |TAMS 0x0000000087c00000| PB 0x0000000087c00000| Untracked |  0
| 125|0x0000000087d00000, 0x0000000087e00000, 0x0000000087e00000|100%|HS|  |TAMS 0x0000000087d00000| PB 0x0000000087d00000| Complete |  0
| 126|0x0000000087e00000, 0x0000000087f00000, 0x0000000087f00000|100%|HC|  |TAMS 0x0000000087e00000| PB 0x0000000087e00000| Complete |  0
| 127|0x0000000087f00000, 0x0000000088000000, 0x0000000088000000|100%|HC|  |TAMS 0x0000000087f00000| PB 0x0000000087f00000| Complete |  0
| 128|0x0000000088000000, 0x0000000088100000, 0x0000000088100000|100%|HC|  |TAMS 0x0000000088000000| PB 0x0000000088000000| Complete |  0
| 129|0x0000000088100000, 0x0000000088200000, 0x0000000088200000|100%|HC|  |TAMS 0x0000000088100000| PB 0x0000000088100000| Complete |  0
| 130|0x0000000088200000, 0x0000000088300000, 0x0000000088300000|100%|HC|  |TAMS 0x0000000088200000| PB 0x0000000088200000| Complete |  0
| 131|0x0000000088300000, 0x0000000088400000, 0x0000000088400000|100%|HC|  |TAMS 0x0000000088300000| PB 0x0000000088300000| Complete |  0
| 132|0x0000000088400000, 0x0000000088500000, 0x0000000088500000|100%|HS|  |TAMS 0x0000000088400000| PB 0x0000000088400000| Complete |  0
| 133|0x0000000088500000, 0x0000000088500000, 0x0000000088600000|  0%| F|  |TAMS 0x0000000088500000| PB 0x0000000088500000| Untracked |  0
| 134|0x0000000088600000, 0x0000000088600000, 0x0000000088700000|  0%| F|  |TAMS 0x0000000088600000| PB 0x0000000088600000| Untracked |  0
| 135|0x0000000088700000, 0x0000000088700000, 0x0000000088800000|  0%| F|  |TAMS 0x0000000088700000| PB 0x0000000088700000| Untracked |  0
| 136|0x0000000088800000, 0x0000000088800000, 0x0000000088900000|  0%| F|  |TAMS 0x0000000088800000| PB 0x0000000088800000| Untracked |  0
| 137|0x0000000088900000, 0x0000000088900000, 0x0000000088a00000|  0%| F|  |TAMS 0x0000000088900000| PB 0x0000000088900000| Untracked |  0
| 138|0x0000000088a00000, 0x0000000088a00000, 0x0000000088b00000|  0%| F|  |TAMS 0x0000000088a00000| PB 0x0000000088a00000| Untracked |  0
| 139|0x0000000088b00000, 0x0000000088b00000, 0x0000000088c00000|  0%| F|  |TAMS 0x0000000088b00000| PB 0x0000000088b00000| Untracked |  0
| 140|0x0000000088c00000, 0x0000000088c00000, 0x0000000088d00000|  0%| F|  |TAMS 0x0000000088c00000| PB 0x0000000088c00000| Untracked |  0
| 141|0x0000000088d00000, 0x0000000088dfc8e8, 0x0000000088e00000| 98%| S|CS|TAMS 0x0000000088d00000| PB 0x0000000088d00000| Complete |  0
| 142|0x0000000088e00000, 0x0000000088f00000, 0x0000000088f00000|100%| S|CS|TAMS 0x0000000088e00000| PB 0x0000000088e00000| Complete |  0
| 143|0x0000000088f00000, 0x0000000089000000, 0x0000000089000000|100%| O|  |TAMS 0x0000000088f00000| PB 0x0000000088f00000| Untracked |  0
| 144|0x0000000089000000, 0x0000000089100000, 0x0000000089100000|100%| O|  |TAMS 0x0000000089000000| PB 0x0000000089000000| Untracked |  0
| 145|0x0000000089100000, 0x0000000089200000, 0x0000000089200000|100%| O|  |TAMS 0x0000000089100000| PB 0x0000000089100000| Untracked |  0
| 146|0x0000000089200000, 0x0000000089300000, 0x0000000089300000|100%| O|  |TAMS 0x0000000089200000| PB 0x0000000089200000| Untracked |  0
| 147|0x0000000089300000, 0x0000000089400000, 0x0000000089400000|100%| O|  |TAMS 0x0000000089300000| PB 0x0000000089300000| Untracked |  0
| 148|0x0000000089400000, 0x0000000089500000, 0x0000000089500000|100%| O|  |TAMS 0x0000000089400000| PB 0x0000000089400000| Untracked |  0
| 149|0x0000000089500000, 0x0000000089600000, 0x0000000089600000|100%| O|  |TAMS 0x0000000089500000| PB 0x0000000089500000| Untracked |  0
| 150|0x0000000089600000, 0x0000000089700000, 0x0000000089700000|100%| O|  |TAMS 0x0000000089600000| PB 0x0000000089600000| Untracked |  0
| 151|0x0000000089700000, 0x0000000089800000, 0x0000000089800000|100%| O|  |TAMS 0x0000000089700000| PB 0x0000000089700000| Untracked |  0
| 152|0x0000000089800000, 0x0000000089900000, 0x0000000089900000|100%| O|  |TAMS 0x0000000089800000| PB 0x0000000089800000| Untracked |  0
| 153|0x0000000089900000, 0x0000000089a00000, 0x0000000089a00000|100%| O|  |TAMS 0x0000000089900000| PB 0x0000000089900000| Untracked |  0
| 154|0x0000000089a00000, 0x0000000089b00000, 0x0000000089b00000|100%| O|  |TAMS 0x0000000089a00000| PB 0x0000000089a00000| Untracked |  0
| 155|0x0000000089b00000, 0x0000000089c00000, 0x0000000089c00000|100%| S|CS|TAMS 0x0000000089b00000| PB 0x0000000089b00000| Complete |  0
| 156|0x0000000089c00000, 0x0000000089d00000, 0x0000000089d00000|100%| S|CS|TAMS 0x0000000089c00000| PB 0x0000000089c00000| Complete |  0
| 157|0x0000000089d00000, 0x0000000089e00000, 0x0000000089e00000|100%| S|CS|TAMS 0x0000000089d00000| PB 0x0000000089d00000| Complete |  0
| 158|0x0000000089e00000, 0x0000000089f00000, 0x0000000089f00000|100%| S|CS|TAMS 0x0000000089e00000| PB 0x0000000089e00000| Complete |  0
| 159|0x0000000089f00000, 0x000000008a000000, 0x000000008a000000|100%| S|CS|TAMS 0x0000000089f00000| PB 0x0000000089f00000| Complete |  0
| 160|0x000000008a000000, 0x000000008a100000, 0x000000008a100000|100%| S|CS|TAMS 0x000000008a000000| PB 0x000000008a000000| Complete |  0
| 161|0x000000008a100000, 0x000000008a200000, 0x000000008a200000|100%| S|CS|TAMS 0x000000008a100000| PB 0x000000008a100000| Complete |  0
| 162|0x000000008a200000, 0x000000008a300000, 0x000000008a300000|100%| S|CS|TAMS 0x000000008a200000| PB 0x000000008a200000| Complete |  0
| 163|0x000000008a300000, 0x000000008a400000, 0x000000008a400000|100%| S|CS|TAMS 0x000000008a300000| PB 0x000000008a300000| Complete |  0
| 164|0x000000008a400000, 0x000000008a500000, 0x000000008a500000|100%| S|CS|TAMS 0x000000008a400000| PB 0x000000008a400000| Complete |  0
| 165|0x000000008a500000, 0x000000008a600000, 0x000000008a600000|100%| S|CS|TAMS 0x000000008a500000| PB 0x000000008a500000| Complete |  0
| 166|0x000000008a600000, 0x000000008a700000, 0x000000008a700000|100%| S|CS|TAMS 0x000000008a600000| PB 0x000000008a600000| Complete |  0
| 167|0x000000008a700000, 0x000000008a800000, 0x000000008a800000|100%| S|CS|TAMS 0x000000008a700000| PB 0x000000008a700000| Complete |  0
| 168|0x000000008a800000, 0x000000008a800000, 0x000000008a900000|  0%| F|  |TAMS 0x000000008a800000| PB 0x000000008a800000| Untracked |  0
| 169|0x000000008a900000, 0x000000008a900000, 0x000000008aa00000|  0%| F|  |TAMS 0x000000008a900000| PB 0x000000008a900000| Untracked |  0
| 170|0x000000008aa00000, 0x000000008aa00000, 0x000000008ab00000|  0%| F|  |TAMS 0x000000008aa00000| PB 0x000000008aa00000| Untracked |  0
| 171|0x000000008ab00000, 0x000000008ab00000, 0x000000008ac00000|  0%| F|  |TAMS 0x000000008ab00000| PB 0x000000008ab00000| Untracked |  0
| 172|0x000000008ac00000, 0x000000008ac00000, 0x000000008ad00000|  0%| F|  |TAMS 0x000000008ac00000| PB 0x000000008ac00000| Untracked |  0
| 173|0x000000008ad00000, 0x000000008ad00000, 0x000000008ae00000|  0%| F|  |TAMS 0x000000008ad00000| PB 0x000000008ad00000| Untracked |  0
| 174|0x000000008ae00000, 0x000000008ae00000, 0x000000008af00000|  0%| F|  |TAMS 0x000000008ae00000| PB 0x000000008ae00000| Untracked |  0
| 175|0x000000008af00000, 0x000000008af00000, 0x000000008b000000|  0%| F|  |TAMS 0x000000008af00000| PB 0x000000008af00000| Untracked |  0
| 176|0x000000008b000000, 0x000000008b000000, 0x000000008b100000|  0%| F|  |TAMS 0x000000008b000000| PB 0x000000008b000000| Untracked |  0
| 177|0x000000008b100000, 0x000000008b100000, 0x000000008b200000|  0%| F|  |TAMS 0x000000008b100000| PB 0x000000008b100000| Untracked |  0
| 178|0x000000008b200000, 0x000000008b200000, 0x000000008b300000|  0%| F|  |TAMS 0x000000008b200000| PB 0x000000008b200000| Untracked |  0
| 179|0x000000008b300000, 0x000000008b300000, 0x000000008b400000|  0%| F|  |TAMS 0x000000008b300000| PB 0x000000008b300000| Untracked |  0
| 180|0x000000008b400000, 0x000000008b400000, 0x000000008b500000|  0%| F|  |TAMS 0x000000008b400000| PB 0x000000008b400000| Untracked |  0
| 181|0x000000008b500000, 0x000000008b500000, 0x000000008b600000|  0%| F|  |TAMS 0x000000008b500000| PB 0x000000008b500000| Untracked |  0
| 182|0x000000008b600000, 0x000000008b600000, 0x000000008b700000|  0%| F|  |TAMS 0x000000008b600000| PB 0x000000008b600000| Untracked |  0
| 183|0x000000008b700000, 0x000000008b700000, 0x000000008b800000|  0%| F|  |TAMS 0x000000008b700000| PB 0x000000008b700000| Untracked |  0
| 184|0x000000008b800000, 0x000000008b800000, 0x000000008b900000|  0%| F|  |TAMS 0x000000008b800000| PB 0x000000008b800000| Untracked |  0
| 185|0x000000008b900000, 0x000000008b900000, 0x000000008ba00000|  0%| F|  |TAMS 0x000000008b900000| PB 0x000000008b900000| Untracked |  0
| 186|0x000000008ba00000, 0x000000008ba00000, 0x000000008bb00000|  0%| F|  |TAMS 0x000000008ba00000| PB 0x000000008ba00000| Untracked |  0
| 187|0x000000008bb00000, 0x000000008bb00000, 0x000000008bc00000|  0%| F|  |TAMS 0x000000008bb00000| PB 0x000000008bb00000| Untracked |  0
| 188|0x000000008bc00000, 0x000000008bc00000, 0x000000008bd00000|  0%| F|  |TAMS 0x000000008bc00000| PB 0x000000008bc00000| Untracked |  0
| 189|0x000000008bd00000, 0x000000008bd00000, 0x000000008be00000|  0%| F|  |TAMS 0x000000008bd00000| PB 0x000000008bd00000| Untracked |  0
| 190|0x000000008be00000, 0x000000008be00000, 0x000000008bf00000|  0%| F|  |TAMS 0x000000008be00000| PB 0x000000008be00000| Untracked |  0
| 191|0x000000008bf00000, 0x000000008bf00000, 0x000000008c000000|  0%| F|  |TAMS 0x000000008bf00000| PB 0x000000008bf00000| Untracked |  0
| 192|0x000000008c000000, 0x000000008c000000, 0x000000008c100000|  0%| F|  |TAMS 0x000000008c000000| PB 0x000000008c000000| Untracked |  0
| 193|0x000000008c100000, 0x000000008c100000, 0x000000008c200000|  0%| F|  |TAMS 0x000000008c100000| PB 0x000000008c100000| Untracked |  0
| 194|0x000000008c200000, 0x000000008c200000, 0x000000008c300000|  0%| F|  |TAMS 0x000000008c200000| PB 0x000000008c200000| Untracked |  0
| 195|0x000000008c300000, 0x000000008c300000, 0x000000008c400000|  0%| F|  |TAMS 0x000000008c300000| PB 0x000000008c300000| Untracked |  0
| 196|0x000000008c400000, 0x000000008c400000, 0x000000008c500000|  0%| F|  |TAMS 0x000000008c400000| PB 0x000000008c400000| Untracked |  0
| 197|0x000000008c500000, 0x000000008c580000, 0x000000008c600000| 50%| E|  |TAMS 0x000000008c500000| PB 0x000000008c500000| Complete |  0
| 198|0x000000008c600000, 0x000000008c700000, 0x000000008c700000|100%| E|CS|TAMS 0x000000008c600000| PB 0x000000008c600000| Complete |  0
| 199|0x000000008c700000, 0x000000008c800000, 0x000000008c800000|100%| E|CS|TAMS 0x000000008c700000| PB 0x000000008c700000| Complete |  0
| 200|0x000000008c800000, 0x000000008c900000, 0x000000008c900000|100%| E|CS|TAMS 0x000000008c800000| PB 0x000000008c800000| Complete |  0
| 201|0x000000008c900000, 0x000000008ca00000, 0x000000008ca00000|100%| E|CS|TAMS 0x000000008c900000| PB 0x000000008c900000| Complete |  0
| 202|0x000000008ca00000, 0x000000008cb00000, 0x000000008cb00000|100%| E|CS|TAMS 0x000000008ca00000| PB 0x000000008ca00000| Complete |  0
| 203|0x000000008cb00000, 0x000000008cc00000, 0x000000008cc00000|100%| E|CS|TAMS 0x000000008cb00000| PB 0x000000008cb00000| Complete |  0
| 204|0x000000008cc00000, 0x000000008cd00000, 0x000000008cd00000|100%| E|CS|TAMS 0x000000008cc00000| PB 0x000000008cc00000| Complete |  0
| 205|0x000000008cd00000, 0x000000008ce00000, 0x000000008ce00000|100%| E|CS|TAMS 0x000000008cd00000| PB 0x000000008cd00000| Complete |  0
| 206|0x000000008ce00000, 0x000000008cf00000, 0x000000008cf00000|100%| E|CS|TAMS 0x000000008ce00000| PB 0x000000008ce00000| Complete |  0
| 207|0x000000008cf00000, 0x000000008d000000, 0x000000008d000000|100%| E|CS|TAMS 0x000000008cf00000| PB 0x000000008cf00000| Complete |  0
| 208|0x000000008d000000, 0x000000008d100000, 0x000000008d100000|100%| E|CS|TAMS 0x000000008d000000| PB 0x000000008d000000| Complete |  0
| 209|0x000000008d100000, 0x000000008d200000, 0x000000008d200000|100%| E|CS|TAMS 0x000000008d100000| PB 0x000000008d100000| Complete |  0
| 210|0x000000008d200000, 0x000000008d300000, 0x000000008d300000|100%| E|CS|TAMS 0x000000008d200000| PB 0x000000008d200000| Complete |  0
| 211|0x000000008d300000, 0x000000008d400000, 0x000000008d400000|100%| E|CS|TAMS 0x000000008d300000| PB 0x000000008d300000| Complete |  0
| 212|0x000000008d400000, 0x000000008d500000, 0x000000008d500000|100%| E|CS|TAMS 0x000000008d400000| PB 0x000000008d400000| Complete |  0
| 213|0x000000008d500000, 0x000000008d600000, 0x000000008d600000|100%| E|CS|TAMS 0x000000008d500000| PB 0x000000008d500000| Complete |  0
| 214|0x000000008d600000, 0x000000008d700000, 0x000000008d700000|100%| E|CS|TAMS 0x000000008d600000| PB 0x000000008d600000| Complete |  0
| 215|0x000000008d700000, 0x000000008d800000, 0x000000008d800000|100%| E|CS|TAMS 0x000000008d700000| PB 0x000000008d700000| Complete |  0
| 216|0x000000008d800000, 0x000000008d900000, 0x000000008d900000|100%| E|CS|TAMS 0x000000008d800000| PB 0x000000008d800000| Complete |  0
| 217|0x000000008d900000, 0x000000008da00000, 0x000000008da00000|100%| E|CS|TAMS 0x000000008d900000| PB 0x000000008d900000| Complete |  0
| 218|0x000000008da00000, 0x000000008db00000, 0x000000008db00000|100%| E|CS|TAMS 0x000000008da00000| PB 0x000000008da00000| Complete |  0
| 219|0x000000008db00000, 0x000000008dc00000, 0x000000008dc00000|100%| E|CS|TAMS 0x000000008db00000| PB 0x000000008db00000| Complete |  0
| 220|0x000000008dc00000, 0x000000008dd00000, 0x000000008dd00000|100%| E|CS|TAMS 0x000000008dc00000| PB 0x000000008dc00000| Complete |  0
| 221|0x000000008dd00000, 0x000000008de00000, 0x000000008de00000|100%| E|CS|TAMS 0x000000008dd00000| PB 0x000000008dd00000| Complete |  0
| 222|0x000000008de00000, 0x000000008df00000, 0x000000008df00000|100%| E|CS|TAMS 0x000000008de00000| PB 0x000000008de00000| Complete |  0
| 223|0x000000008df00000, 0x000000008e000000, 0x000000008e000000|100%| E|CS|TAMS 0x000000008df00000| PB 0x000000008df00000| Complete |  0
| 224|0x000000008e000000, 0x000000008e100000, 0x000000008e100000|100%| E|CS|TAMS 0x000000008e000000| PB 0x000000008e000000| Complete |  0
| 225|0x000000008e100000, 0x000000008e200000, 0x000000008e200000|100%| E|CS|TAMS 0x000000008e100000| PB 0x000000008e100000| Complete |  0
| 226|0x000000008e200000, 0x000000008e300000, 0x000000008e300000|100%| E|CS|TAMS 0x000000008e200000| PB 0x000000008e200000| Complete |  0
| 227|0x000000008e300000, 0x000000008e400000, 0x000000008e400000|100%| E|CS|TAMS 0x000000008e300000| PB 0x000000008e300000| Complete |  0
| 228|0x000000008e400000, 0x000000008e500000, 0x000000008e500000|100%| E|CS|TAMS 0x000000008e400000| PB 0x000000008e400000| Complete |  0
| 229|0x000000008e500000, 0x000000008e600000, 0x000000008e600000|100%| E|CS|TAMS 0x000000008e500000| PB 0x000000008e500000| Complete |  0
| 230|0x000000008e600000, 0x000000008e700000, 0x000000008e700000|100%| E|CS|TAMS 0x000000008e600000| PB 0x000000008e600000| Complete |  0
| 231|0x000000008e700000, 0x000000008e800000, 0x000000008e800000|100%| E|CS|TAMS 0x000000008e700000| PB 0x000000008e700000| Complete |  0
| 232|0x000000008e800000, 0x000000008e900000, 0x000000008e900000|100%| E|CS|TAMS 0x000000008e800000| PB 0x000000008e800000| Complete |  0
| 233|0x000000008e900000, 0x000000008ea00000, 0x000000008ea00000|100%| E|CS|TAMS 0x000000008e900000| PB 0x000000008e900000| Complete |  0
| 234|0x000000008ea00000, 0x000000008eb00000, 0x000000008eb00000|100%| E|CS|TAMS 0x000000008ea00000| PB 0x000000008ea00000| Complete |  0
| 235|0x000000008eb00000, 0x000000008ec00000, 0x000000008ec00000|100%| E|CS|TAMS 0x000000008eb00000| PB 0x000000008eb00000| Complete |  0
| 236|0x000000008ec00000, 0x000000008ed00000, 0x000000008ed00000|100%| E|CS|TAMS 0x000000008ec00000| PB 0x000000008ec00000| Complete |  0
| 237|0x000000008ed00000, 0x000000008ee00000, 0x000000008ee00000|100%| E|CS|TAMS 0x000000008ed00000| PB 0x000000008ed00000| Complete |  0
| 238|0x000000008ee00000, 0x000000008ef00000, 0x000000008ef00000|100%| E|CS|TAMS 0x000000008ee00000| PB 0x000000008ee00000| Complete |  0
| 239|0x000000008ef00000, 0x000000008f000000, 0x000000008f000000|100%| E|CS|TAMS 0x000000008ef00000| PB 0x000000008ef00000| Complete |  0
| 240|0x000000008f000000, 0x000000008f100000, 0x000000008f100000|100%| E|CS|TAMS 0x000000008f000000| PB 0x000000008f000000| Complete |  0
| 241|0x000000008f100000, 0x000000008f200000, 0x000000008f200000|100%| E|CS|TAMS 0x000000008f100000| PB 0x000000008f100000| Complete |  0
| 242|0x000000008f200000, 0x000000008f300000, 0x000000008f300000|100%| E|CS|TAMS 0x000000008f200000| PB 0x000000008f200000| Complete |  0
| 243|0x000000008f300000, 0x000000008f400000, 0x000000008f400000|100%| E|CS|TAMS 0x000000008f300000| PB 0x000000008f300000| Complete |  0
| 244|0x000000008f400000, 0x000000008f500000, 0x000000008f500000|100%| E|CS|TAMS 0x000000008f400000| PB 0x000000008f400000| Complete |  0
| 245|0x000000008f500000, 0x000000008f600000, 0x000000008f600000|100%| E|CS|TAMS 0x000000008f500000| PB 0x000000008f500000| Complete |  0
| 246|0x000000008f600000, 0x000000008f700000, 0x000000008f700000|100%| E|CS|TAMS 0x000000008f600000| PB 0x000000008f600000| Complete |  0
| 247|0x000000008f700000, 0x000000008f800000, 0x000000008f800000|100%| E|CS|TAMS 0x000000008f700000| PB 0x000000008f700000| Complete |  0
| 248|0x000000008f800000, 0x000000008f900000, 0x000000008f900000|100%| E|CS|TAMS 0x000000008f800000| PB 0x000000008f800000| Complete |  0
| 249|0x000000008f900000, 0x000000008fa00000, 0x000000008fa00000|100%| E|CS|TAMS 0x000000008f900000| PB 0x000000008f900000| Complete |  0
| 250|0x000000008fa00000, 0x000000008fb00000, 0x000000008fb00000|100%| E|CS|TAMS 0x000000008fa00000| PB 0x000000008fa00000| Complete |  0
| 251|0x000000008fb00000, 0x000000008fc00000, 0x000000008fc00000|100%| E|CS|TAMS 0x000000008fb00000| PB 0x000000008fb00000| Complete |  0
| 252|0x000000008fc00000, 0x000000008fd00000, 0x000000008fd00000|100%| E|CS|TAMS 0x000000008fc00000| PB 0x000000008fc00000| Complete |  0
| 253|0x000000008fd00000, 0x000000008fe00000, 0x000000008fe00000|100%| E|CS|TAMS 0x000000008fd00000| PB 0x000000008fd00000| Complete |  0
| 254|0x000000008fe00000, 0x000000008ff00000, 0x000000008ff00000|100%| E|CS|TAMS 0x000000008fe00000| PB 0x000000008fe00000| Complete |  0
| 255|0x000000008ff00000, 0x0000000090000000, 0x0000000090000000|100%| E|CS|TAMS 0x000000008ff00000| PB 0x000000008ff00000| Complete |  0
| 256|0x0000000090000000, 0x0000000090100000, 0x0000000090100000|100%| E|CS|TAMS 0x0000000090000000| PB 0x0000000090000000| Complete |  0
| 257|0x0000000090100000, 0x0000000090200000, 0x0000000090200000|100%| E|CS|TAMS 0x0000000090100000| PB 0x0000000090100000| Complete |  0
| 258|0x0000000090200000, 0x0000000090300000, 0x0000000090300000|100%| E|CS|TAMS 0x0000000090200000| PB 0x0000000090200000| Complete |  0
| 259|0x0000000090300000, 0x0000000090400000, 0x0000000090400000|100%| E|CS|TAMS 0x0000000090300000| PB 0x0000000090300000| Complete |  0
| 260|0x0000000090400000, 0x0000000090500000, 0x0000000090500000|100%| E|CS|TAMS 0x0000000090400000| PB 0x0000000090400000| Complete |  0
| 261|0x0000000090500000, 0x0000000090600000, 0x0000000090600000|100%| E|CS|TAMS 0x0000000090500000| PB 0x0000000090500000| Complete |  0
| 262|0x0000000090600000, 0x0000000090700000, 0x0000000090700000|100%| E|CS|TAMS 0x0000000090600000| PB 0x0000000090600000| Complete |  0
| 263|0x0000000090700000, 0x0000000090800000, 0x0000000090800000|100%| E|CS|TAMS 0x0000000090700000| PB 0x0000000090700000| Complete |  0
| 264|0x0000000090800000, 0x0000000090900000, 0x0000000090900000|100%| E|CS|TAMS 0x0000000090800000| PB 0x0000000090800000| Complete |  0
| 265|0x0000000090900000, 0x0000000090a00000, 0x0000000090a00000|100%| E|CS|TAMS 0x0000000090900000| PB 0x0000000090900000| Complete |  0
| 266|0x0000000090a00000, 0x0000000090b00000, 0x0000000090b00000|100%| E|CS|TAMS 0x0000000090a00000| PB 0x0000000090a00000| Complete |  0
| 267|0x0000000090b00000, 0x0000000090c00000, 0x0000000090c00000|100%| E|CS|TAMS 0x0000000090b00000| PB 0x0000000090b00000| Complete |  0
| 268|0x0000000090c00000, 0x0000000090d00000, 0x0000000090d00000|100%| E|CS|TAMS 0x0000000090c00000| PB 0x0000000090c00000| Complete |  0
| 269|0x0000000090d00000, 0x0000000090e00000, 0x0000000090e00000|100%| E|CS|TAMS 0x0000000090d00000| PB 0x0000000090d00000| Complete |  0
| 270|0x0000000090e00000, 0x0000000090f00000, 0x0000000090f00000|100%| E|CS|TAMS 0x0000000090e00000| PB 0x0000000090e00000| Complete |  0
| 271|0x0000000090f00000, 0x0000000091000000, 0x0000000091000000|100%| E|CS|TAMS 0x0000000090f00000| PB 0x0000000090f00000| Complete |  0
| 272|0x0000000091000000, 0x0000000091100000, 0x0000000091100000|100%| E|CS|TAMS 0x0000000091000000| PB 0x0000000091000000| Complete |  0
| 273|0x0000000091100000, 0x0000000091200000, 0x0000000091200000|100%| E|CS|TAMS 0x0000000091100000| PB 0x0000000091100000| Complete |  0
| 274|0x0000000091200000, 0x0000000091300000, 0x0000000091300000|100%| E|CS|TAMS 0x0000000091200000| PB 0x0000000091200000| Complete |  0
| 275|0x0000000091300000, 0x0000000091400000, 0x0000000091400000|100%| E|CS|TAMS 0x0000000091300000| PB 0x0000000091300000| Complete |  0
| 276|0x0000000091400000, 0x0000000091500000, 0x0000000091500000|100%| E|CS|TAMS 0x0000000091400000| PB 0x0000000091400000| Complete |  0
| 277|0x0000000091500000, 0x0000000091600000, 0x0000000091600000|100%| E|CS|TAMS 0x0000000091500000| PB 0x0000000091500000| Complete |  0
| 278|0x0000000091600000, 0x0000000091700000, 0x0000000091700000|100%| E|CS|TAMS 0x0000000091600000| PB 0x0000000091600000| Complete |  0
| 279|0x0000000091700000, 0x0000000091800000, 0x0000000091800000|100%| E|CS|TAMS 0x0000000091700000| PB 0x0000000091700000| Complete |  0
| 280|0x0000000091800000, 0x0000000091900000, 0x0000000091900000|100%| E|CS|TAMS 0x0000000091800000| PB 0x0000000091800000| Complete |  0
| 281|0x0000000091900000, 0x0000000091a00000, 0x0000000091a00000|100%| E|CS|TAMS 0x0000000091900000| PB 0x0000000091900000| Complete |  0
| 282|0x0000000091a00000, 0x0000000091b00000, 0x0000000091b00000|100%| E|CS|TAMS 0x0000000091a00000| PB 0x0000000091a00000| Complete |  0
| 283|0x0000000091b00000, 0x0000000091c00000, 0x0000000091c00000|100%| E|CS|TAMS 0x0000000091b00000| PB 0x0000000091b00000| Complete |  0
| 284|0x0000000091c00000, 0x0000000091d00000, 0x0000000091d00000|100%| E|CS|TAMS 0x0000000091c00000| PB 0x0000000091c00000| Complete |  0
| 285|0x0000000091d00000, 0x0000000091e00000, 0x0000000091e00000|100%| E|CS|TAMS 0x0000000091d00000| PB 0x0000000091d00000| Complete |  0
| 286|0x0000000091e00000, 0x0000000091f00000, 0x0000000091f00000|100%| E|CS|TAMS 0x0000000091e00000| PB 0x0000000091e00000| Complete |  0
| 287|0x0000000091f00000, 0x0000000092000000, 0x0000000092000000|100%| E|CS|TAMS 0x0000000091f00000| PB 0x0000000091f00000| Complete |  0
| 288|0x0000000092000000, 0x0000000092100000, 0x0000000092100000|100%| E|CS|TAMS 0x0000000092000000| PB 0x0000000092000000| Complete |  0
| 289|0x0000000092100000, 0x0000000092200000, 0x0000000092200000|100%| E|CS|TAMS 0x0000000092100000| PB 0x0000000092100000| Complete |  0
| 290|0x0000000092200000, 0x0000000092300000, 0x0000000092300000|100%| E|CS|TAMS 0x0000000092200000| PB 0x0000000092200000| Complete |  0
| 291|0x0000000092300000, 0x0000000092400000, 0x0000000092400000|100%| E|CS|TAMS 0x0000000092300000| PB 0x0000000092300000| Complete |  0
| 292|0x0000000092400000, 0x0000000092500000, 0x0000000092500000|100%| E|CS|TAMS 0x0000000092400000| PB 0x0000000092400000| Complete |  0
| 293|0x0000000092500000, 0x0000000092600000, 0x0000000092600000|100%| E|CS|TAMS 0x0000000092500000| PB 0x0000000092500000| Complete |  0
| 294|0x0000000092600000, 0x0000000092700000, 0x0000000092700000|100%| E|CS|TAMS 0x0000000092600000| PB 0x0000000092600000| Complete |  0
| 295|0x0000000092700000, 0x0000000092800000, 0x0000000092800000|100%| E|CS|TAMS 0x0000000092700000| PB 0x0000000092700000| Complete |  0
| 296|0x0000000092800000, 0x0000000092900000, 0x0000000092900000|100%| E|CS|TAMS 0x0000000092800000| PB 0x0000000092800000| Complete |  0
| 297|0x0000000092900000, 0x0000000092a00000, 0x0000000092a00000|100%| E|CS|TAMS 0x0000000092900000| PB 0x0000000092900000| Complete |  0
| 298|0x0000000092a00000, 0x0000000092b00000, 0x0000000092b00000|100%| E|CS|TAMS 0x0000000092a00000| PB 0x0000000092a00000| Complete |  0
| 299|0x0000000092b00000, 0x0000000092c00000, 0x0000000092c00000|100%| E|CS|TAMS 0x0000000092b00000| PB 0x0000000092b00000| Complete |  0
| 300|0x0000000092c00000, 0x0000000092d00000, 0x0000000092d00000|100%| E|CS|TAMS 0x0000000092c00000| PB 0x0000000092c00000| Complete |  0
| 301|0x0000000092d00000, 0x0000000092e00000, 0x0000000092e00000|100%| E|CS|TAMS 0x0000000092d00000| PB 0x0000000092d00000| Complete |  0
| 302|0x0000000092e00000, 0x0000000092f00000, 0x0000000092f00000|100%| E|CS|TAMS 0x0000000092e00000| PB 0x0000000092e00000| Complete |  0
| 303|0x0000000092f00000, 0x0000000093000000, 0x0000000093000000|100%| E|CS|TAMS 0x0000000092f00000| PB 0x0000000092f00000| Complete |  0
| 304|0x0000000093000000, 0x0000000093100000, 0x0000000093100000|100%| E|CS|TAMS 0x0000000093000000| PB 0x0000000093000000| Complete |  0
| 305|0x0000000093100000, 0x0000000093200000, 0x0000000093200000|100%| E|CS|TAMS 0x0000000093100000| PB 0x0000000093100000| Complete |  0
| 306|0x0000000093200000, 0x0000000093300000, 0x0000000093300000|100%| E|CS|TAMS 0x0000000093200000| PB 0x0000000093200000| Complete |  0
| 307|0x0000000093300000, 0x0000000093300000, 0x0000000093400000|  0%| F|CS|TAMS 0x0000000093300000| PB 0x0000000093300000| Untracked |  0
| 308|0x0000000093400000, 0x0000000093400000, 0x0000000093500000|  0%| F|  |TAMS 0x0000000093400000| PB 0x0000000093400000| Untracked |  0
| 309|0x0000000093500000, 0x0000000093500000, 0x0000000093600000|  0%| F|  |TAMS 0x0000000093500000| PB 0x0000000093500000| Untracked |  0
| 310|0x0000000093600000, 0x0000000093600000, 0x0000000093700000|  0%| F|  |TAMS 0x0000000093600000| PB 0x0000000093600000| Untracked |  0
| 311|0x0000000093700000, 0x0000000093700000, 0x0000000093800000|  0%| F|  |TAMS 0x0000000093700000| PB 0x0000000093700000| Untracked |  0
| 312|0x0000000093800000, 0x0000000093800000, 0x0000000093900000|  0%| F|  |TAMS 0x0000000093800000| PB 0x0000000093800000| Untracked |  0
| 313|0x0000000093900000, 0x0000000093900000, 0x0000000093a00000|  0%| F|  |TAMS 0x0000000093900000| PB 0x0000000093900000| Untracked |  0
| 314|0x0000000093a00000, 0x0000000093a00000, 0x0000000093b00000|  0%| F|  |TAMS 0x0000000093a00000| PB 0x0000000093a00000| Untracked |  0
| 315|0x0000000093b00000, 0x0000000093b00000, 0x0000000093c00000|  0%| F|  |TAMS 0x0000000093b00000| PB 0x0000000093b00000| Untracked |  0
| 316|0x0000000093c00000, 0x0000000093c00000, 0x0000000093d00000|  0%| F|  |TAMS 0x0000000093c00000| PB 0x0000000093c00000| Untracked |  0
| 317|0x0000000093d00000, 0x0000000093d00000, 0x0000000093e00000|  0%| F|  |TAMS 0x0000000093d00000| PB 0x0000000093d00000| Untracked |  0
| 318|0x0000000093e00000, 0x0000000093e00000, 0x0000000093f00000|  0%| F|  |TAMS 0x0000000093e00000| PB 0x0000000093e00000| Untracked |  0
| 319|0x0000000093f00000, 0x0000000093f00000, 0x0000000094000000|  0%| F|  |TAMS 0x0000000093f00000| PB 0x0000000093f00000| Untracked |  0
| 320|0x0000000094000000, 0x0000000094000000, 0x0000000094100000|  0%| F|  |TAMS 0x0000000094000000| PB 0x0000000094000000| Untracked |  0
| 321|0x0000000094100000, 0x0000000094100000, 0x0000000094200000|  0%| F|  |TAMS 0x0000000094100000| PB 0x0000000094100000| Untracked |  0
| 322|0x0000000094200000, 0x0000000094200000, 0x0000000094300000|  0%| F|  |TAMS 0x0000000094200000| PB 0x0000000094200000| Untracked |  0
| 323|0x0000000094300000, 0x0000000094300000, 0x0000000094400000|  0%| F|  |TAMS 0x0000000094300000| PB 0x0000000094300000| Untracked |  0
| 324|0x0000000094400000, 0x0000000094400000, 0x0000000094500000|  0%| F|  |TAMS 0x0000000094400000| PB 0x0000000094400000| Untracked |  0
| 325|0x0000000094500000, 0x0000000094500000, 0x0000000094600000|  0%| F|  |TAMS 0x0000000094500000| PB 0x0000000094500000| Untracked |  0
| 326|0x0000000094600000, 0x0000000094600000, 0x0000000094700000|  0%| F|  |TAMS 0x0000000094600000| PB 0x0000000094600000| Untracked |  0
| 327|0x0000000094700000, 0x0000000094700000, 0x0000000094800000|  0%| F|  |TAMS 0x0000000094700000| PB 0x0000000094700000| Untracked |  0
| 328|0x0000000094800000, 0x0000000094800000, 0x0000000094900000|  0%| F|  |TAMS 0x0000000094800000| PB 0x0000000094800000| Untracked |  0
| 329|0x0000000094900000, 0x0000000094900000, 0x0000000094a00000|  0%| F|  |TAMS 0x0000000094900000| PB 0x0000000094900000| Untracked |  0
| 330|0x0000000094a00000, 0x0000000094a00000, 0x0000000094b00000|  0%| F|  |TAMS 0x0000000094a00000| PB 0x0000000094a00000| Untracked |  0
| 331|0x0000000094b00000, 0x0000000094b00000, 0x0000000094c00000|  0%| F|  |TAMS 0x0000000094b00000| PB 0x0000000094b00000| Untracked |  0
| 332|0x0000000094c00000, 0x0000000094c00000, 0x0000000094d00000|  0%| F|  |TAMS 0x0000000094c00000| PB 0x0000000094c00000| Untracked |  0
| 333|0x0000000094d00000, 0x0000000094d00000, 0x0000000094e00000|  0%| F|  |TAMS 0x0000000094d00000| PB 0x0000000094d00000| Untracked |  0
| 334|0x0000000094e00000, 0x0000000094e00000, 0x0000000094f00000|  0%| F|  |TAMS 0x0000000094e00000| PB 0x0000000094e00000| Untracked |  0
| 335|0x0000000094f00000, 0x0000000094f00000, 0x0000000095000000|  0%| F|  |TAMS 0x0000000094f00000| PB 0x0000000094f00000| Untracked |  0
| 336|0x0000000095000000, 0x0000000095000000, 0x0000000095100000|  0%| F|  |TAMS 0x0000000095000000| PB 0x0000000095000000| Untracked |  0
| 337|0x0000000095100000, 0x0000000095100000, 0x0000000095200000|  0%| F|  |TAMS 0x0000000095100000| PB 0x0000000095100000| Untracked |  0
| 338|0x0000000095200000, 0x0000000095200000, 0x0000000095300000|  0%| F|  |TAMS 0x0000000095200000| PB 0x0000000095200000| Untracked |  0
| 339|0x0000000095300000, 0x0000000095300000, 0x0000000095400000|  0%| F|  |TAMS 0x0000000095300000| PB 0x0000000095300000| Untracked |  0
| 340|0x0000000095400000, 0x0000000095400000, 0x0000000095500000|  0%| F|  |TAMS 0x0000000095400000| PB 0x0000000095400000| Untracked |  0
| 341|0x0000000095500000, 0x0000000095500000, 0x0000000095600000|  0%| F|  |TAMS 0x0000000095500000| PB 0x0000000095500000| Untracked |  0
| 394|0x0000000098a00000, 0x0000000098a00000, 0x0000000098b00000|  0%| F|  |TAMS 0x0000000098a00000| PB 0x0000000098a00000| Untracked |  0
| 395|0x0000000098b00000, 0x0000000098b00000, 0x0000000098c00000|  0%| F|  |TAMS 0x0000000098b00000| PB 0x0000000098b00000| Untracked |  0
| 396|0x0000000098c00000, 0x0000000098c00000, 0x0000000098d00000|  0%| F|  |TAMS 0x0000000098c00000| PB 0x0000000098c00000| Untracked |  0
| 397|0x0000000098d00000, 0x0000000098d00000, 0x0000000098e00000|  0%| F|  |TAMS 0x0000000098d00000| PB 0x0000000098d00000| Untracked |  0
| 398|0x0000000098e00000, 0x0000000098e00000, 0x0000000098f00000|  0%| F|  |TAMS 0x0000000098e00000| PB 0x0000000098e00000| Untracked |  0
| 399|0x0000000098f00000, 0x0000000098f00000, 0x0000000099000000|  0%| F|  |TAMS 0x0000000098f00000| PB 0x0000000098f00000| Untracked |  0
| 400|0x0000000099000000, 0x0000000099000000, 0x0000000099100000|  0%| F|  |TAMS 0x0000000099000000| PB 0x0000000099000000| Untracked |  0
| 401|0x0000000099100000, 0x0000000099100000, 0x0000000099200000|  0%| F|  |TAMS 0x0000000099100000| PB 0x0000000099100000| Untracked |  0
| 402|0x0000000099200000, 0x0000000099200000, 0x0000000099300000|  0%| F|  |TAMS 0x0000000099200000| PB 0x0000000099200000| Untracked |  0
| 403|0x0000000099300000, 0x0000000099300000, 0x0000000099400000|  0%| F|  |TAMS 0x0000000099300000| PB 0x0000000099300000| Untracked |  0
| 404|0x0000000099400000, 0x0000000099400000, 0x0000000099500000|  0%| F|  |TAMS 0x0000000099400000| PB 0x0000000099400000| Untracked |  0
| 405|0x0000000099500000, 0x0000000099500000, 0x0000000099600000|  0%| F|  |TAMS 0x0000000099500000| PB 0x0000000099500000| Untracked |  0
| 406|0x0000000099600000, 0x0000000099600000, 0x0000000099700000|  0%| F|  |TAMS 0x0000000099600000| PB 0x0000000099600000| Untracked |  0
| 407|0x0000000099700000, 0x0000000099700000, 0x0000000099800000|  0%| F|  |TAMS 0x0000000099700000| PB 0x0000000099700000| Untracked |  0
| 408|0x0000000099800000, 0x0000000099800000, 0x0000000099900000|  0%| F|  |TAMS 0x0000000099800000| PB 0x0000000099800000| Untracked |  0
| 409|0x0000000099900000, 0x0000000099900000, 0x0000000099a00000|  0%| F|  |TAMS 0x0000000099900000| PB 0x0000000099900000| Untracked |  0
| 410|0x0000000099a00000, 0x0000000099a00000, 0x0000000099b00000|  0%| F|  |TAMS 0x0000000099a00000| PB 0x0000000099a00000| Untracked |  0
| 411|0x0000000099b00000, 0x0000000099b00000, 0x0000000099c00000|  0%| F|  |TAMS 0x0000000099b00000| PB 0x0000000099b00000| Untracked |  0
| 412|0x0000000099c00000, 0x0000000099c00000, 0x0000000099d00000|  0%| F|  |TAMS 0x0000000099c00000| PB 0x0000000099c00000| Untracked |  0
| 413|0x0000000099d00000, 0x0000000099d00000, 0x0000000099e00000|  0%| F|  |TAMS 0x0000000099d00000| PB 0x0000000099d00000| Untracked |  0
| 414|0x0000000099e00000, 0x0000000099e00000, 0x0000000099f00000|  0%| F|  |TAMS 0x0000000099e00000| PB 0x0000000099e00000| Untracked |  0
| 415|0x0000000099f00000, 0x0000000099f00000, 0x000000009a000000|  0%| F|  |TAMS 0x0000000099f00000| PB 0x0000000099f00000| Untracked |  0
| 416|0x000000009a000000, 0x000000009a000000, 0x000000009a100000|  0%| F|  |TAMS 0x000000009a000000| PB 0x000000009a000000| Untracked |  0
| 417|0x000000009a100000, 0x000000009a100000, 0x000000009a200000|  0%| F|  |TAMS 0x000000009a100000| PB 0x000000009a100000| Untracked |  0
| 418|0x000000009a200000, 0x000000009a200000, 0x000000009a300000|  0%| F|  |TAMS 0x000000009a200000| PB 0x000000009a200000| Untracked |  0
| 419|0x000000009a300000, 0x000000009a300000, 0x000000009a400000|  0%| F|  |TAMS 0x000000009a300000| PB 0x000000009a300000| Untracked |  0
| 420|0x000000009a400000, 0x000000009a400000, 0x000000009a500000|  0%| F|  |TAMS 0x000000009a400000| PB 0x000000009a400000| Untracked |  0
| 421|0x000000009a500000, 0x000000009a500000, 0x000000009a600000|  0%| F|  |TAMS 0x000000009a500000| PB 0x000000009a500000| Untracked |  0
| 422|0x000000009a600000, 0x000000009a600000, 0x000000009a700000|  0%| F|  |TAMS 0x000000009a600000| PB 0x000000009a600000| Untracked |  0
| 423|0x000000009a700000, 0x000000009a700000, 0x000000009a800000|  0%| F|  |TAMS 0x000000009a700000| PB 0x000000009a700000| Untracked |  0
| 424|0x000000009a800000, 0x000000009a800000, 0x000000009a900000|  0%| F|  |TAMS 0x000000009a800000| PB 0x000000009a800000| Untracked |  0
| 425|0x000000009a900000, 0x000000009a900000, 0x000000009aa00000|  0%| F|  |TAMS 0x000000009a900000| PB 0x000000009a900000| Untracked |  0
| 426|0x000000009aa00000, 0x000000009aa00000, 0x000000009ab00000|  0%| F|  |TAMS 0x000000009aa00000| PB 0x000000009aa00000| Untracked |  0
| 427|0x000000009ab00000, 0x000000009ab00000, 0x000000009ac00000|  0%| F|  |TAMS 0x000000009ab00000| PB 0x000000009ab00000| Untracked |  0
| 428|0x000000009ac00000, 0x000000009ac00000, 0x000000009ad00000|  0%| F|  |TAMS 0x000000009ac00000| PB 0x000000009ac00000| Untracked |  0
| 429|0x000000009ad00000, 0x000000009ad00000, 0x000000009ae00000|  0%| F|  |TAMS 0x000000009ad00000| PB 0x000000009ad00000| Untracked |  0
| 430|0x000000009ae00000, 0x000000009ae00000, 0x000000009af00000|  0%| F|  |TAMS 0x000000009ae00000| PB 0x000000009ae00000| Untracked |  0
| 431|0x000000009af00000, 0x000000009af00000, 0x000000009b000000|  0%| F|  |TAMS 0x000000009af00000| PB 0x000000009af00000| Untracked |  0
| 432|0x000000009b000000, 0x000000009b000000, 0x000000009b100000|  0%| F|  |TAMS 0x000000009b000000| PB 0x000000009b000000| Untracked |  0
| 433|0x000000009b100000, 0x000000009b100000, 0x000000009b200000|  0%| F|  |TAMS 0x000000009b100000| PB 0x000000009b100000| Untracked |  0
|2023|0x00000000fe700000, 0x00000000fe800000, 0x00000000fe800000|100%| O|  |TAMS 0x00000000fe700000| PB 0x00000000fe700000| Untracked |  0
|2024|0x00000000fe800000, 0x00000000fe900000, 0x00000000fe900000|100%| O|  |TAMS 0x00000000fe800000| PB 0x00000000fe800000| Untracked |  0
|2025|0x00000000fe900000, 0x00000000fe900000, 0x00000000fea00000|  0%| F|  |TAMS 0x00000000fe900000| PB 0x00000000fe900000| Untracked |  0
|2026|0x00000000fea00000, 0x00000000feb00000, 0x00000000feb00000|100%| O|  |TAMS 0x00000000fea00000| PB 0x00000000fea00000| Untracked |  0
|2027|0x00000000feb00000, 0x00000000fec00000, 0x00000000fec00000|100%| O|  |TAMS 0x00000000feb00000| PB 0x00000000feb00000| Untracked |  0
|2028|0x00000000fec00000, 0x00000000fed00000, 0x00000000fed00000|100%| O|  |TAMS 0x00000000fec00000| PB 0x00000000fec00000| Untracked |  0
|2029|0x00000000fed00000, 0x00000000fee00000, 0x00000000fee00000|100%| O|  |TAMS 0x00000000fed00000| PB 0x00000000fed00000| Untracked |  0
|2030|0x00000000fee00000, 0x00000000fef00000, 0x00000000fef00000|100%| O|  |TAMS 0x00000000fee00000| PB 0x00000000fee00000| Untracked |  0
|2031|0x00000000fef00000, 0x00000000ff000000, 0x00000000ff000000|100%| O|  |TAMS 0x00000000fef00000| PB 0x00000000fef00000| Untracked |  0
|2032|0x00000000ff000000, 0x00000000ff000000, 0x00000000ff100000|  0%| F|  |TAMS 0x00000000ff000000| PB 0x00000000ff000000| Untracked |  0
|2033|0x00000000ff100000, 0x00000000ff200000, 0x00000000ff200000|100%| O|  |TAMS 0x00000000ff100000| PB 0x00000000ff100000| Untracked |  0
|2034|0x00000000ff200000, 0x00000000ff300000, 0x00000000ff300000|100%| O|  |TAMS 0x00000000ff200000| PB 0x00000000ff200000| Untracked |  0
|2035|0x00000000ff300000, 0x00000000ff400000, 0x00000000ff400000|100%| O|  |TAMS 0x00000000ff300000| PB 0x00000000ff300000| Untracked |  0
|2036|0x00000000ff400000, 0x00000000ff400000, 0x00000000ff500000|  0%| F|  |TAMS 0x00000000ff400000| PB 0x00000000ff400000| Untracked |  0
|2037|0x00000000ff500000, 0x00000000ff600000, 0x00000000ff600000|100%| O|  |TAMS 0x00000000ff500000| PB 0x00000000ff500000| Untracked |  0
|2038|0x00000000ff600000, 0x00000000ff600000, 0x00000000ff700000|  0%| F|  |TAMS 0x00000000ff600000| PB 0x00000000ff600000| Untracked |  0
|2039|0x00000000ff700000, 0x00000000ff800000, 0x00000000ff800000|100%| E|  |TAMS 0x00000000ff700000| PB 0x00000000ff700000| Complete |  0
|2040|0x00000000ff800000, 0x00000000ff900000, 0x00000000ff900000|100%| E|CS|TAMS 0x00000000ff800000| PB 0x00000000ff800000| Complete |  0
|2041|0x00000000ff900000, 0x00000000ffa00000, 0x00000000ffa00000|100%| O|  |TAMS 0x00000000ff900000| PB 0x00000000ff900000| Untracked |  0
|2042|0x00000000ffa00000, 0x00000000ffb00000, 0x00000000ffb00000|100%| O|  |TAMS 0x00000000ffa00000| PB 0x00000000ffa00000| Untracked |  0
|2043|0x00000000ffb00000, 0x00000000ffc00000, 0x00000000ffc00000|100%| O|  |TAMS 0x00000000ffb00000| PB 0x00000000ffb00000| Untracked |  0
|2044|0x00000000ffc00000, 0x00000000ffd00000, 0x00000000ffd00000|100%| O|  |TAMS 0x00000000ffc00000| PB 0x00000000ffc00000| Untracked |  0
|2045|0x00000000ffd00000, 0x00000000ffe00000, 0x00000000ffe00000|100%| O|  |TAMS 0x00000000ffd00000| PB 0x00000000ffd00000| Untracked |  0
|2046|0x00000000ffe00000, 0x00000000fff00000, 0x00000000fff00000|100%| O|  |TAMS 0x00000000ffe00000| PB 0x00000000ffe00000| Untracked |  0
|2047|0x00000000fff00000, 0x0000000100000000, 0x0000000100000000|100%| O|  |TAMS 0x00000000fff00000| PB 0x00000000fff00000| Untracked |  0

Card table byte_map: [0x00000173a3e20000,0x00000173a4220000] _byte_map_base: 0x00000173a3a20000

Marking Bits: (CMBitMap*) 0x000001738ed1e040
 Bits: [0x00000173a4220000, 0x00000173a6220000)

Polling page: 0x000001738ef50000

Metaspace:
Metaspace        used 141533K, committed 143360K, reserved 1179648K
 class space     used 19401K, committed 20224K, reserved 1048576K

Usage:
  Non-class:    119.27 MB used.
      Class:     18.95 MB used.
       Both:    138.22 MB used.

Virtual space:
  Non-class space:      128.00 MB reserved,     120.25 MB ( 94%) committed,  2 nodes.
      Class space:        1.00 GB reserved,      19.75 MB (  2%) committed,  1 nodes.
             Both:        1.12 GB reserved,     140.00 MB ( 12%) committed. 

Chunk freelists:
   Non-Class:  7.02 MB
       Class:  12.27 MB
        Both:  19.28 MB

MaxMetaspaceSize: unlimited
CompressedClassSpaceSize: 1.00 GB
Initial GC threshold: 21.00 MB
Current GC threshold: 176.38 MB
CDS: off
 - commit_granule_bytes: 65536.
 - commit_granule_words: 8192.
 - virtual_space_node_default_size: 8388608.
 - enlarge_chunks_in_place: 1.
UseCompressedClassPointers 1, UseCompactObjectHeaders 0
Narrow klass pointer bits 32, Max shift 3
Narrow klass base: 0x0000000000000000, Narrow klass shift: 0
Encoding Range: [0x0000000000000000 - 0x0000000100000000), (4294967296 bytes)
Klass Range:    [0x000000002f000000 - 0x000000006f000000), (1073741824 bytes)
Klass ID Range:  [788529152 - 1862270969) (1073741817)
No protection zone.


Internal statistics:

num_allocs_failed_limit: 11.
num_arena_births: 3374.
num_arena_deaths: 0.
num_vsnodes_births: 3.
num_vsnodes_deaths: 0.
num_space_committed: 2239.
num_space_uncommitted: 0.
num_chunks_returned_to_freelist: 11.
num_chunks_taken_from_freelist: 8290.
num_chunk_merges: 6.
num_chunk_splits: 6029.
num_chunks_enlarged: 4506.
num_inconsistent_stats: 0.

CodeHeap 'non-profiled nmethods': size=120064Kb used=6811Kb max_used=6811Kb free=113252Kb
 bounds [0x000001739c0a0000, 0x000001739c750000, 0x00000173a35e0000]
CodeHeap 'profiled nmethods': size=120000Kb used=18212Kb max_used=18212Kb free=101787Kb
 bounds [0x00000173945e0000, 0x00000173957b0000, 0x000001739bb10000]
CodeHeap 'non-nmethods': size=5696Kb used=2619Kb max_used=2681Kb free=3076Kb
 bounds [0x000001739bb10000, 0x000001739bdc0000, 0x000001739c0a0000]
CodeCache: size=245760Kb, used=27642Kb, max_used=27704Kb, free=218115Kb
 total_blobs=12643, nmethods=11474, adapters=1070, full_count=0
Compilation: enabled, stopped_count=0, restarted_count=0

Compilation events (20 events):
Event: 19.587 Thread 0x00000173ad006930 nmethod 13323 0x00000173957a3188 code [0x00000173957a3280, 0x00000173957a3390]
Event: 19.587 Thread 0x00000173ad006930 13324       3       java.util.zip.ZipEntry::setExtra0 (501 bytes)
Event: 19.588 Thread 0x00000173ad006930 nmethod 13324 0x00000173957a3488 code [0x00000173957a3580, 0x00000173957a4958]
Event: 19.588 Thread 0x00000173ad006930 13329       3       java.util.Optional::flatMap (38 bytes)
Event: 19.589 Thread 0x00000173ad006930 nmethod 13329 0x00000173957a4988 code [0x00000173957a4a80, 0x00000173957a5158]
Event: 19.589 Thread 0x00000173ad006930 13331       2       org.gradle.api.internal.changedetection.state.MetaInfAwareClasspathResourceHasher::filter (37 bytes)
Event: 19.589 Thread 0x00000173ad006930 nmethod 13331 0x00000173957a5188 code [0x00000173957a5280, 0x00000173957a54b0]
Event: 19.589 Thread 0x00000173ad006930 13336   !   2       org.gradle.api.internal.file.archive.impl.FileZipInput$FileZipEntry::withInputStream (28 bytes)
Event: 19.589 Thread 0x00000173ad006930 nmethod 13336 0x00000173957a5508 code [0x00000173957a5600, 0x00000173957a5900]
Event: 19.589 Thread 0x00000173ad006930 13332       2       org.gradle.api.internal.changedetection.state.PropertiesFileAwareClasspathResourceHasher::filter (33 bytes)
Event: 19.589 Thread 0x00000173ad006930 nmethod 13332 0x00000173957a5988 code [0x00000173957a5a80, 0x00000173957a5e60]
Event: 19.589 Thread 0x00000173ad006930 13337       2       org.gradle.api.internal.file.archive.impl.FileZipInput$1::computeNext (5 bytes)
Event: 19.589 Thread 0x00000173ad006930 nmethod 13337 0x00000173957a5e88 code [0x00000173957a5f80, 0x00000173957a60a0]
Event: 19.589 Thread 0x00000173ad006930 13338       2       org.gradle.api.internal.file.archive.impl.FileZipInput$1::computeNext (50 bytes)
Event: 19.590 Thread 0x00000173ad006930 nmethod 13338 0x00000173957a6188 code [0x00000173957a6280, 0x00000173957a6600]
Event: 19.590 Thread 0x00000173ad006930 13333       2       org.gradle.api.internal.changedetection.state.RuntimeClasspathResourceHasher::hash (20 bytes)
Event: 19.590 Thread 0x00000173ad006930 nmethod 13333 0x00000173957a6688 code [0x00000173957a6780, 0x00000173957a6920]
Event: 19.590 Thread 0x00000173ad006930 13330       3       java.io.PushbackInputStream::ensureOpen (18 bytes)
Event: 19.590 Thread 0x00000173ad006930 nmethod 13330 0x00000173957a6988 code [0x00000173957a6a80, 0x00000173957a6c78]
Event: 19.590 Thread 0x00000173ad006930 13340   !   3       java.util.zip.Inflater::inflate (456 bytes)

GC Heap Usage History (20 events):
Event: 7.285 {heap Before GC invocations=35 (full 0):
 garbage-first heap   total reserved 2097152K, committed 343040K, used 305596K [0x0000000080000000, 0x0000000100000000)
  region size 1024K, 201 young (205824K), 17 survivors (17408K)
}
Event: 7.294 {heap After GC invocations=36 (full 0):
 garbage-first heap   total reserved 2097152K, committed 343040K, used 120888K [0x0000000080000000, 0x0000000100000000)
  region size 1024K, 17 young (17408K), 17 survivors (17408K)
}
Event: 7.471 {heap Before GC invocations=36 (full 0):
 garbage-first heap   total reserved 2097152K, committed 343040K, used 309304K [0x0000000080000000, 0x0000000100000000)
  region size 1024K, 201 young (205824K), 17 survivors (17408K)
}
Event: 7.479 {heap After GC invocations=37 (full 0):
 garbage-first heap   total reserved 2097152K, committed 343040K, used 122081K [0x0000000080000000, 0x0000000100000000)
  region size 1024K, 14 young (14336K), 14 survivors (14336K)
}
Event: 7.618 {heap Before GC invocations=37 (full 0):
 garbage-first heap   total reserved 2097152K, committed 343040K, used 313569K [0x0000000080000000, 0x0000000100000000)
  region size 1024K, 201 young (205824K), 14 survivors (14336K)
}
Event: 7.625 {heap After GC invocations=38 (full 0):
 garbage-first heap   total reserved 2097152K, committed 470016K, used 124383K [0x0000000080000000, 0x0000000100000000)
  region size 1024K, 16 young (16384K), 16 survivors (16384K)
}
Event: 7.915 {heap Before GC invocations=39 (full 0):
 garbage-first heap   total reserved 2097152K, committed 416768K, used 370143K [0x0000000080000000, 0x0000000100000000)
  region size 1024K, 244 young (249856K), 16 survivors (16384K)
}
Event: 7.925 {heap After GC invocations=40 (full 0):
 garbage-first heap   total reserved 2097152K, committed 416768K, used 123217K [0x0000000080000000, 0x0000000100000000)
  region size 1024K, 23 young (23552K), 23 survivors (23552K)
}
Event: 8.194 {heap Before GC invocations=40 (full 0):
 garbage-first heap   total reserved 2097152K, committed 416768K, used 349521K [0x0000000080000000, 0x0000000100000000)
  region size 1024K, 244 young (249856K), 23 survivors (23552K)
}
Event: 8.203 {heap After GC invocations=41 (full 0):
 garbage-first heap   total reserved 2097152K, committed 416768K, used 120487K [0x0000000080000000, 0x0000000100000000)
  region size 1024K, 13 young (13312K), 13 survivors (13312K)
}
Event: 8.549 {heap Before GC invocations=41 (full 0):
 garbage-first heap   total reserved 2097152K, committed 416768K, used 358055K [0x0000000080000000, 0x0000000100000000)
  region size 1024K, 244 young (249856K), 13 survivors (13312K)
}
Event: 8.554 {heap After GC invocations=42 (full 0):
 garbage-first heap   total reserved 2097152K, committed 416768K, used 119940K [0x0000000080000000, 0x0000000100000000)
  region size 1024K, 12 young (12288K), 12 survivors (12288K)
}
Event: 8.973 {heap Before GC invocations=42 (full 0):
 garbage-first heap   total reserved 2097152K, committed 416768K, used 248964K [0x0000000080000000, 0x0000000100000000)
  region size 1024K, 131 young (134144K), 12 survivors (12288K)
}
Event: 8.979 {heap After GC invocations=43 (full 0):
 garbage-first heap   total reserved 2097152K, committed 416768K, used 119536K [0x0000000080000000, 0x0000000100000000)
  region size 1024K, 12 young (12288K), 12 survivors (12288K)
}
Event: 10.742 {heap Before GC invocations=43 (full 0):
 garbage-first heap   total reserved 2097152K, committed 416768K, used 358128K [0x0000000080000000, 0x0000000100000000)
  region size 1024K, 244 young (249856K), 12 survivors (12288K)
}
Event: 10.764 {heap After GC invocations=44 (full 0):
 garbage-first heap   total reserved 2097152K, committed 416768K, used 143835K [0x0000000080000000, 0x0000000100000000)
  region size 1024K, 31 young (31744K), 31 survivors (31744K)
}
Event: 11.648 {heap Before GC invocations=44 (full 0):
 garbage-first heap   total reserved 2097152K, committed 416768K, used 273883K [0x0000000080000000, 0x0000000100000000)
  region size 1024K, 159 young (162816K), 31 survivors (31744K)
}
Event: 11.668 {heap After GC invocations=45 (full 0):
 garbage-first heap   total reserved 2097152K, committed 416768K, used 166509K [0x0000000080000000, 0x0000000100000000)
  region size 1024K, 20 young (20480K), 20 survivors (20480K)
}
Event: 17.188 {heap Before GC invocations=46 (full 0):
 garbage-first heap   total reserved 2097152K, committed 416768K, used 363117K [0x0000000080000000, 0x0000000100000000)
  region size 1024K, 219 young (224256K), 20 survivors (20480K)
}
Event: 17.209 {heap After GC invocations=47 (full 0):
 garbage-first heap   total reserved 2097152K, committed 416768K, used 175569K [0x0000000080000000, 0x0000000100000000)
  region size 1024K, 15 young (15360K), 15 survivors (15360K)
}

Metaspace Usage History (20 events):
Event: 7.285 {metaspace Before GC invocations=35 (full 0):
 Metaspace       used 63352K, committed 65024K, reserved 1114112K
  class space    used 9146K, committed 9920K, reserved 1048576K
}
Event: 7.294 {metaspace After GC invocations=36 (full 0):
 Metaspace       used 63352K, committed 65024K, reserved 1114112K
  class space    used 9146K, committed 9920K, reserved 1048576K
}
Event: 7.471 {metaspace Before GC invocations=36 (full 0):
 Metaspace       used 63360K, committed 65024K, reserved 1114112K
  class space    used 9146K, committed 9920K, reserved 1048576K
}
Event: 7.479 {metaspace After GC invocations=37 (full 0):
 Metaspace       used 63360K, committed 65024K, reserved 1114112K
  class space    used 9146K, committed 9920K, reserved 1048576K
}
Event: 7.618 {metaspace Before GC invocations=37 (full 0):
 Metaspace       used 63366K, committed 65024K, reserved 1114112K
  class space    used 9146K, committed 9920K, reserved 1048576K
}
Event: 7.625 {metaspace After GC invocations=38 (full 0):
 Metaspace       used 63366K, committed 65024K, reserved 1114112K
  class space    used 9146K, committed 9920K, reserved 1048576K
}
Event: 7.915 {metaspace Before GC invocations=39 (full 0):
 Metaspace       used 63411K, committed 65088K, reserved 1114112K
  class space    used 9154K, committed 9920K, reserved 1048576K
}
Event: 7.925 {metaspace After GC invocations=40 (full 0):
 Metaspace       used 63411K, committed 65088K, reserved 1114112K
  class space    used 9154K, committed 9920K, reserved 1048576K
}
Event: 8.194 {metaspace Before GC invocations=40 (full 0):
 Metaspace       used 63465K, committed 65152K, reserved 1114112K
  class space    used 9154K, committed 9920K, reserved 1048576K
}
Event: 8.203 {metaspace After GC invocations=41 (full 0):
 Metaspace       used 63465K, committed 65152K, reserved 1114112K
  class space    used 9154K, committed 9920K, reserved 1048576K
}
Event: 8.549 {metaspace Before GC invocations=41 (full 0):
 Metaspace       used 63505K, committed 65152K, reserved 1114112K
  class space    used 9154K, committed 9920K, reserved 1048576K
}
Event: 8.554 {metaspace After GC invocations=42 (full 0):
 Metaspace       used 63505K, committed 65152K, reserved 1114112K
  class space    used 9154K, committed 9920K, reserved 1048576K
}
Event: 8.973 {metaspace Before GC invocations=42 (full 0):
 Metaspace       used 68092K, committed 69696K, reserved 1114112K
  class space    used 10286K, committed 11008K, reserved 1048576K
}
Event: 8.979 {metaspace After GC invocations=43 (full 0):
 Metaspace       used 68092K, committed 69696K, reserved 1114112K
  class space    used 10286K, committed 11008K, reserved 1048576K
}
Event: 10.742 {metaspace Before GC invocations=43 (full 0):
 Metaspace       used 94205K, committed 95872K, reserved 1179648K
  class space    used 13347K, committed 14144K, reserved 1048576K
}
Event: 10.764 {metaspace After GC invocations=44 (full 0):
 Metaspace       used 94205K, committed 95872K, reserved 1179648K
  class space    used 13347K, committed 14144K, reserved 1048576K
}
Event: 11.648 {metaspace Before GC invocations=44 (full 0):
 Metaspace       used 106423K, committed 108160K, reserved 1179648K
  class space    used 14907K, committed 15744K, reserved 1048576K
}
Event: 11.668 {metaspace After GC invocations=45 (full 0):
 Metaspace       used 106423K, committed 108160K, reserved 1179648K
  class space    used 14907K, committed 15744K, reserved 1048576K
}
Event: 17.189 {metaspace Before GC invocations=46 (full 0):
 Metaspace       used 135120K, committed 136896K, reserved 1179648K
  class space    used 18516K, committed 19328K, reserved 1048576K
}
Event: 17.209 {metaspace After GC invocations=47 (full 0):
 Metaspace       used 135120K, committed 136896K, reserved 1179648K
  class space    used 18516K, committed 19328K, reserved 1048576K
}

Dll operation events (3 events):
Event: 0.010 Loaded shared library C:\Program Files\Android\Android Studio\jbr\bin\java.dll
Event: 0.016 Loaded shared library C:\Program Files\Android\Android Studio\jbr\bin\zip.dll
Event: 0.433 Loaded shared library C:\Program Files\Android\Android Studio\jbr\bin\verify.dll

Deoptimization events (20 events):
Event: 19.584 Thread 0x00000173ae2d2080 DEOPT PACKING pc=0x000001739c4ae9b4 sp=0x00000068266f6d40
Event: 19.584 Thread 0x00000173ae2d2080 DEOPT UNPACKING pc=0x000001739bc37402 sp=0x00000068266f6d50 mode 2
Event: 19.584 Thread 0x00000173ae2d2080 Uncommon trap: trap_request=0xffffffde fr.pc=0x000001739c4ae9b4 relative=0x0000000000000fb4
Event: 19.584 Thread 0x00000173ae2d2080 Uncommon trap: reason=class_check action=maybe_recompile pc=0x000001739c4ae9b4 method=java.util.zip.InflaterInputStream.read([BII)I @ 78 c2
Event: 19.584 Thread 0x00000173ae2d2080 DEOPT PACKING pc=0x000001739c4ae9b4 sp=0x00000068266f6d40
Event: 19.584 Thread 0x00000173ae2d2080 DEOPT UNPACKING pc=0x000001739bc37402 sp=0x00000068266f6d50 mode 2
Event: 19.584 Thread 0x00000173ae2d2080 Uncommon trap: trap_request=0xffffffde fr.pc=0x000001739c4ae9b4 relative=0x0000000000000fb4
Event: 19.584 Thread 0x00000173ae2d2080 Uncommon trap: reason=class_check action=maybe_recompile pc=0x000001739c4ae9b4 method=java.util.zip.InflaterInputStream.read([BII)I @ 78 c2
Event: 19.584 Thread 0x00000173ae2d2080 DEOPT PACKING pc=0x000001739c4ae9b4 sp=0x00000068266f6d40
Event: 19.584 Thread 0x00000173ae2d2080 DEOPT UNPACKING pc=0x000001739bc37402 sp=0x00000068266f6d50 mode 2
Event: 19.584 Thread 0x00000173ae2d2080 Uncommon trap: trap_request=0xffffff45 fr.pc=0x000001739c745670 relative=0x0000000000000070
Event: 19.584 Thread 0x00000173ae2d2080 Uncommon trap: reason=unstable_if action=reinterpret pc=0x000001739c745670 method=java.util.Optional.flatMap(Ljava/util/function/Function;)Ljava/util/Optional; @ 9 c2
Event: 19.584 Thread 0x00000173ae2d2080 DEOPT PACKING pc=0x000001739c745670 sp=0x00000068266f7350
Event: 19.584 Thread 0x00000173ae2d2080 DEOPT UNPACKING pc=0x000001739bc37402 sp=0x00000068266f72e8 mode 2
Event: 19.588 Thread 0x00000173ae2d2080 DEOPT PACKING pc=0x000001739c745378 sp=0x00000068266f7790
Event: 19.588 Thread 0x00000173ae2d2080 DEOPT UNPACKING pc=0x000001739bb612a2 sp=0x00000068266f6c10 mode 0
Event: 19.588 Thread 0x00000173ae2d2080 Uncommon trap: trap_request=0xffffff45 fr.pc=0x000001739c1b5e20 relative=0x0000000000000320
Event: 19.588 Thread 0x00000173ae2d2080 Uncommon trap: reason=unstable_if action=reinterpret pc=0x000001739c1b5e20 method=java.util.zip.Inflater.inflate([BII)I @ 31 c2
Event: 19.588 Thread 0x00000173ae2d2080 DEOPT PACKING pc=0x000001739c1b5e20 sp=0x00000068266f6f20
Event: 19.588 Thread 0x00000173ae2d2080 DEOPT UNPACKING pc=0x000001739bc37402 sp=0x00000068266f6eb0 mode 2

Classes loaded (20 events):
Event: 17.662 Loading class sun/security/ssl/PreSharedKeyExtension$SHPreSharedKeySpec
Event: 17.662 Loading class sun/security/ssl/PreSharedKeyExtension$SHPreSharedKeySpec done
Event: 18.353 Loading class com/sun/org/apache/xerces/internal/dom/DeferredCommentImpl
Event: 18.353 Loading class com/sun/org/apache/xerces/internal/dom/CommentImpl
Event: 18.353 Loading class com/sun/org/apache/xerces/internal/dom/CommentImpl done
Event: 18.353 Loading class com/sun/org/apache/xerces/internal/dom/DeferredCommentImpl done
Event: 18.932 Loading class java/util/TreeMap$EntrySpliterator
Event: 18.932 Loading class java/util/TreeMap$TreeMapSpliterator
Event: 18.933 Loading class java/util/TreeMap$TreeMapSpliterator done
Event: 18.933 Loading class java/util/TreeMap$EntrySpliterator done
Event: 18.975 Loading class java/util/Collections$UnmodifiableSortedMap
Event: 18.975 Loading class java/util/Collections$UnmodifiableSortedMap done
Event: 18.976 Loading class java/util/zip/Deflater
Event: 18.976 Loading class java/util/zip/Deflater done
Event: 18.977 Loading class java/util/zip/Deflater$DeflaterZStreamRef
Event: 18.977 Loading class java/util/zip/Deflater$DeflaterZStreamRef done
Event: 19.107 Loading class java/util/stream/SortedOps$RefSortingSink
Event: 19.107 Loading class java/util/stream/SortedOps$RefSortingSink done
Event: 19.578 Loading class java/io/PushbackInputStream
Event: 19.578 Loading class java/io/PushbackInputStream done

Classes unloaded (0 events):
No events

Classes redefined (0 events):
No events

Internal exceptions (20 events):
Event: 18.957 Thread 0x00000173ae2d2080 Exception <a 'sun/nio/fs/WindowsException'{0x000000009a49f7d0}> (0x000000009a49f7d0) 
thrown [s\src\hotspot\share\prims\jni.cpp, line 535]
Event: 18.957 Thread 0x00000173ae2d2080 Exception <a 'sun/nio/fs/WindowsException'{0x000000009a4a16e0}> (0x000000009a4a16e0) 
thrown [s\src\hotspot\share\prims\jni.cpp, line 535]
Event: 18.957 Thread 0x00000173ae2d2080 Exception <a 'sun/nio/fs/WindowsException'{0x000000009a4a5bd0}> (0x000000009a4a5bd0) 
thrown [s\src\hotspot\share\prims\jni.cpp, line 535]
Event: 18.957 Thread 0x00000173ae2d2080 Exception <a 'sun/nio/fs/WindowsException'{0x000000009a4a7cd8}> (0x000000009a4a7cd8) 
thrown [s\src\hotspot\share\prims\jni.cpp, line 535]
Event: 18.958 Thread 0x00000173ae2d2080 Exception <a 'sun/nio/fs/WindowsException'{0x000000009a4acac8}> (0x000000009a4acac8) 
thrown [s\src\hotspot\share\prims\jni.cpp, line 535]
Event: 18.958 Thread 0x00000173ae2d2080 Exception <a 'sun/nio/fs/WindowsException'{0x000000009a4aeec0}> (0x000000009a4aeec0) 
thrown [s\src\hotspot\share\prims\jni.cpp, line 535]
Event: 18.962 Thread 0x00000173ae2d2080 Exception <a 'sun/nio/fs/WindowsException'{0x000000009a4e4ba0}> (0x000000009a4e4ba0) 
thrown [s\src\hotspot\share\prims\jni.cpp, line 535]
Event: 18.962 Thread 0x00000173ae2d2080 Exception <a 'sun/nio/fs/WindowsException'{0x000000009a4e7280}> (0x000000009a4e7280) 
thrown [s\src\hotspot\share\prims\jni.cpp, line 535]
Event: 18.965 Thread 0x00000173ae2d2080 Exception <a 'sun/nio/fs/WindowsException'{0x000000009a314590}> (0x000000009a314590) 
thrown [s\src\hotspot\share\prims\jni.cpp, line 535]
Event: 19.085 Thread 0x00000173ae2d2080 Exception <a 'sun/nio/fs/WindowsException'{0x000000009968f470}> (0x000000009968f470) 
thrown [s\src\hotspot\share\prims\jni.cpp, line 535]
Event: 19.088 Thread 0x00000173ae2d2080 Exception <a 'sun/nio/fs/WindowsException'{0x000000009969a668}> (0x000000009969a668) 
thrown [s\src\hotspot\share\prims\jni.cpp, line 535]
Event: 19.089 Thread 0x00000173ae2d2080 Exception <a 'sun/nio/fs/WindowsException'{0x000000009969f428}> (0x000000009969f428) 
thrown [s\src\hotspot\share\prims\jni.cpp, line 535]
Event: 19.089 Thread 0x00000173ae2d2080 Exception <a 'sun/nio/fs/WindowsException'{0x00000000996a6950}> (0x00000000996a6950) 
thrown [s\src\hotspot\share\prims\jni.cpp, line 535]
Event: 19.091 Thread 0x00000173ae2d2080 Exception <a 'sun/nio/fs/WindowsException'{0x00000000996b09f8}> (0x00000000996b09f8) 
thrown [s\src\hotspot\share\prims\jni.cpp, line 535]
Event: 19.091 Thread 0x00000173ae2d2080 Exception <a 'sun/nio/fs/WindowsException'{0x00000000996b2908}> (0x00000000996b2908) 
thrown [s\src\hotspot\share\prims\jni.cpp, line 535]
Event: 19.091 Thread 0x00000173ae2d2080 Exception <a 'sun/nio/fs/WindowsException'{0x00000000996b6df8}> (0x00000000996b6df8) 
thrown [s\src\hotspot\share\prims\jni.cpp, line 535]
Event: 19.091 Thread 0x00000173ae2d2080 Exception <a 'sun/nio/fs/WindowsException'{0x00000000996b8f00}> (0x00000000996b8f00) 
thrown [s\src\hotspot\share\prims\jni.cpp, line 535]
Event: 19.092 Thread 0x00000173ae2d2080 Exception <a 'sun/nio/fs/WindowsException'{0x00000000996bdd00}> (0x00000000996bdd00) 
thrown [s\src\hotspot\share\prims\jni.cpp, line 535]
Event: 19.092 Thread 0x00000173ae2d2080 Exception <a 'sun/nio/fs/WindowsException'{0x00000000996c00f8}> (0x00000000996c00f8) 
thrown [s\src\hotspot\share\prims\jni.cpp, line 535]
Event: 19.098 Thread 0x00000173ae2d2080 Exception <a 'sun/nio/fs/WindowsException'{0x00000000996d9968}> (0x00000000996d9968) 
thrown [s\src\hotspot\share\prims\jni.cpp, line 535]

VM Operations (20 events):
Event: 14.218 Executing non-safepoint VM operation: HandshakeAllThreads (Deoptimize)
Event: 14.218 Executing non-safepoint VM operation: HandshakeAllThreads (Deoptimize) done
Event: 17.136 Executing non-safepoint VM operation: HandshakeAllThreads (Deoptimize)
Event: 17.136 Executing non-safepoint VM operation: HandshakeAllThreads (Deoptimize) done
Event: 17.178 Executing non-safepoint VM operation: HandshakeAllThreads (Deoptimize)
Event: 17.178 Executing non-safepoint VM operation: HandshakeAllThreads (Deoptimize) done
Event: 17.188 Executing safepoint VM operation: G1CollectForAllocation (G1 Evacuation Pause)
Event: 17.209 Executing safepoint VM operation: G1CollectForAllocation (G1 Evacuation Pause) done
Event: 17.212 Executing non-safepoint VM operation: HandshakeAllThreads (Deoptimize)
Event: 17.212 Executing non-safepoint VM operation: HandshakeAllThreads (Deoptimize) done
Event: 18.986 Executing non-safepoint VM operation: HandshakeAllThreads (Deoptimize)
Event: 18.986 Executing non-safepoint VM operation: HandshakeAllThreads (Deoptimize) done
Event: 19.105 Executing non-safepoint VM operation: HandshakeAllThreads (Deoptimize)
Event: 19.105 Executing non-safepoint VM operation: HandshakeAllThreads (Deoptimize) done
Event: 19.581 Executing non-safepoint VM operation: HandshakeAllThreads (Deoptimize)
Event: 19.581 Executing non-safepoint VM operation: HandshakeAllThreads (Deoptimize) done
Event: 19.583 Executing non-safepoint VM operation: HandshakeAllThreads (Deoptimize)
Event: 19.583 Executing non-safepoint VM operation: HandshakeAllThreads (Deoptimize) done
Event: 19.586 Executing non-safepoint VM operation: HandshakeAllThreads (Deoptimize)
Event: 19.586 Executing non-safepoint VM operation: HandshakeAllThreads (Deoptimize) done

Memory protections (0 events):
No events

Nmethod flushes (20 events):
Event: 11.733 Thread 0x00000173a8cb40c0 flushing  nmethod 0x0000017394c5fd08
Event: 11.733 Thread 0x00000173a8cb40c0 flushing  nmethod 0x0000017394d76788
Event: 11.733 Thread 0x00000173a8cb40c0 flushing  nmethod 0x0000017394d76a88
Event: 11.733 Thread 0x00000173a8cb40c0 flushing  nmethod 0x0000017394d77d88
Event: 11.733 Thread 0x00000173a8cb40c0 flushing  nmethod 0x0000017394e2a488
Event: 11.733 Thread 0x00000173a8cb40c0 flushing  nmethod 0x0000017394f26988
Event: 11.733 Thread 0x00000173a8cb40c0 flushing  nmethod 0x0000017394f2c988
Event: 11.733 Thread 0x00000173a8cb40c0 flushing  nmethod 0x00000173946e1708
Event: 11.733 Thread 0x00000173a8cb40c0 flushing  nmethod 0x00000173949cc788
Event: 11.733 Thread 0x00000173a8cb40c0 flushing  nmethod 0x0000017394a0ef88
Event: 11.733 Thread 0x00000173a8cb40c0 flushing  nmethod 0x0000017394a0f308
Event: 11.733 Thread 0x00000173a8cb40c0 flushing  nmethod 0x0000017394a0f608
Event: 11.733 Thread 0x00000173a8cb40c0 flushing  nmethod 0x0000017394a6b108
Event: 11.733 Thread 0x00000173a8cb40c0 flushing  nmethod 0x0000017394c0f208
Event: 11.733 Thread 0x00000173a8cb40c0 flushing  nmethod 0x0000017394cb6488
Event: 11.733 Thread 0x00000173a8cb40c0 flushing  nmethod 0x0000017394d48488
Event: 11.733 Thread 0x00000173a8cb40c0 flushing  nmethod 0x0000017394fc7f08
Event: 11.733 Thread 0x00000173a8cb40c0 flushing  nmethod 0x0000017395002a08
Event: 11.733 Thread 0x00000173a8cb40c0 flushing  nmethod 0x000001739500b908
Event: 11.733 Thread 0x00000173a8cb40c0 flushing  nmethod 0x000001739500bf88

Events (20 events):
Event: 12.102 Thread 0x00000173b34ec210 Thread exited: 0x00000173b34ec210
Event: 12.107 Thread 0x00000173b34eea60 Thread exited: 0x00000173b34eea60
Event: 12.132 Thread 0x00000173ad006930 Thread added: 0x00000173b34ec210
Event: 12.145 Thread 0x00000173ad006930 Thread added: 0x00000173b34eea60
Event: 12.867 Thread 0x00000173b34eea60 Thread exited: 0x00000173b34eea60
Event: 12.987 Thread 0x00000173b34ec210 Thread exited: 0x00000173b34ec210
Event: 13.068 Thread 0x00000173ad006930 Thread added: 0x00000173b34eea60
Event: 13.795 Thread 0x00000173ad006930 Thread added: 0x00000173b34f4310
Event: 14.067 Thread 0x00000173b34f4310 Thread exited: 0x00000173b34f4310
Event: 14.068 Thread 0x00000173b34eea60 Thread exited: 0x00000173b34eea60
Event: 14.256 Thread 0x00000173ad006930 Thread added: 0x00000173b34f12b0
Event: 14.257 Thread 0x00000173ad006930 Thread added: 0x00000173b34f0aa0
Event: 14.580 Thread 0x00000173b34f0aa0 Thread exited: 0x00000173b34f0aa0
Event: 14.580 Thread 0x00000173b34f12b0 Thread exited: 0x00000173b34f12b0
Event: 16.814 Thread 0x00000173ad006930 Thread added: 0x00000173b34f2ae0
Event: 16.815 Thread 0x00000173ad006930 Thread added: 0x00000173b34f32f0
Event: 17.068 Thread 0x00000173b34f32f0 Thread exited: 0x00000173b34f32f0
Event: 17.068 Thread 0x00000173b34f2ae0 Thread exited: 0x00000173b34f2ae0
Event: 18.792 Thread 0x00000173ad006930 Thread added: 0x00000173b34f4310
Event: 19.033 Thread 0x00000173ad006930 Thread added: 0x00000173b3c66a60


Dynamic libraries:
0x00007ff7c5020000 - 0x00007ff7c502a000 	C:\Program Files\Android\Android Studio\jbr\bin\java.exe
0x00007ffa2a220000 - 0x00007ffa2a486000 	C:\WINDOWS\SYSTEM32\ntdll.dll
0x00007ffa29180000 - 0x00007ffa29249000 	C:\WINDOWS\System32\KERNEL32.DLL
0x00007ffa27910000 - 0x00007ffa27d0f000 	C:\WINDOWS\System32\KERNELBASE.dll
0x00007ffa275c0000 - 0x00007ffa2770c000 	C:\WINDOWS\System32\ucrtbase.dll
0x00007ff9fe850000 - 0x00007ff9fe866000 	C:\Program Files\Android\Android Studio\jbr\bin\jli.dll
0x00007ffa0d990000 - 0x00007ffa0d9ab000 	C:\Program Files\Android\Android Studio\jbr\bin\VCRUNTIME140.dll
0x00007ffa28d30000 - 0x00007ffa28ef6000 	C:\WINDOWS\System32\USER32.dll
0x00007ffa27e90000 - 0x00007ffa27eb7000 	C:\WINDOWS\System32\win32u.dll
0x00007ffa09620000 - 0x00007ffa098b1000 	C:\WINDOWS\WinSxS\amd64_microsoft.windows.common-controls_6595b64144ccf1df_6.0.26100.8972_none_3e0da176e32f9d4b\COMCTL32.dll
0x00007ffa2a090000 - 0x00007ffa2a0bb000 	C:\WINDOWS\System32\GDI32.dll
0x00007ffa28870000 - 0x00007ffa28919000 	C:\WINDOWS\System32\msvcrt.dll
0x00007ffa277e0000 - 0x00007ffa27909000 	C:\WINDOWS\System32\gdi32full.dll
0x00007ffa27de0000 - 0x00007ffa27e83000 	C:\WINDOWS\System32\msvcp_win.dll
0x00007ffa29250000 - 0x00007ffa29282000 	C:\WINDOWS\System32\IMM32.DLL
0x00007ffa0d980000 - 0x00007ffa0d98c000 	C:\Program Files\Android\Android Studio\jbr\bin\vcruntime140_1.dll
0x00007ff9cfde0000 - 0x00007ff9cfe6d000 	C:\Program Files\Android\Android Studio\jbr\bin\msvcp140.dll
0x00007ff96bcd0000 - 0x00007ff96cbaa000 	C:\Program Files\Android\Android Studio\jbr\bin\server\jvm.dll
0x00007ffa29490000 - 0x00007ffa2954c000 	C:\WINDOWS\System32\ADVAPI32.dll
0x00007ffa29570000 - 0x00007ffa29619000 	C:\WINDOWS\System32\sechost.dll
0x00007ffa29290000 - 0x00007ffa293a8000 	C:\WINDOWS\System32\RPCRT4.dll
0x00007ffa27f50000 - 0x00007ffa27fd2000 	C:\WINDOWS\System32\WS2_32.dll
0x00007ffa26c60000 - 0x00007ffa26cbe000 	C:\WINDOWS\SYSTEM32\POWRPROF.dll
0x00007ffa17dd0000 - 0x00007ffa17e06000 	C:\WINDOWS\SYSTEM32\WINMM.dll
0x00007ffa1ce70000 - 0x00007ffa1ce7b000 	C:\WINDOWS\SYSTEM32\VERSION.dll
0x00007ffa26c40000 - 0x00007ffa26c55000 	C:\WINDOWS\SYSTEM32\UMPDC.dll
0x00007ffa260e0000 - 0x00007ffa260fb000 	C:\WINDOWS\SYSTEM32\kernel.appcore.dll
0x00007ffa0d970000 - 0x00007ffa0d97a000 	C:\Program Files\Android\Android Studio\jbr\bin\jimage.dll
0x00007ffa249c0000 - 0x00007ffa24c02000 	C:\WINDOWS\SYSTEM32\DBGHELP.DLL
0x00007ffa296a0000 - 0x00007ffa29a25000 	C:\WINDOWS\System32\combase.dll
0x00007ffa293b0000 - 0x00007ffa29489000 	C:\WINDOWS\System32\OLEAUT32.dll
0x00007ff9fb3b0000 - 0x00007ff9fb3eb000 	C:\WINDOWS\SYSTEM32\dbgcore.DLL
0x00007ffa27720000 - 0x00007ffa277cc000 	C:\WINDOWS\System32\bcryptPrimitives.dll
0x00007ffa0dc70000 - 0x00007ffa0dc7e000 	C:\Program Files\Android\Android Studio\jbr\bin\instrument.dll
0x00007ffa0d950000 - 0x00007ffa0d96f000 	C:\Program Files\Android\Android Studio\jbr\bin\java.dll
0x00007ffa28b90000 - 0x00007ffa28d29000 	C:\WINDOWS\System32\ole32.dll
0x00007ffa280e0000 - 0x00007ffa28868000 	C:\WINDOWS\System32\SHELL32.dll
0x00007ff9fe830000 - 0x00007ff9fe847000 	C:\Program Files\Android\Android Studio\jbr\bin\zip.dll
0x00007ffa24ea0000 - 0x00007ffa2573b000 	C:\WINDOWS\SYSTEM32\windows.storage.dll
0x00007ffa29f80000 - 0x00007ffa2a079000 	C:\WINDOWS\System32\SHCORE.dll
0x00007ffa28070000 - 0x00007ffa280d6000 	C:\WINDOWS\System32\shlwapi.dll
0x00007ffa27350000 - 0x00007ffa27379000 	C:\WINDOWS\SYSTEM32\profapi.dll
0x00007ffa0d940000 - 0x00007ffa0d950000 	C:\Program Files\Android\Android Studio\jbr\bin\net.dll
0x00007ffa26670000 - 0x00007ffa266dc000 	C:\WINDOWS\system32\mswsock.dll
0x00007ff9faa60000 - 0x00007ff9faa76000 	C:\Program Files\Android\Android Studio\jbr\bin\nio.dll
0x00007ff9fb000000 - 0x00007ff9fb010000 	C:\Program Files\Android\Android Studio\jbr\bin\verify.dll
0x00007ffa0da50000 - 0x00007ffa0da77000 	C:\Users\sdenm\.gradle\native\660c5614fbf4a5f2a75b1949f50a0caf5cd603558e7d8a26e50b933a0cfb79d1\windows-amd64\native-platform.dll
0x00007ff9cedb0000 - 0x00007ff9cee27000 	C:\Users\sdenm\.gradle\native\0.2.8\x86_64-windows-gnu\gradle-fileevents.dll
0x00007ffa00290000 - 0x00007ffa00299000 	C:\Program Files\Android\Android Studio\jbr\bin\management.dll
0x00007ff9fe7f0000 - 0x00007ff9fe7fb000 	C:\Program Files\Android\Android Studio\jbr\bin\management_ext.dll
0x00007ffa28f40000 - 0x00007ffa28f48000 	C:\WINDOWS\System32\PSAPI.DLL
0x00007ffa25be0000 - 0x00007ffa25c13000 	C:\WINDOWS\SYSTEM32\IPHLPAPI.DLL
0x00007ffa29560000 - 0x00007ffa2956a000 	C:\WINDOWS\System32\NSI.dll
0x00007ffa004e0000 - 0x00007ffa004e9000 	C:\Program Files\Android\Android Studio\jbr\bin\extnet.dll
0x00007ffa26a90000 - 0x00007ffa26aab000 	C:\WINDOWS\SYSTEM32\CRYPTSP.dll
0x00007ffa26040000 - 0x00007ffa26079000 	C:\WINDOWS\system32\rsaenh.dll
0x00007ffa26720000 - 0x00007ffa26752000 	C:\WINDOWS\SYSTEM32\USERENV.dll
0x00007ffa27320000 - 0x00007ffa2734a000 	C:\WINDOWS\SYSTEM32\bcrypt.dll
0x00007ffa268d0000 - 0x00007ffa268dc000 	C:\WINDOWS\SYSTEM32\CRYPTBASE.dll
0x00007ff9f00a0000 - 0x00007ff9f00a8000 	C:\WINDOWS\system32\wshunix.dll
0x00007ffa25c20000 - 0x00007ffa25d78000 	C:\WINDOWS\SYSTEM32\DNSAPI.dll
0x00007ffa26470000 - 0x00007ffa2647d000 	C:\WINDOWS\SYSTEM32\DSPARSE.dll
0x00007ffa23d20000 - 0x00007ffa23d2b000 	C:\Windows\System32\rasadhlp.dll
0x00007ffa1e850000 - 0x00007ffa1e8d6000 	C:\WINDOWS\System32\fwpuclnt.dll

JVMTI agents:
C:\Users\sdenm\.gradle\wrapper\dists\gradle-9.5.0-bin\bvnork1r7n8i6kp5cnkibsc9q\gradle-9.5.0\lib\agents\gradle-instrumentation-agent-9.5.0.jar path:C:\Program Files\Android\Android Studio\jbr\bin\instrument.dll, loaded, initialized, instrumentlib options:none

dbghelp: loaded successfully - version: 4.0.5 - missing functions: none
symbol engine: initialized successfully - sym options: 0x614 - pdb path: .;C:\Program Files\Android\Android Studio\jbr\bin;C:\WINDOWS\SYSTEM32;C:\WINDOWS\WinSxS\amd64_microsoft.windows.common-controls_6595b64144ccf1df_6.0.26100.8972_none_3e0da176e32f9d4b;C:\Program Files\Android\Android Studio\jbr\bin\server;C:\Users\sdenm\.gradle\native\660c5614fbf4a5f2a75b1949f50a0caf5cd603558e7d8a26e50b933a0cfb79d1\windows-amd64;C:\Users\sdenm\.gradle\native\0.2.8\x86_64-windows-gnu

VM Arguments:
jvm_args: --add-opens=java.base/java.lang=ALL-UNNAMED --add-opens=java.base/java.lang.invoke=ALL-UNNAMED --add-opens=java.base/java.util=ALL-UNNAMED --add-opens=java.prefs/java.util.prefs=ALL-UNNAMED --add-exports=jdk.compiler/com.sun.tools.javac.api=ALL-UNNAMED --add-exports=jdk.compiler/com.sun.tools.javac.util=ALL-UNNAMED --add-opens=java.base/java.nio.charset=ALL-UNNAMED --add-opens=java.base/java.net=ALL-UNNAMED --add-opens=java.base/java.util.concurrent=ALL-UNNAMED --add-opens=java.base/java.util.concurrent.atomic=ALL-UNNAMED --add-opens=java.xml/javax.xml.namespace=ALL-UNNAMED --add-opens=java.base/java.time=ALL-UNNAMED --enable-native-access=ALL-UNNAMED -Xmx2048m -Dfile.encoding=UTF-8 -Duser.country=RU -Duser.language=ru -Duser.variant -javaagent:C:\Users\sdenm\.gradle\wrapper\dists\gradle-9.5.0-bin\bvnork1r7n8i6kp5cnkibsc9q\gradle-9.5.0\lib\agents\gradle-instrumentation-agent-9.5.0.jar 
java_command: org.gradle.launcher.daemon.bootstrap.GradleDaemon 9.5.0
java_class_path (initial): C:\Users\sdenm\.gradle\wrapper\dists\gradle-9.5.0-bin\bvnork1r7n8i6kp5cnkibsc9q\gradle-9.5.0\lib\gradle-daemon-main-9.5.0.jar
Launcher Type: SUN_STANDARD

[Global flags]
     intx CICompilerCount                          = 4                                         {product} {ergonomic}
     uint ConcGCThreads                            = 2                                         {product} {ergonomic}
     uint G1ConcRefinementThreads                  = 8                                         {product} {ergonomic}
   size_t G1HeapRegionSize                         = 1048576                                   {product} {ergonomic}
   size_t InitialHeapSize                          = 264241152                                 {product} {ergonomic}
   size_t MarkStackSize                            = 4194304                                   {product} {ergonomic}
   size_t MarkStackSizeMax                         = 536870912                                 {product} {ergonomic}
   size_t MaxHeapSize                              = 2147483648                                {product} {command line}
   size_t MaxNewSize                               = 1287651328                                {product} {ergonomic}
   size_t MinHeapDeltaBytes                        = 1048576                                   {product} {ergonomic}
   size_t MinHeapSize                              = 8388608                                   {product} {ergonomic}
    uintx NonNMethodCodeHeapSize                   = 5832704                                {pd product} {ergonomic}
    uintx NonProfiledCodeHeapSize                  = 122945536                              {pd product} {ergonomic}
    uintx ProfiledCodeHeapSize                     = 122880000                              {pd product} {ergonomic}
    uintx ReservedCodeCacheSize                    = 251658240                              {pd product} {ergonomic}
     bool SegmentedCodeCache                       = true                                      {product} {ergonomic}
   size_t SoftMaxHeapSize                          = 2147483648                             {manageable} {ergonomic}
     bool UseCompressedOops                        = true                           {product lp64_product} {ergonomic}
     bool UseG1GC                                  = true                                      {product} {ergonomic}
     bool UseLargePagesIndividualAllocation        = false                                  {pd product} {ergonomic}

Logging:
Log output configuration:
 #0: stdout all=warning uptime,level,tags foldmultilines=false
 #1: stderr all=off uptime,level,tags foldmultilines=false

Release file:
JAVA_VERSION="25.0.2" 
MODULES="java.base java.compiler java.datatransfer java.xml java.prefs java.desktop java.instrument java.logging java.management java.security.sasl java.naming java.rmi java.management.rmi java.net.http java.scripting java.security.jgss java.transaction.xa java.sql java.sql.rowset java.xml.crypto java.se java.smartcardio jdk.accessibility jdk.internal.jvmstat jdk.attach jdk.charsets jdk.internal.opt jdk.zipfs jdk.compiler jdk.crypto.cryptoki jdk.crypto.ec jdk.dynalink jdk.hotspot.agent jdk.httpserver jdk.internal.ed jdk.internal.le jdk.internal.md jdk.internal.vm.ci jdk.jartool jdk.javadoc jdk.jcmd jdk.jdeps jdk.jdwp.agent jdk.jdi jdk.jfr jdk.jlink jdk.localedata jdk.management jdk.management.agent jdk.management.jfr jdk.naming.dns jdk.naming.rmi jdk.net jdk.sctp jdk.security.auth jdk.security.jgss jdk.unsupported jdk.unsupported.desktop jdk.xml.dom" 
IMPLEMENTOR="JetBrains s.r.o." 
JAVA_RUNTIME_VERSION="25.0.2+-15348964-b329.117" 
LIBC="default" 
OS_ARCH="x86_64" 
OS_NAME="Windows" 
SOURCE=".:git:3cf398e84a39" 

Environment Variables:
PATH=C:\Program Files\Eclipse Adoptium\jdk-17.0.20.8-hotspot\bin;C:\Program Files\Eclipse Adoptium\jdk-25.0.4.7-hotspot\bin;c:\cursor\resources\app\bin;C:\Python313\Scripts\;C:\Python313\;C:\Program Files (x86)\Embarcadero\Studio\23.0\bin;C:\Users\Public\Documents\Embarcadero\Studio\23.0\Bpl;C:\Program Files (x86)\Embarcadero\Studio\23.0\bin64;C:\Users\Public\Documents\Embarcadero\Studio\23.0\Bpl\Win64;C:\Windows\system32;C:\Windows;C:\Windows\System32\Wbem;C:\Windows\System32\WindowsPowerShell\v1.0\;C:\Windows\System32\OpenSSH\;C:\Program Files\dotnet\;c:\Program Files (x86)\Microsoft SQL Server\100\Tools\Binn\;c:\Program Files (x86)\Microsoft SQL Server\100\DTS\Binn\;c:\Program Files (x86)\Microsoft SQL Server\100\Tools\Binn\VSShell\Common7\IDE\;C:\Program Files (x86)\NVIDIA Corporation\PhysX\Common;C:\Program Files\NVIDIA Corporation\NVIDIA app\NvDLISR;C:\WINDOWS\system32;C:\WINDOWS;C:\WINDOWS\System32\Wbem;C:\WINDOWS\System32\WindowsPowerShell\v1.0\;C:\WINDOWS\System32\OpenSSH\;C:\Program Files (x86)\Windows Kits\10\Windows Performance Toolkit\;C:\Program Files\nodejs\;C:\ProgramData\chocolatey\bin;C:\;C:\Program Files\Git\cmd;C:\Program Files (x86)\NoteBook FanControl\;C:\Users\sdenm\AppData\Local\Programs\Python\Python314\Scripts\;C:\Users\sdenm\AppData\Local\Programs\Python\Python314\;C:\Python\Scripts\;C:\Python\;C:\Users\sdenm\AppData\Local\Programs\Python\Python312\Scripts\;C:\Users\sdenm\AppData\Local\Programs\Python\Python312\;C:\Users\sdenm\AppData\Local\Microsoft\WindowsApps;C:\Users\sdenm\AppData\Local\Programs\Microsoft VS Code\bin;C:\Users\sdenm\AppData\Local\GitHubDesktop\bin;C:\Users\sdenm\AppData\Roaming\npm;C:\cursor\resources\app\bin;C:\Users\sdenm\.dotnet\tools
USERNAME=sdenm
OS=Windows_NT
PROCESSOR_IDENTIFIER=Intel64 Family 6 Model 140 Stepping 1, GenuineIntel
TMP=C:\Users\sdenm\AppData\Local\Temp
TEMP=C:\Users\sdenm\AppData\Local\Temp




Compilation memory statistics disabled.

Periodic native trim disabled

JNI global refs:
JNI global refs: 26, weak refs: 11

JNI global refs memory usage: 835, weak refs: 833

Process memory usage:
Resident Set Size: 766220K (4% of 16459644K total physical memory with 5102464K free physical memory)

OOME stack traces (most recent first):
Classloader memory used:
Loader org.gradle.internal.classloader.VisitableURLClassLoader                         : 100442 K
Loader bootstrap                                                                       : 30426 K
Loader org.gradle.initialization.MixInLegacyTypesClassLoader                           : 8466 K
Loader org.gradle.internal.classloader.VisitableURLClassLoader                         : 783 K
Loader org.gradle.internal.classloader.VisitableURLClassLoader$InstrumentingVisitableURLClassLoader: 620 K
Loader jdk.internal.jrtfs.JrtFileSystemProvider$JrtFsLoader                            : 320 K
Loader jdk.internal.loader.ClassLoaders$PlatformClassLoader                            : 204 K
Loader jdk.internal.loader.ClassLoaders$AppClassLoader                                 : 185 K
Loader org.gradle.groovy.scripts.internal.DefaultScriptCompilationHandler$ScriptClassLoader: 89920 B

Classes loaded by more than one classloader:
Class org.gradle.internal.IoActions                                                   : loaded 3 times (x 73B)
Class org.gradle.api.Action                                                           : loaded 3 times (x 72B)
Class org.gradle.api.GradleException                                                  : loaded 3 times (x 84B)
Class org.gradle.internal.classloader.ClassLoaderHierarchy                            : loaded 2 times (x 72B)
Class jdk.internal.jimage.decompressor.StringSharingDecompressorFactory               : loaded 2 times (x 76B)
Class com.google.common.collect.UnmodifiableListIterator                              : loaded 2 times (x 97B)
Class org.gradle.internal.operations.MultipleBuildOperationFailures                   : loaded 2 times (x 97B)
Class org.gradle.internal.classloader.DefaultClassLoaderFactory                       : loaded 2 times (x 84B)
Class kotlin.collections.AbstractList$Companion                                       : loaded 2 times (x 73B)
Class org.gradle.api.internal.DefaultClassPathProvider                                : loaded 2 times (x 78B)
Class [Lorg.gradle.api.internal.ClassPathProvider;                                    : loaded 2 times (x 71B)
Class org.gradle.api.internal.ClassPathProvider                                       : loaded 2 times (x 72B)
Class org.gradle.internal.service.UnknownServiceException                             : loaded 2 times (x 85B)
Class ijInit1_e44lle423e2omyh79xcqyj93a$_run_closure1                                 : loaded 2 times (x 141B)
Class org.gradle.internal.classpath.TransformedClassPath                              : loaded 2 times (x 98B)
Class org.gradle.internal.classloader.InstrumentingClassLoader                        : loaded 2 times (x 72B)
Class com.google.common.collect.Iterators$ArrayItr                                    : loaded 2 times (x 99B)
Class kotlin.enums.EnumEntriesList                                                    : loaded 2 times (x 225B)
Class com.google.common.collect.UnmodifiableIterator                                  : loaded 2 times (x 82B)
Class org.gradle.internal.service.ServiceLocator                                      : loaded 2 times (x 72B)
Class jdk.internal.jrtfs.JrtFileSystemProvider                                        : loaded 2 times (x 103B)
Class com.google.common.collect.Iterators$SingletonIterator                           : loaded 2 times (x 83B)
Class com.google.common.collect.Iterators                                             : loaded 2 times (x 73B)
Class jdk.internal.jimage.ImageLocation                                               : loaded 2 times (x 92B)
Class com.google.common.collect.Lists$StringAsImmutableList                           : loaded 2 times (x 209B)
Class jdk.internal.jimage.ImageBufferCache$1                                          : loaded 2 times (x 84B)
Class org.gradle.internal.time.DefaultTimer                                           : loaded 2 times (x 82B)
Class jdk.internal.jimage.ImageBufferCache$2                                          : loaded 2 times (x 93B)
Class org.gradle.api.internal.classpath.DefaultModuleRegistry$DefaultModule           : loaded 2 times (x 84B)
Class com.google.common.collect.AbstractIterator                                      : loaded 2 times (x 84B)
Class com.google.common.collect.AbstractIndexedListIterator                           : loaded 2 times (x 98B)
Class org.gradle.internal.time.DefaultCountdownTimer                                  : loaded 2 times (x 90B)
Class org.gradle.api.internal.classpath.Module                                        : loaded 2 times (x 72B)
Class org.gradle.api.internal.classpath.UnknownModuleException                        : loaded 2 times (x 84B)
Class jdk.internal.jimage.ImageHeader                                                 : loaded 2 times (x 73B)
Class org.gradle.api.internal.DefaultClassPathRegistry                                : loaded 2 times (x 78B)
Class sync_studio_tooling1_bqvhupbocm3hlg81ppdm840lv                                  : loaded 2 times (x 173B)
Class org.gradle.internal.classpath.DefaultClassPath$ImmutableUniqueList              : loaded 2 times (x 201B)
Class org.gradle.api.internal.ClassPathRegistry                                       : loaded 2 times (x 72B)
Class jdk.internal.jimage.decompressor.ResourceDecompressor                           : loaded 2 times (x 72B)
Class org.gradle.internal.classpath.ClassPath                                         : loaded 2 times (x 72B)
Class org.gradle.api.internal.classpath.DefaultModuleRegistry$DefaultModuleAlias      : loaded 2 times (x 82B)
Class jdk.internal.jimage.ImageStringsReader                                          : loaded 2 times (x 82B)
Class com.google.common.collect.Iterators$1                                           : loaded 2 times (x 83B)
Class org.gradle.tooling.model.Model                                                  : loaded 2 times (x 72B)
Class kotlin.UninitializedPropertyAccessException                                     : loaded 2 times (x 84B)
Class jdk.internal.jimage.ImageReader                                                 : loaded 2 times (x 77B)
Class jdk.internal.jimage.ImageReader$SharedImageReader                               : loaded 2 times (x 97B)
Class com.google.common.collect.Iterators$4                                           : loaded 2 times (x 84B)
Class jdk.internal.jimage.BasicImageReader                                            : loaded 2 times (x 97B)
Class org.gradle.internal.installation.GradleInstallation$1                           : loaded 2 times (x 77B)
Class jdk.internal.jimage.decompressor.ResourceDecompressorFactory                    : loaded 2 times (x 76B)
Class com.google.common.collect.Iterators$5                                           : loaded 2 times (x 84B)
Class jdk.internal.jimage.ImageReader$Node                                            : loaded 2 times (x 86B)
Class com.google.common.collect.ImmutableCollection                                   : loaded 2 times (x 127B)
Class org.gradle.tooling.model.idea.BasicIdeaProject                                  : loaded 2 times (x 72B)
Class org.gradle.api.internal.classpath.DefaultModuleRegistry                         : loaded 2 times (x 86B)
Class jdk.internal.jimage.BasicImageReader$1                                          : loaded 2 times (x 79B)
Class com.google.common.collect.Lists                                                 : loaded 2 times (x 73B)
Class com.google.common.collect.Iterators$9                                           : loaded 2 times (x 83B)
Class org.gradle.tooling.model.GradleProject                                          : loaded 2 times (x 72B)
Class jdk.internal.jimage.decompressor.Decompressor                                   : loaded 2 times (x 74B)
Class org.gradle.internal.time.MonotonicClock                                         : loaded 2 times (x 79B)
Class org.gradle.internal.service.ServiceLookupException                              : loaded 2 times (x 84B)
Class org.gradle.internal.classloader.ClassLoaderFactory                              : loaded 2 times (x 72B)
Class sync_studio_tooling1_bqvhupbocm3hlg81ppdm840lv$_run_closure1                    : loaded 2 times (x 140B)
Class org.gradle.internal.service.CachingServiceLocator                               : loaded 2 times (x 84B)
Class org.gradle.internal.time.TimeSource                                             : loaded 2 times (x 72B)
Class kotlin.enums.EnumEntries                                                        : loaded 2 times (x 72B)
Class org.gradle.internal.exceptions.ResolutionProvider                               : loaded 2 times (x 72B)
Class jdk.internal.jimage.ImageBufferCache                                            : loaded 2 times (x 73B)
Class jdk.internal.jrtfs.JrtPath                                                      : loaded 2 times (x 124B)
Class org.gradle.internal.classloader.ClasspathUtil                                   : loaded 2 times (x 73B)
Class org.gradle.internal.time.TimeSource$1                                           : loaded 2 times (x 79B)
Class kotlin.jvm.internal.DefaultConstructorMarker                                    : loaded 2 times (x 73B)
Class org.gradle.api.specs.Spec                                                       : loaded 2 times (x 72B)
Class jdk.internal.jimage.decompressor.ResourceDecompressorRepository                 : loaded 2 times (x 73B)
Class org.gradle.internal.time.Clock                                                  : loaded 2 times (x 72B)
Class org.gradle.tooling.model.BuildModel                                             : loaded 2 times (x 72B)
Class jdk.internal.jimage.ImageReader$Directory                                       : loaded 2 times (x 86B)
Class ijInit1_e44lle423e2omyh79xcqyj93a                                               : loaded 2 times (x 173B)
Class org.gradle.tooling.model.Element                                                : loaded 2 times (x 72B)
Class kotlin.collections.AbstractList                                                 : loaded 2 times (x 199B)
Class kotlin.collections.AbstractCollection                                           : loaded 2 times (x 119B)
Class org.gradle.internal.classloader.VisitableURLClassLoader$InstrumentingVisitableURLClassLoader: loaded 2 times (x 124B)
Class org.gradle.internal.classloader.VisitableURLClassLoader$Spec                    : loaded 2 times (x 76B)
Class org.gradle.internal.classpath.DefaultClassPath                                  : loaded 2 times (x 92B)
Class jdk.internal.jimage.decompressor.ZipDecompressorFactory                         : loaded 2 times (x 76B)
Class org.gradle.util.internal.DefaultGradleVersion                                   : loaded 2 times (x 84B)
Class org.gradle.internal.classloader.ClassLoaderSpec                                 : loaded 2 times (x 73B)
Class org.gradle.api.internal.classpath.Module$ModuleAlias                            : loaded 2 times (x 72B)
Class org.gradle.internal.classloader.VisitableURLClassLoader                         : loaded 2 times (x 118B)
Class org.gradle.internal.classloader.FilteringClassLoader                            : loaded 2 times (x 106B)
Class org.gradle.tooling.model.eclipse.EclipseProject                                 : loaded 2 times (x 72B)
Class org.gradle.internal.Cast                                                        : loaded 2 times (x 73B)
Class jdk.internal.jimage.decompressor.ZipDecompressor                                : loaded 2 times (x 77B)
Class org.gradle.internal.classpath.DefaultClassPath$ImmutableUniqueList$Builder      : loaded 2 times (x 77B)
Class org.gradle.api.internal.classpath.ModuleRegistry                                : loaded 2 times (x 72B)
Class org.gradle.internal.exceptions.NonGradleCauseExceptionsHolder                   : loaded 2 times (x 72B)
Class jdk.internal.jimage.ImageStrings                                                : loaded 2 times (x 72B)
Class org.gradle.tooling.model.eclipse.HierarchicalEclipseProject                     : loaded 2 times (x 72B)
Class kotlin.NotImplementedError                                                      : loaded 2 times (x 84B)
Class kotlin.enums.EnumEntriesKt                                                      : loaded 2 times (x 73B)
Class org.gradle.internal.exceptions.MultiCauseException                              : loaded 2 times (x 72B)
Class org.gradle.internal.time.CountdownTimer                                         : loaded 2 times (x 72B)
Class kotlin.jvm.internal.Intrinsics                                                  : loaded 2 times (x 73B)
Class jdk.internal.jrtfs.JrtFileSystem                                                : loaded 2 times (x 104B)
Class org.gradle.tooling.model.ProjectModel                                           : loaded 2 times (x 72B)
Class org.gradle.tooling.model.gradle.GradleBuild                                     : loaded 2 times (x 72B)
Class jdk.internal.jimage.decompressor.CompressedResourceHeader                       : loaded 2 times (x 73B)
Class kotlin.KotlinNullPointerException                                               : loaded 2 times (x 84B)
Class org.gradle.internal.exceptions.DefaultMultiCauseException                       : loaded 2 times (x 97B)
Class com.google.common.base.Preconditions                                            : loaded 2 times (x 73B)
Class org.gradle.tooling.model.HierarchicalElement                                    : loaded 2 times (x 72B)
Class com.google.common.collect.PeekingIterator                                       : loaded 2 times (x 72B)
Class org.gradle.internal.time.Time                                                   : loaded 2 times (x 73B)
Class kotlin.NoWhenBranchMatchedException                                             : loaded 2 times (x 84B)
Class org.gradle.tooling.model.BuildableElement                                       : loaded 2 times (x 72B)
Class org.gradle.tooling.model.HasGradleProject                                       : loaded 2 times (x 72B)
Class org.gradle.internal.time.Timer                                                  : loaded 2 times (x 72B)
Class kotlin.jvm.internal.markers.KMappedMarker                                       : loaded 2 times (x 72B)
Class org.gradle.internal.installation.CurrentGradleInstallationLocator               : loaded 2 times (x 73B)
Class com.google.common.collect.ImmutableList                                         : loaded 2 times (x 208B)
Class org.gradle.tooling.model.idea.IdeaProject                                       : loaded 2 times (x 72B)
Class org.gradle.internal.service.DefaultServiceLocator                               : loaded 2 times (x 85B)
Class org.gradle.util.GradleVersion                                                   : loaded 2 times (x 83B)
Class org.gradle.internal.installation.CurrentGradleInstallation                      : loaded 2 times (x 75B)
Class org.gradle.tooling.model.gradle.ProjectPublications                             : loaded 2 times (x 72B)
Class org.gradle.util.internal.GUtil                                                  : loaded 2 times (x 73B)
Class com.google.common.collect.Iterators$MergingIterator                             : loaded 2 times (x 83B)
Class org.gradle.internal.installation.GradleInstallation                             : loaded 2 times (x 77B)
Class jdk.internal.jimage.decompressor.ResourceDecompressor$StringsProvider           : loaded 2 times (x 72B)

---------------  S Y S T E M  ---------------

OS:
 Windows 11 , 64 bit Build 26100 (10.0.26100.8972)
OS uptime: 0 days 1:14 hours
Hyper-V role detected

CPU: total 8 (initial active 8) (4 cores per cpu, 2 threads per core) family 6 model 140 stepping 1 microcode 0x86, cx8, cmov, fxsr, ht, mmx, 3dnowpref, sse, sse2, sse3, ssse3, sse4.1, sse4.2, popcnt, lzcnt, tsc, tscinvbit, avx, avx2, aes, erms, clmul, bmi1, bmi2, adx, avx512f, avx512dq, avx512cd, avx512bw, avx512vl, sha, fma, vzeroupper, avx512_vpopcntdq, avx512_vpclmulqdq, avx512_vaes, avx512_vnni, clflush, clflushopt, clwb, avx512_vbmi2, avx512_vbmi, hv, rdtscp, rdpid, fsrm, gfni, avx512_bitalg, f16c, cet_ibt, cet_ss, avx512_ifma
Processor Information for the first 8 processors :
  Max Mhz: 3110, Current Mhz: 3110, Mhz Limit: 3110

Memory: 4k page, system-wide physical 16073M (4983M free)
TotalPageFile size 16073M (AvailPageFile size 37M)
current process WorkingSet (physical memory assigned to process): 747M, peak: 752M
current process commit charge ("private bytes"): 778M, peak: 794M

vm_info: OpenJDK 64-Bit Server VM (25.0.2+-15348964-b329.117) for windows-amd64 JRE (25.0.2+-15348964-b329.117), built on 2026-05-05T18:25:19Z with MS VC++ 16.10 / 16.11 (VS2019)

END.
